"scenario","replicate","n_sightings","last_sighting","method","prior","alpha","threshold","estimated_year","date_error","absolute_date_error","no_threshold_crossing","final_probability"
"constant observation effort",1,4,1994,"Solow","uniform",1,0.3,2009,4,4,FALSE,0.118466497738601
"constant observation effort",1,4,1994,"Solow","earlier_beta_1_2",1,0.3,2011,6,6,FALSE,0.114690147042993
"constant observation effort",1,4,1994,"Solow","later_beta_2_1",1,0.3,2006,1,1,FALSE,0.122499999934668
"constant observation effort",1,4,1994,"Solow","uniform",1,0.4,2005,0,0,FALSE,0.118466497738601
"constant observation effort",1,4,1994,"Solow","earlier_beta_1_2",1,0.4,2008,3,3,FALSE,0.114690147042993
"constant observation effort",1,4,1994,"Solow","later_beta_2_1",1,0.4,2003,-2,2,FALSE,0.122499999934668
"constant observation effort",1,4,1994,"Solow","uniform",1,0.5,2003,-2,2,FALSE,0.118466497738601
"constant observation effort",1,4,1994,"Solow","earlier_beta_1_2",1,0.5,2006,1,1,FALSE,0.114690147042993
"constant observation effort",1,4,1994,"Solow","later_beta_2_1",1,0.5,2000,-5,5,FALSE,0.122499999934668
"constant observation effort",1,4,1994,"Solow","uniform",1,0.6,2001,-4,4,FALSE,0.118466497738601
"constant observation effort",1,4,1994,"Solow","earlier_beta_1_2",1,0.6,2004,-1,1,FALSE,0.114690147042993
"constant observation effort",1,4,1994,"Solow","later_beta_2_1",1,0.6,1999,-6,6,FALSE,0.122499999934668
"constant observation effort",1,4,1994,"Effort_fixed_alpha","uniform",0.6,0.5,NA,NA,NA,TRUE,NA
"constant observation effort",1,4,1994,"Effort_fixed_alpha","uniform",0.8,0.5,NA,NA,NA,TRUE,NA
"constant observation effort",1,4,1994,"Effort_fixed_alpha","uniform",1,0.5,NA,NA,NA,TRUE,NA
"constant observation effort",1,4,1994,"Effort_fixed_alpha","uniform",1.2,0.5,NA,NA,NA,TRUE,NA
"constant observation effort",1,4,1994,"Effort_fixed_alpha","uniform",1.5,0.5,NA,NA,NA,TRUE,NA
"constant observation effort",1,4,1994,"Effort_fixed_alpha","uniform",1.8,0.5,NA,NA,NA,TRUE,NA
"constant observation effort",1,4,1994,"Solow_te_median","uniform",1,-1,1997,-8,8,FALSE,-1
"constant observation effort",1,4,1994,"Solow_te_median","earlier_beta_1_2",1,-1,1997,-8,8,FALSE,-1
"constant observation effort",1,4,1994,"Solow_te_median","later_beta_2_1",1,-1,1999,-6,6,FALSE,-1
"constant observation effort",1,4,1994,"Effort_te_median","uniform",0.6,-1,NA,NA,NA,TRUE,-1
"constant observation effort",1,4,1994,"Effort_te_median","uniform",1,-1,NA,NA,NA,TRUE,-1
"constant observation effort",1,4,1994,"Effort_te_median","uniform",1.5,-1,NA,NA,NA,TRUE,-1
"constant observation effort",1,4,1994,"Effort_te_median","uniform",1.8,-1,NA,NA,NA,TRUE,-1
"constant observation effort",2,2,1990,"Solow","uniform",1,0.3,2014,9,9,FALSE,0.249999999591077
"constant observation effort",2,2,1990,"Solow","earlier_beta_1_2",1,0.3,2014,9,9,FALSE,0.236551386290895
"constant observation effort",2,2,1990,"Solow","later_beta_2_1",1,0.3,2013,8,8,FALSE,0.26506997507581
"constant observation effort",2,2,1990,"Solow","uniform",1,0.4,2005,0,0,FALSE,0.249999999591077
"constant observation effort",2,2,1990,"Solow","earlier_beta_1_2",1,0.4,2008,3,3,FALSE,0.236551386290895
"constant observation effort",2,2,1990,"Solow","later_beta_2_1",1,0.4,2002,-3,3,FALSE,0.26506997507581
"constant observation effort",2,2,1990,"Solow","uniform",1,0.5,2001,-4,4,FALSE,0.249999999591077
"constant observation effort",2,2,1990,"Solow","earlier_beta_1_2",1,0.5,2004,-1,1,FALSE,0.236551386290895
"constant observation effort",2,2,1990,"Solow","later_beta_2_1",1,0.5,1997,-8,8,FALSE,0.26506997507581
"constant observation effort",2,2,1990,"Solow","uniform",1,0.6,1997,-8,8,FALSE,0.249999999591077
"constant observation effort",2,2,1990,"Solow","earlier_beta_1_2",1,0.6,2001,-4,4,FALSE,0.236551386290895
"constant observation effort",2,2,1990,"Solow","later_beta_2_1",1,0.6,1994,-11,11,FALSE,0.26506997507581
"constant observation effort",2,2,1990,"Effort_fixed_alpha","uniform",0.6,0.5,2005,0,0,FALSE,0.384979700698785
"constant observation effort",2,2,1990,"Effort_fixed_alpha","uniform",0.8,0.5,2002,-3,3,FALSE,0.316222747114321
"constant observation effort",2,2,1990,"Effort_fixed_alpha","uniform",1,0.5,2000,-5,5,FALSE,0.25
"constant observation effort",2,2,1990,"Effort_fixed_alpha","uniform",1.2,0.5,1999,-6,6,FALSE,0.190103626001156
"constant observation effort",2,2,1990,"Effort_fixed_alpha","uniform",1.5,0.5,1998,-7,7,FALSE,0.117647058823529
"constant observation effort",2,2,1990,"Effort_fixed_alpha","uniform",1.8,0.5,1997,-8,8,FALSE,0.0677818565957738
"constant observation effort",2,2,1990,"Solow_te_median","uniform",1,-1,1996,-9,9,FALSE,-1
"constant observation effort",2,2,1990,"Solow_te_median","earlier_beta_1_2",1,-1,1994,-11,11,FALSE,-1
"constant observation effort",2,2,1990,"Solow_te_median","later_beta_2_1",1,-1,2000,-5,5,FALSE,-1
"constant observation effort",2,2,1990,"Effort_te_median","uniform",0.6,-1,1999,-6,6,FALSE,-1
"constant observation effort",2,2,1990,"Effort_te_median","uniform",1,-1,1996,-9,9,FALSE,-1
"constant observation effort",2,2,1990,"Effort_te_median","uniform",1.5,-1,1994,-11,11,FALSE,-1
"constant observation effort",2,2,1990,"Effort_te_median","uniform",1.8,-1,1993,-12,12,FALSE,-1
"constant observation effort",3,2,1995,"Solow","uniform",1,0.3,NA,NA,NA,TRUE,0.374999999608289
"constant observation effort",3,2,1995,"Solow","earlier_beta_1_2",1,0.3,NA,NA,NA,TRUE,0.421642962187201
"constant observation effort",3,2,1995,"Solow","later_beta_2_1",1,0.3,NA,NA,NA,TRUE,0.337648650734079
"constant observation effort",3,2,1995,"Solow","uniform",1,0.4,2018,13,13,FALSE,0.374999999608289
"constant observation effort",3,2,1995,"Solow","earlier_beta_1_2",1,0.4,NA,NA,NA,TRUE,0.421642962187201
"constant observation effort",3,2,1995,"Solow","later_beta_2_1",1,0.4,2012,7,7,FALSE,0.337648650734079
"constant observation effort",3,2,1995,"Solow","uniform",1,0.5,2011,6,6,FALSE,0.374999999608289
"constant observation effort",3,2,1995,"Solow","earlier_beta_1_2",1,0.5,2016,11,11,FALSE,0.421642962187201
"constant observation effort",3,2,1995,"Solow","later_beta_2_1",1,0.5,2005,0,0,FALSE,0.337648650734079
"constant observation effort",3,2,1995,"Solow","uniform",1,0.6,2005,0,0,FALSE,0.374999999608289
"constant observation effort",3,2,1995,"Solow","earlier_beta_1_2",1,0.6,2011,6,6,FALSE,0.421642962187201
"constant observation effort",3,2,1995,"Solow","later_beta_2_1",1,0.6,2001,-4,4,FALSE,0.337648650734079
"constant observation effort",3,2,1995,"Effort_fixed_alpha","uniform",0.6,0.5,2018,13,13,FALSE,0.479928566910233
"constant observation effort",3,2,1995,"Effort_fixed_alpha","uniform",0.8,0.5,2013,8,8,FALSE,0.428179934066231
"constant observation effort",3,2,1995,"Effort_fixed_alpha","uniform",1,0.5,2010,5,5,FALSE,0.375
"constant observation effort",3,2,1995,"Effort_fixed_alpha","uniform",1.2,0.5,2009,4,4,FALSE,0.322001203264245
"constant observation effort",3,2,1995,"Effort_fixed_alpha","uniform",1.5,0.5,2006,1,1,FALSE,0.246575342465753
"constant observation effort",3,2,1995,"Effort_fixed_alpha","uniform",1.8,0.5,2005,0,0,FALSE,0.180441494133277
"constant observation effort",3,2,1995,"Solow_te_median","uniform",1,-1,2002,-3,3,FALSE,-1
"constant observation effort",3,2,1995,"Solow_te_median","earlier_beta_1_2",1,-1,1999,-6,6,FALSE,-1
"constant observation effort",3,2,1995,"Solow_te_median","later_beta_2_1",1,-1,2004,-1,1,FALSE,-1
"constant observation effort",3,2,1995,"Effort_te_median","uniform",0.6,-1,2004,-1,1,FALSE,-1
"constant observation effort",3,2,1995,"Effort_te_median","uniform",1,-1,2002,-3,3,FALSE,-1
"constant observation effort",3,2,1995,"Effort_te_median","uniform",1.5,-1,2000,-5,5,FALSE,-1
"constant observation effort",3,2,1995,"Effort_te_median","uniform",1.8,-1,1999,-6,6,FALSE,-1
"constant observation effort",4,4,1995,"Solow","uniform",1,0.3,2011,6,6,FALSE,0.143109540731694
"constant observation effort",4,4,1995,"Solow","earlier_beta_1_2",1,0.3,2013,8,8,FALSE,0.145683453334525
"constant observation effort",4,4,1995,"Solow","later_beta_2_1",1,0.3,2008,3,3,FALSE,0.140625000094231
"constant observation effort",4,4,1995,"Solow","uniform",1,0.4,2007,2,2,FALSE,0.143109540731694
"constant observation effort",4,4,1995,"Solow","earlier_beta_1_2",1,0.4,2010,5,5,FALSE,0.145683453334525
"constant observation effort",4,4,1995,"Solow","later_beta_2_1",1,0.4,2004,-1,1,FALSE,0.140625000094231
"constant observation effort",4,4,1995,"Solow","uniform",1,0.5,2004,-1,1,FALSE,0.143109540731694
"constant observation effort",4,4,1995,"Solow","earlier_beta_1_2",1,0.5,2008,3,3,FALSE,0.145683453334525
"constant observation effort",4,4,1995,"Solow","later_beta_2_1",1,0.5,2002,-3,3,FALSE,0.140625000094231
"constant observation effort",4,4,1995,"Solow","uniform",1,0.6,2002,-3,3,FALSE,0.143109540731694
"constant observation effort",4,4,1995,"Solow","earlier_beta_1_2",1,0.6,2006,1,1,FALSE,0.145683453334525
"constant observation effort",4,4,1995,"Solow","later_beta_2_1",1,0.6,2000,-5,5,FALSE,0.140625000094231
"constant observation effort",4,4,1995,"Effort_fixed_alpha","uniform",0.6,0.5,2009,4,4,FALSE,0.322001203264245
"constant observation effort",4,4,1995,"Effort_fixed_alpha","uniform",0.8,0.5,2006,1,1,FALSE,0.223298274899835
"constant observation effort",4,4,1995,"Effort_fixed_alpha","uniform",1,0.5,2004,-1,1,FALSE,0.143109540636042
"constant observation effort",4,4,1995,"Effort_fixed_alpha","uniform",1.2,0.5,2003,-2,2,FALSE,0.0856617163081067
"constant observation effort",4,4,1995,"Effort_fixed_alpha","uniform",1.5,0.5,2002,-3,3,FALSE,0.0360106698280972
"constant observation effort",4,4,1995,"Effort_fixed_alpha","uniform",1.8,0.5,2001,-4,4,FALSE,0.0140040745692605
"constant observation effort",4,4,1995,"Solow_te_median","uniform",1,-1,1999,-6,6,FALSE,-1
"constant observation effort",4,4,1995,"Solow_te_median","earlier_beta_1_2",1,-1,1998,-7,7,FALSE,-1
"constant observation effort",4,4,1995,"Solow_te_median","later_beta_2_1",1,-1,2000,-5,5,FALSE,-1
"constant observation effort",4,4,1995,"Effort_te_median","uniform",0.6,-1,2001,-4,4,FALSE,-1
"constant observation effort",4,4,1995,"Effort_te_median","uniform",1,-1,1999,-6,6,FALSE,-1
"constant observation effort",4,4,1995,"Effort_te_median","uniform",1.5,-1,1997,-8,8,FALSE,-1
"constant observation effort",4,4,1995,"Effort_te_median","uniform",1.8,-1,1997,-8,8,FALSE,-1
"constant observation effort",5,5,2003,"Solow","uniform",1,0.3,NA,NA,NA,TRUE,0.329270900440851
"constant observation effort",5,5,2003,"Solow","earlier_beta_1_2",1,0.3,NA,NA,NA,TRUE,0.447639718121708
"constant observation effort",5,5,2003,"Solow","later_beta_2_1",1,0.3,2018,13,13,FALSE,0.260410795483901
"constant observation effort",5,5,2003,"Solow","uniform",1,0.4,2018,13,13,FALSE,0.329270900440851
"constant observation effort",5,5,2003,"Solow","earlier_beta_1_2",1,0.4,NA,NA,NA,TRUE,0.447639718121708
"constant observation effort",5,5,2003,"Solow","later_beta_2_1",1,0.4,2015,10,10,FALSE,0.260410795483901
"constant observation effort",5,5,2003,"Solow","uniform",1,0.5,2015,10,10,FALSE,0.329270900440851
"constant observation effort",5,5,2003,"Solow","earlier_beta_1_2",1,0.5,2019,14,14,FALSE,0.447639718121708
"constant observation effort",5,5,2003,"Solow","later_beta_2_1",1,0.5,2012,7,7,FALSE,0.260410795483901
"constant observation effort",5,5,2003,"Solow","uniform",1,0.6,2012,7,7,FALSE,0.329270900440851
"constant observation effort",5,5,2003,"Solow","earlier_beta_1_2",1,0.6,2017,12,12,FALSE,0.447639718121708
"constant observation effort",5,5,2003,"Solow","later_beta_2_1",1,0.6,2009,4,4,FALSE,0.260410795483901
"constant observation effort",5,5,2003,"Effort_fixed_alpha","uniform",0.6,0.5,2020,15,15,FALSE,0.496946923438234
"constant observation effort",5,5,2003,"Effort_fixed_alpha","uniform",0.8,0.5,2017,12,12,FALSE,0.413215749315099
"constant observation effort",5,5,2003,"Effort_fixed_alpha","uniform",1,0.5,2015,10,10,FALSE,0.329270900652827
"constant observation effort",5,5,2003,"Effort_fixed_alpha","uniform",1.2,0.5,2013,8,8,FALSE,0.251134430356174
"constant observation effort",5,5,2003,"Effort_fixed_alpha","uniform",1.5,0.5,2012,7,7,FALSE,0.154803362645513
"constant observation effort",5,5,2003,"Effort_fixed_alpha","uniform",1.8,0.5,2011,6,6,FALSE,0.0882156524116602
"constant observation effort",5,5,2003,"Solow_te_median","uniform",1,-1,2007,2,2,FALSE,-1
"constant observation effort",5,5,2003,"Solow_te_median","earlier_beta_1_2",1,-1,2006,1,1,FALSE,-1
"constant observation effort",5,5,2003,"Solow_te_median","later_beta_2_1",1,-1,2007,2,2,FALSE,-1
"constant observation effort",5,5,2003,"Effort_te_median","uniform",0.6,-1,2008,3,3,FALSE,-1
"constant observation effort",5,5,2003,"Effort_te_median","uniform",1,-1,2007,2,2,FALSE,-1
"constant observation effort",5,5,2003,"Effort_te_median","uniform",1.5,-1,2005,0,0,FALSE,-1
"constant observation effort",5,5,2003,"Effort_te_median","uniform",1.8,-1,2005,0,0,FALSE,-1
"constant observation effort",6,2,2003,"Solow","uniform",1,0.3,NA,NA,NA,TRUE,0.574999999209213
"constant observation effort",6,2,2003,"Solow","earlier_beta_1_2",1,0.3,NA,NA,NA,TRUE,0.729133797974736
"constant observation effort",6,2,2003,"Solow","later_beta_2_1",1,0.3,NA,NA,NA,TRUE,0.474660153736142
"constant observation effort",6,2,2003,"Solow","uniform",1,0.4,NA,NA,NA,TRUE,0.574999999209213
"constant observation effort",6,2,2003,"Solow","earlier_beta_1_2",1,0.4,NA,NA,NA,TRUE,0.729133797974736
"constant observation effort",6,2,2003,"Solow","later_beta_2_1",1,0.4,NA,NA,NA,TRUE,0.474660153736142
"constant observation effort",6,2,2003,"Solow","uniform",1,0.5,NA,NA,NA,TRUE,0.574999999209213
"constant observation effort",6,2,2003,"Solow","earlier_beta_1_2",1,0.5,NA,NA,NA,TRUE,0.729133797974736
"constant observation effort",6,2,2003,"Solow","later_beta_2_1",1,0.5,2018,13,13,FALSE,0.474660153736142
"constant observation effort",6,2,2003,"Solow","uniform",1,0.6,2019,14,14,FALSE,0.574999999209213
"constant observation effort",6,2,2003,"Solow","earlier_beta_1_2",1,0.6,NA,NA,NA,TRUE,0.729133797974736
"constant observation effort",6,2,2003,"Solow","later_beta_2_1",1,0.6,2013,8,8,FALSE,0.474660153736142
"constant observation effort",6,2,2003,"Effort_fixed_alpha","uniform",0.6,0.5,NA,NA,NA,TRUE,0.630846966083872
"constant observation effort",6,2,2003,"Effort_fixed_alpha","uniform",0.8,0.5,NA,NA,NA,TRUE,0.603745483198263
"constant observation effort",6,2,2003,"Effort_fixed_alpha","uniform",1,0.5,NA,NA,NA,TRUE,0.575
"constant observation effort",6,2,2003,"Effort_fixed_alpha","uniform",1.2,0.5,NA,NA,NA,TRUE,0.544741485886448
"constant observation effort",6,2,2003,"Effort_fixed_alpha","uniform",1.5,0.5,2020,15,15,FALSE,0.496946923438234
"constant observation effort",6,2,2003,"Effort_fixed_alpha","uniform",1.8,0.5,2018,13,13,FALSE,0.447070248808047
"constant observation effort",6,2,2003,"Solow_te_median","uniform",1,-1,2009,4,4,FALSE,-1
"constant observation effort",6,2,2003,"Solow_te_median","earlier_beta_1_2",1,-1,2007,2,2,FALSE,-1
"constant observation effort",6,2,2003,"Solow_te_median","later_beta_2_1",1,-1,2010,5,5,FALSE,-1
"constant observation effort",6,2,2003,"Effort_te_median","uniform",0.6,-1,2010,5,5,FALSE,-1
"constant observation effort",6,2,2003,"Effort_te_median","uniform",1,-1,2009,4,4,FALSE,-1
"constant observation effort",6,2,2003,"Effort_te_median","uniform",1.5,-1,2008,3,3,FALSE,-1
"constant observation effort",6,2,2003,"Effort_te_median","uniform",1.8,-1,2008,3,3,FALSE,-1
"constant observation effort",7,3,2003,"Solow","uniform",1,0.3,NA,NA,NA,TRUE,0.496946923322228
"constant observation effort",7,3,2003,"Solow","earlier_beta_1_2",1,0.3,NA,NA,NA,TRUE,0.646699266373735
"constant observation effort",7,3,2003,"Solow","later_beta_2_1",1,0.3,NA,NA,NA,TRUE,0.403508771827442
"constant observation effort",7,3,2003,"Solow","uniform",1,0.4,NA,NA,NA,TRUE,0.496946923322228
"constant observation effort",7,3,2003,"Solow","earlier_beta_1_2",1,0.4,NA,NA,NA,TRUE,0.646699266373735
"constant observation effort",7,3,2003,"Solow","later_beta_2_1",1,0.4,NA,NA,NA,TRUE,0.403508771827442
"constant observation effort",7,3,2003,"Solow","uniform",1,0.5,2020,15,15,FALSE,0.496946923322228
"constant observation effort",7,3,2003,"Solow","earlier_beta_1_2",1,0.5,NA,NA,NA,TRUE,0.646699266373735
"constant observation effort",7,3,2003,"Solow","later_beta_2_1",1,0.5,2015,10,10,FALSE,0.403508771827442
"constant observation effort",7,3,2003,"Solow","uniform",1,0.6,2016,11,11,FALSE,0.496946923322228
"constant observation effort",7,3,2003,"Solow","earlier_beta_1_2",1,0.6,NA,NA,NA,TRUE,0.646699266373735
"constant observation effort",7,3,2003,"Solow","later_beta_2_1",1,0.6,2011,6,6,FALSE,0.403508771827442
"constant observation effort",7,3,2003,"Effort_fixed_alpha","uniform",0.6,0.5,NA,NA,NA,TRUE,0.589571390915368
"constant observation effort",7,3,2003,"Effort_fixed_alpha","uniform",0.8,0.5,NA,NA,NA,TRUE,0.544741485886448
"constant observation effort",7,3,2003,"Effort_fixed_alpha","uniform",1,0.5,2020,15,15,FALSE,0.496946923438234
"constant observation effort",7,3,2003,"Effort_fixed_alpha","uniform",1.2,0.5,2018,13,13,FALSE,0.447070248808047
"constant observation effort",7,3,2003,"Effort_fixed_alpha","uniform",1.5,0.5,2016,11,11,FALSE,0.370886320979152
"constant observation effort",7,3,2003,"Effort_fixed_alpha","uniform",1.8,0.5,2014,9,9,FALSE,0.297003892301891
"constant observation effort",7,3,2003,"Solow_te_median","uniform",1,-1,2008,3,3,FALSE,-1
"constant observation effort",7,3,2003,"Solow_te_median","earlier_beta_1_2",1,-1,2006,1,1,FALSE,-1
"constant observation effort",7,3,2003,"Solow_te_median","later_beta_2_1",1,-1,2009,4,4,FALSE,-1
"constant observation effort",7,3,2003,"Effort_te_median","uniform",0.6,-1,2009,4,4,FALSE,-1
"constant observation effort",7,3,2003,"Effort_te_median","uniform",1,-1,2008,3,3,FALSE,-1
"constant observation effort",7,3,2003,"Effort_te_median","uniform",1.5,-1,2007,2,2,FALSE,-1
"constant observation effort",7,3,2003,"Effort_te_median","uniform",1.8,-1,2006,1,1,FALSE,-1
"constant observation effort",8,5,1998,"Solow","uniform",1,0.3,2013,8,8,FALSE,0.146057222978954
"constant observation effort",8,5,1998,"Solow","earlier_beta_1_2",1,0.3,2015,10,10,FALSE,0.165454109850831
"constant observation effort",8,5,1998,"Solow","later_beta_2_1",1,0.3,2010,5,5,FALSE,0.130731065797377
"constant observation effort",8,5,1998,"Solow","uniform",1,0.4,2010,5,5,FALSE,0.146057222978954
"constant observation effort",8,5,1998,"Solow","earlier_beta_1_2",1,0.4,2013,8,8,FALSE,0.165454109850831
"constant observation effort",8,5,1998,"Solow","later_beta_2_1",1,0.4,2007,2,2,FALSE,0.130731065797377
"constant observation effort",8,5,1998,"Solow","uniform",1,0.5,2007,2,2,FALSE,0.146057222978954
"constant observation effort",8,5,1998,"Solow","earlier_beta_1_2",1,0.5,2011,6,6,FALSE,0.165454109850831
"constant observation effort",8,5,1998,"Solow","later_beta_2_1",1,0.5,2005,0,0,FALSE,0.130731065797377
"constant observation effort",8,5,1998,"Solow","uniform",1,0.6,2005,0,0,FALSE,0.146057222978954
"constant observation effort",8,5,1998,"Solow","earlier_beta_1_2",1,0.6,2009,4,4,FALSE,0.165454109850831
"constant observation effort",8,5,1998,"Solow","later_beta_2_1",1,0.6,2003,-2,2,FALSE,0.130731065797377
"constant observation effort",8,5,1998,"Effort_fixed_alpha","uniform",0.6,0.5,2012,7,7,FALSE,0.336798336798337
"constant observation effort",8,5,1998,"Effort_fixed_alpha","uniform",0.8,0.5,2009,4,4,FALSE,0.231232818777754
"constant observation effort",8,5,1998,"Effort_fixed_alpha","uniform",1,0.5,2007,2,2,FALSE,0.14605722299828
"constant observation effort",8,5,1998,"Effort_fixed_alpha","uniform",1.2,0.5,2006,1,1,FALSE,0.085922048684068
"constant observation effort",8,5,1998,"Effort_fixed_alpha","uniform",1.5,0.5,2005,0,0,FALSE,0.035130880284726
"constant observation effort",8,5,1998,"Effort_fixed_alpha","uniform",1.8,0.5,2004,-1,1,FALSE,0.0132956032474748
"constant observation effort",8,5,1998,"Solow_te_median","uniform",1,-1,2001,-4,4,FALSE,-1
"constant observation effort",8,5,1998,"Solow_te_median","earlier_beta_1_2",1,-1,2000,-5,5,FALSE,-1
"constant observation effort",8,5,1998,"Solow_te_median","later_beta_2_1",1,-1,2002,-3,3,FALSE,-1
"constant observation effort",8,5,1998,"Effort_te_median","uniform",0.6,-1,2003,-2,2,FALSE,-1
"constant observation effort",8,5,1998,"Effort_te_median","uniform",1,-1,2001,-4,4,FALSE,-1
"constant observation effort",8,5,1998,"Effort_te_median","uniform",1.5,-1,2000,-5,5,FALSE,-1
"constant observation effort",8,5,1998,"Effort_te_median","uniform",1.8,-1,2000,-5,5,FALSE,-1
"constant observation effort",9,6,2000,"Solow","uniform",1,0.3,2014,9,9,FALSE,0.138888888888197
"constant observation effort",9,6,2000,"Solow","earlier_beta_1_2",1,0.3,2016,11,11,FALSE,0.169491525423253
"constant observation effort",9,6,2000,"Solow","later_beta_2_1",1,0.3,2011,6,6,FALSE,0.117647058822766
"constant observation effort",9,6,2000,"Solow","uniform",1,0.4,2011,6,6,FALSE,0.138888888888197
"constant observation effort",9,6,2000,"Solow","earlier_beta_1_2",1,0.4,2014,9,9,FALSE,0.169491525423253
"constant observation effort",9,6,2000,"Solow","later_beta_2_1",1,0.4,2009,4,4,FALSE,0.117647058822766
"constant observation effort",9,6,2000,"Solow","uniform",1,0.5,2009,4,4,FALSE,0.138888888888197
"constant observation effort",9,6,2000,"Solow","earlier_beta_1_2",1,0.5,2012,7,7,FALSE,0.169491525423253
"constant observation effort",9,6,2000,"Solow","later_beta_2_1",1,0.5,2007,2,2,FALSE,0.117647058822766
"constant observation effort",9,6,2000,"Solow","uniform",1,0.6,2007,2,2,FALSE,0.138888888888197
"constant observation effort",9,6,2000,"Solow","earlier_beta_1_2",1,0.6,2011,6,6,FALSE,0.169491525423253
"constant observation effort",9,6,2000,"Solow","later_beta_2_1",1,0.6,2005,0,0,FALSE,0.117647058822766
"constant observation effort",9,6,2000,"Effort_fixed_alpha","uniform",0.6,0.5,2013,8,8,FALSE,0.339298626614697
"constant observation effort",9,6,2000,"Effort_fixed_alpha","uniform",0.8,0.5,2011,6,6,FALSE,0.227153050591141
"constant observation effort",9,6,2000,"Effort_fixed_alpha","uniform",1,0.5,2009,4,4,FALSE,0.138888888888889
"constant observation effort",9,6,2000,"Effort_fixed_alpha","uniform",1.2,0.5,2008,3,3,FALSE,0.0787634697070135
"constant observation effort",9,6,2000,"Effort_fixed_alpha","uniform",1.5,0.5,2007,2,2,FALSE,0.0304182509505703
"constant observation effort",9,6,2000,"Effort_fixed_alpha","uniform",1.8,0.5,2006,1,1,FALSE,0.0108859402890506
"constant observation effort",9,6,2000,"Solow_te_median","uniform",1,-1,2003,-2,2,FALSE,-1
"constant observation effort",9,6,2000,"Solow_te_median","earlier_beta_1_2",1,-1,2002,-3,3,FALSE,-1
"constant observation effort",9,6,2000,"Solow_te_median","later_beta_2_1",1,-1,2003,-2,2,FALSE,-1
"constant observation effort",9,6,2000,"Effort_te_median","uniform",0.6,-1,2005,0,0,FALSE,-1
"constant observation effort",9,6,2000,"Effort_te_median","uniform",1,-1,2003,-2,2,FALSE,-1
"constant observation effort",9,6,2000,"Effort_te_median","uniform",1.5,-1,2002,-3,3,FALSE,-1
"constant observation effort",9,6,2000,"Effort_te_median","uniform",1.8,-1,2001,-4,4,FALSE,-1
"constant observation effort",10,2,1997,"Solow","uniform",1,0.3,NA,NA,NA,TRUE,0.424999999941026
"constant observation effort",10,2,1997,"Solow","earlier_beta_1_2",1,0.3,NA,NA,NA,TRUE,0.501366189502271
"constant observation effort",10,2,1997,"Solow","later_beta_2_1",1,0.3,NA,NA,NA,TRUE,0.36882237906467
"constant observation effort",10,2,1997,"Solow","uniform",1,0.4,NA,NA,NA,TRUE,0.424999999941026
"constant observation effort",10,2,1997,"Solow","earlier_beta_1_2",1,0.4,NA,NA,NA,TRUE,0.501366189502271
"constant observation effort",10,2,1997,"Solow","later_beta_2_1",1,0.4,2016,11,11,FALSE,0.36882237906467
"constant observation effort",10,2,1997,"Solow","uniform",1,0.5,2015,10,10,FALSE,0.424999999941026
"constant observation effort",10,2,1997,"Solow","earlier_beta_1_2",1,0.5,NA,NA,NA,TRUE,0.501366189502271
"constant observation effort",10,2,1997,"Solow","later_beta_2_1",1,0.5,2009,4,4,FALSE,0.36882237906467
"constant observation effort",10,2,1997,"Solow","uniform",1,0.6,2009,4,4,FALSE,0.424999999941026
"constant observation effort",10,2,1997,"Solow","earlier_beta_1_2",1,0.6,2015,10,10,FALSE,0.501366189502271
"constant observation effort",10,2,1997,"Solow","later_beta_2_1",1,0.6,2004,-1,1,FALSE,0.36882237906467
"constant observation effort",10,2,1997,"Effort_fixed_alpha","uniform",0.6,0.5,NA,NA,NA,TRUE,0.517265245435463
"constant observation effort",10,2,1997,"Effort_fixed_alpha","uniform",0.8,0.5,2018,13,13,FALSE,0.472083253249444
"constant observation effort",10,2,1997,"Effort_fixed_alpha","uniform",1,0.5,2014,9,9,FALSE,0.425
"constant observation effort",10,2,1997,"Effort_fixed_alpha","uniform",1.2,0.5,2012,7,7,FALSE,0.377027209530419
"constant observation effort",10,2,1997,"Effort_fixed_alpha","uniform",1.5,0.5,2010,5,5,FALSE,0.305982001058761
"constant observation effort",10,2,1997,"Effort_fixed_alpha","uniform",1.8,0.5,2008,3,3,FALSE,0.239609205137134
"constant observation effort",10,2,1997,"Solow_te_median","uniform",1,-1,2004,-1,1,FALSE,-1
"constant observation effort",10,2,1997,"Solow_te_median","earlier_beta_1_2",1,-1,2001,-4,4,FALSE,-1
"constant observation effort",10,2,1997,"Solow_te_median","later_beta_2_1",1,-1,2006,1,1,FALSE,-1
"constant observation effort",10,2,1997,"Effort_te_median","uniform",0.6,-1,2006,1,1,FALSE,-1
"constant observation effort",10,2,1997,"Effort_te_median","uniform",1,-1,2004,-1,1,FALSE,-1
"constant observation effort",10,2,1997,"Effort_te_median","uniform",1.5,-1,2002,-3,3,FALSE,-1
"constant observation effort",10,2,1997,"Effort_te_median","uniform",1.8,-1,2001,-4,4,FALSE,-1
"constant observation effort",11,2,1999,"Solow","uniform",1,0.3,NA,NA,NA,TRUE,0.474999999934083
"constant observation effort",11,2,1999,"Solow","earlier_beta_1_2",1,0.3,NA,NA,NA,TRUE,0.580839712795921
"constant observation effort",11,2,1999,"Solow","later_beta_2_1",1,0.3,NA,NA,NA,TRUE,0.401786995839429
"constant observation effort",11,2,1999,"Solow","uniform",1,0.4,NA,NA,NA,TRUE,0.474999999934083
"constant observation effort",11,2,1999,"Solow","earlier_beta_1_2",1,0.4,NA,NA,NA,TRUE,0.580839712795921
"constant observation effort",11,2,1999,"Solow","later_beta_2_1",1,0.4,NA,NA,NA,TRUE,0.401786995839429
"constant observation effort",11,2,1999,"Solow","uniform",1,0.5,2019,14,14,FALSE,0.474999999934083
"constant observation effort",11,2,1999,"Solow","earlier_beta_1_2",1,0.5,NA,NA,NA,TRUE,0.580839712795921
"constant observation effort",11,2,1999,"Solow","later_beta_2_1",1,0.5,2012,7,7,FALSE,0.401786995839429
"constant observation effort",11,2,1999,"Solow","uniform",1,0.6,2012,7,7,FALSE,0.474999999934083
"constant observation effort",11,2,1999,"Solow","earlier_beta_1_2",1,0.6,2019,14,14,FALSE,0.580839712795921
"constant observation effort",11,2,1999,"Solow","later_beta_2_1",1,0.6,2007,2,2,FALSE,0.401786995839429
"constant observation effort",11,2,1999,"Effort_fixed_alpha","uniform",0.6,0.5,NA,NA,NA,TRUE,0.554718683292472
"constant observation effort",11,2,1999,"Effort_fixed_alpha","uniform",0.8,0.5,NA,NA,NA,TRUE,0.515867455921852
"constant observation effort",11,2,1999,"Effort_fixed_alpha","uniform",1,0.5,2018,13,13,FALSE,0.475
"constant observation effort",11,2,1999,"Effort_fixed_alpha","uniform",1.2,0.5,2016,11,11,FALSE,0.432700352947542
"constant observation effort",11,2,1999,"Effort_fixed_alpha","uniform",1.5,0.5,2013,8,8,FALSE,0.368179500254972
"constant observation effort",11,2,1999,"Effort_fixed_alpha","uniform",1.8,0.5,2012,7,7,FALSE,0.304884472698678
"constant observation effort",11,2,1999,"Solow_te_median","uniform",1,-1,2006,1,1,FALSE,-1
"constant observation effort",11,2,1999,"Solow_te_median","earlier_beta_1_2",1,-1,2003,-2,2,FALSE,-1
"constant observation effort",11,2,1999,"Solow_te_median","later_beta_2_1",1,-1,2008,3,3,FALSE,-1
"constant observation effort",11,2,1999,"Effort_te_median","uniform",0.6,-1,2007,2,2,FALSE,-1
"constant observation effort",11,2,1999,"Effort_te_median","uniform",1,-1,2006,1,1,FALSE,-1
"constant observation effort",11,2,1999,"Effort_te_median","uniform",1.5,-1,2004,-1,1,FALSE,-1
"constant observation effort",11,2,1999,"Effort_te_median","uniform",1.8,-1,2004,-1,1,FALSE,-1
"constant observation effort",12,4,2004,"Solow","uniform",1,0.3,NA,NA,NA,TRUE,0.452513966691796
"constant observation effort",12,4,2004,"Solow","earlier_beta_1_2",1,0.3,NA,NA,NA,TRUE,0.609022556601432
"constant observation effort",12,4,2004,"Solow","later_beta_2_1",1,0.3,NA,NA,NA,TRUE,0.360000000193994
"constant observation effort",12,4,2004,"Solow","uniform",1,0.4,NA,NA,NA,TRUE,0.452513966691796
"constant observation effort",12,4,2004,"Solow","earlier_beta_1_2",1,0.4,NA,NA,NA,TRUE,0.609022556601432
"constant observation effort",12,4,2004,"Solow","later_beta_2_1",1,0.4,2018,13,13,FALSE,0.360000000193994
"constant observation effort",12,4,2004,"Solow","uniform",1,0.5,2019,14,14,FALSE,0.452513966691796
"constant observation effort",12,4,2004,"Solow","earlier_beta_1_2",1,0.5,NA,NA,NA,TRUE,0.609022556601432
"constant observation effort",12,4,2004,"Solow","later_beta_2_1",1,0.5,2014,9,9,FALSE,0.360000000193994
"constant observation effort",12,4,2004,"Solow","uniform",1,0.6,2015,10,10,FALSE,0.452513966691796
"constant observation effort",12,4,2004,"Solow","earlier_beta_1_2",1,0.6,NA,NA,NA,TRUE,0.609022556601432
"constant observation effort",12,4,2004,"Solow","later_beta_2_1",1,0.6,2011,6,6,FALSE,0.360000000193994
"constant observation effort",12,4,2004,"Effort_fixed_alpha","uniform",0.6,0.5,NA,NA,NA,TRUE,NA
"constant observation effort",12,4,2004,"Effort_fixed_alpha","uniform",0.8,0.5,NA,NA,NA,TRUE,NA
"constant observation effort",12,4,2004,"Effort_fixed_alpha","uniform",1,0.5,NA,NA,NA,TRUE,NA
"constant observation effort",12,4,2004,"Effort_fixed_alpha","uniform",1.2,0.5,NA,NA,NA,TRUE,NA
"constant observation effort",12,4,2004,"Effort_fixed_alpha","uniform",1.5,0.5,NA,NA,NA,TRUE,NA
"constant observation effort",12,4,2004,"Effort_fixed_alpha","uniform",1.8,0.5,NA,NA,NA,TRUE,NA
"constant observation effort",12,4,2004,"Solow_te_median","uniform",1,-1,2008,3,3,FALSE,-1
"constant observation effort",12,4,2004,"Solow_te_median","earlier_beta_1_2",1,-1,2007,2,2,FALSE,-1
"constant observation effort",12,4,2004,"Solow_te_median","later_beta_2_1",1,-1,2009,4,4,FALSE,-1
"constant observation effort",12,4,2004,"Effort_te_median","uniform",0.6,-1,NA,NA,NA,TRUE,-1
"constant observation effort",12,4,2004,"Effort_te_median","uniform",1,-1,NA,NA,NA,TRUE,-1
"constant observation effort",12,4,2004,"Effort_te_median","uniform",1.5,-1,NA,NA,NA,TRUE,-1
"constant observation effort",12,4,2004,"Effort_te_median","uniform",1.8,-1,NA,NA,NA,TRUE,-1
"constant observation effort",13,3,2002,"Solow","uniform",1,0.3,NA,NA,NA,TRUE,0.464491362681942
"constant observation effort",13,3,2002,"Solow","earlier_beta_1_2",1,0.3,NA,NA,NA,TRUE,0.599009900904175
"constant observation effort",13,3,2002,"Solow","later_beta_2_1",1,0.3,NA,NA,NA,TRUE,0.379310344752711
"constant observation effort",13,3,2002,"Solow","uniform",1,0.4,NA,NA,NA,TRUE,0.464491362681942
"constant observation effort",13,3,2002,"Solow","earlier_beta_1_2",1,0.4,NA,NA,NA,TRUE,0.599009900904175
"constant observation effort",13,3,2002,"Solow","later_beta_2_1",1,0.4,2019,14,14,FALSE,0.379310344752711
"constant observation effort",13,3,2002,"Solow","uniform",1,0.5,2019,14,14,FALSE,0.464491362681942
"constant observation effort",13,3,2002,"Solow","earlier_beta_1_2",1,0.5,NA,NA,NA,TRUE,0.599009900904175
"constant observation effort",13,3,2002,"Solow","later_beta_2_1",1,0.5,2013,8,8,FALSE,0.379310344752711
"constant observation effort",13,3,2002,"Solow","uniform",1,0.6,2014,9,9,FALSE,0.464491362681942
"constant observation effort",13,3,2002,"Solow","earlier_beta_1_2",1,0.6,2020,15,15,FALSE,0.599009900904175
"constant observation effort",13,3,2002,"Solow","later_beta_2_1",1,0.6,2010,5,5,FALSE,0.379310344752711
"constant observation effort",13,3,2002,"Effort_fixed_alpha","uniform",0.6,0.5,NA,NA,NA,TRUE,0.566058949927942
"constant observation effort",13,3,2002,"Effort_fixed_alpha","uniform",0.8,0.5,NA,NA,NA,TRUE,0.516726593641732
"constant observation effort",13,3,2002,"Effort_fixed_alpha","uniform",1,0.5,2019,14,14,FALSE,0.464491362763916
"constant observation effort",13,3,2002,"Effort_fixed_alpha","uniform",1.2,0.5,2017,12,12,FALSE,0.410604090132145
"constant observation effort",13,3,2002,"Effort_fixed_alpha","uniform",1.5,0.5,2014,9,9,FALSE,0.330046031888413
"constant observation effort",13,3,2002,"Effort_fixed_alpha","uniform",1.8,0.5,2013,8,8,FALSE,0.254622706756412
"constant observation effort",13,3,2002,"Solow_te_median","uniform",1,-1,2007,2,2,FALSE,-1
"constant observation effort",13,3,2002,"Solow_te_median","earlier_beta_1_2",1,-1,2005,0,0,FALSE,-1
"constant observation effort",13,3,2002,"Solow_te_median","later_beta_2_1",1,-1,2008,3,3,FALSE,-1
"constant observation effort",13,3,2002,"Effort_te_median","uniform",0.6,-1,2009,4,4,FALSE,-1
"constant observation effort",13,3,2002,"Effort_te_median","uniform",1,-1,2007,2,2,FALSE,-1
"constant observation effort",13,3,2002,"Effort_te_median","uniform",1.5,-1,2006,1,1,FALSE,-1
"constant observation effort",13,3,2002,"Effort_te_median","uniform",1.8,-1,2005,0,0,FALSE,-1
"constant observation effort",14,2,1988,"Solow","uniform",1,0.3,2007,2,2,FALSE,0.199999999850068
"constant observation effort",14,2,1988,"Solow","earlier_beta_1_2",1,0.3,2008,3,3,FALSE,0.172976737624608
"constant observation effort",14,2,1988,"Solow","later_beta_2_1",1,0.3,2006,1,1,FALSE,0.237029967284965
"constant observation effort",14,2,1988,"Solow","uniform",1,0.4,2000,-5,5,FALSE,0.199999999850068
"constant observation effort",14,2,1988,"Solow","earlier_beta_1_2",1,0.4,2003,-2,2,FALSE,0.172976737624608
"constant observation effort",14,2,1988,"Solow","later_beta_2_1",1,0.4,1997,-8,8,FALSE,0.237029967284965
"constant observation effort",14,2,1988,"Solow","uniform",1,0.5,1997,-8,8,FALSE,0.199999999850068
"constant observation effort",14,2,1988,"Solow","earlier_beta_1_2",1,0.5,1999,-6,6,FALSE,0.172976737624608
"constant observation effort",14,2,1988,"Solow","later_beta_2_1",1,0.5,1994,-11,11,FALSE,0.237029967284965
"constant observation effort",14,2,1988,"Solow","uniform",1,0.6,1994,-11,11,FALSE,0.199999999850068
"constant observation effort",14,2,1988,"Solow","earlier_beta_1_2",1,0.6,1997,-8,8,FALSE,0.172976737624608
"constant observation effort",14,2,1988,"Solow","later_beta_2_1",1,0.6,1992,-13,13,FALSE,0.237029967284965
"constant observation effort",14,2,1988,"Effort_fixed_alpha","uniform",0.6,0.5,2000,-5,5,FALSE,0.344988385613904
"constant observation effort",14,2,1988,"Effort_fixed_alpha","uniform",0.8,0.5,1998,-7,7,FALSE,0.269477883372163
"constant observation effort",14,2,1988,"Effort_fixed_alpha","uniform",1,0.5,1996,-9,9,FALSE,0.199999999999996
"constant observation effort",14,2,1988,"Effort_fixed_alpha","uniform",1.2,0.5,1995,-10,10,FALSE,0.141153653132281
"constant observation effort",14,2,1988,"Effort_fixed_alpha","uniform",1.5,0.5,1994,-11,11,FALSE,0.0769230769230564
"constant observation effort",14,2,1988,"Effort_fixed_alpha","uniform",1.8,0.5,1994,-11,11,FALSE,0.0386541257182589
"constant observation effort",14,2,1988,"Solow_te_median","uniform",1,-1,1993,-12,12,FALSE,-1
"constant observation effort",14,2,1988,"Solow_te_median","earlier_beta_1_2",1,-1,1992,-13,13,FALSE,-1
"constant observation effort",14,2,1988,"Solow_te_median","later_beta_2_1",1,-1,1998,-7,7,FALSE,-1
"constant observation effort",14,2,1988,"Effort_te_median","uniform",0.6,-1,1997,-8,8,FALSE,-1
"constant observation effort",14,2,1988,"Effort_te_median","uniform",1,-1,1993,-12,12,FALSE,-1
"constant observation effort",14,2,1988,"Effort_te_median","uniform",1.5,-1,1991,-14,14,FALSE,-1
"constant observation effort",14,2,1988,"Effort_te_median","uniform",1.8,-1,1990,-15,15,FALSE,-1
"constant observation effort",15,2,1989,"Solow","uniform",1,0.3,2010,5,5,FALSE,0.224999999862312
"constant observation effort",15,2,1989,"Solow","earlier_beta_1_2",1,0.3,2011,6,6,FALSE,0.203849529715104
"constant observation effort",15,2,1989,"Solow","later_beta_2_1",1,0.3,2009,4,4,FALSE,0.251047510952214
"constant observation effort",15,2,1989,"Solow","uniform",1,0.4,2003,-2,2,FALSE,0.224999999862312
"constant observation effort",15,2,1989,"Solow","earlier_beta_1_2",1,0.4,2005,0,0,FALSE,0.203849529715104
"constant observation effort",15,2,1989,"Solow","later_beta_2_1",1,0.4,2000,-5,5,FALSE,0.251047510952214
"constant observation effort",15,2,1989,"Solow","uniform",1,0.5,1999,-6,6,FALSE,0.224999999862312
"constant observation effort",15,2,1989,"Solow","earlier_beta_1_2",1,0.5,2002,-3,3,FALSE,0.203849529715104
"constant observation effort",15,2,1989,"Solow","later_beta_2_1",1,0.5,1995,-10,10,FALSE,0.251047510952214
"constant observation effort",15,2,1989,"Solow","uniform",1,0.6,1995,-10,10,FALSE,0.224999999862312
"constant observation effort",15,2,1989,"Solow","earlier_beta_1_2",1,0.6,1999,-6,6,FALSE,0.203849529715104
"constant observation effort",15,2,1989,"Solow","later_beta_2_1",1,0.6,1993,-12,12,FALSE,0.251047510952214
"constant observation effort",15,2,1989,"Effort_fixed_alpha","uniform",0.6,0.5,2003,-2,2,FALSE,0.36522493337202
"constant observation effort",15,2,1989,"Effort_fixed_alpha","uniform",0.8,0.5,2000,-5,5,FALSE,0.29306627506769
"constant observation effort",15,2,1989,"Effort_fixed_alpha","uniform",1,0.5,1998,-7,7,FALSE,0.225
"constant observation effort",15,2,1989,"Effort_fixed_alpha","uniform",1.2,0.5,1997,-8,8,FALSE,0.165263533944158
"constant observation effort",15,2,1989,"Effort_fixed_alpha","uniform",1.5,0.5,1996,-9,9,FALSE,0.0963712076145125
"constant observation effort",15,2,1989,"Effort_fixed_alpha","uniform",1.8,0.5,1995,-10,10,FALSE,0.052060292714399
"constant observation effort",15,2,1989,"Solow_te_median","uniform",1,-1,1995,-10,10,FALSE,-1
"constant observation effort",15,2,1989,"Solow_te_median","earlier_beta_1_2",1,-1,1993,-12,12,FALSE,-1
"constant observation effort",15,2,1989,"Solow_te_median","later_beta_2_1",1,-1,1999,-6,6,FALSE,-1
"constant observation effort",15,2,1989,"Effort_te_median","uniform",0.6,-1,1998,-7,7,FALSE,-1
"constant observation effort",15,2,1989,"Effort_te_median","uniform",1,-1,1995,-10,10,FALSE,-1
"constant observation effort",15,2,1989,"Effort_te_median","uniform",1.5,-1,1992,-13,13,FALSE,-1
"constant observation effort",15,2,1989,"Effort_te_median","uniform",1.8,-1,1992,-13,13,FALSE,-1
"constant observation effort",16,4,2002,"Solow","uniform",1,0.3,NA,NA,NA,TRUE,0.374507597278777
"constant observation effort",16,4,2002,"Solow","earlier_beta_1_2",1,0.3,NA,NA,NA,TRUE,0.491506647198309
"constant observation effort",16,4,2002,"Solow","later_beta_2_1",1,0.3,NA,NA,NA,TRUE,0.302500000181822
"constant observation effort",16,4,2002,"Solow","uniform",1,0.4,2019,14,14,FALSE,0.374507597278777
"constant observation effort",16,4,2002,"Solow","earlier_beta_1_2",1,0.4,NA,NA,NA,TRUE,0.491506647198309
"constant observation effort",16,4,2002,"Solow","later_beta_2_1",1,0.4,2015,10,10,FALSE,0.302500000181822
"constant observation effort",16,4,2002,"Solow","uniform",1,0.5,2015,10,10,FALSE,0.374507597278777
"constant observation effort",16,4,2002,"Solow","earlier_beta_1_2",1,0.5,2020,15,15,FALSE,0.491506647198309
"constant observation effort",16,4,2002,"Solow","later_beta_2_1",1,0.5,2012,7,7,FALSE,0.302500000181822
"constant observation effort",16,4,2002,"Solow","uniform",1,0.6,2012,7,7,FALSE,0.374507597278777
"constant observation effort",16,4,2002,"Solow","earlier_beta_1_2",1,0.6,2017,12,12,FALSE,0.491506647198309
"constant observation effort",16,4,2002,"Solow","later_beta_2_1",1,0.6,2009,4,4,FALSE,0.302500000181822
"constant observation effort",16,4,2002,"Effort_fixed_alpha","uniform",0.6,0.5,NA,NA,NA,TRUE,0.516726593641732
"constant observation effort",16,4,2002,"Effort_fixed_alpha","uniform",0.8,0.5,2018,13,13,FALSE,0.44664153688647
"constant observation effort",16,4,2002,"Effort_fixed_alpha","uniform",1,0.5,2015,10,10,FALSE,0.37450759707372
"constant observation effort",16,4,2002,"Effort_fixed_alpha","uniform",1.2,0.5,2014,9,9,FALSE,0.304081461317722
"constant observation effort",16,4,2002,"Effort_fixed_alpha","uniform",1.5,0.5,2012,7,7,FALSE,0.209472494175647
"constant observation effort",16,4,2002,"Effort_fixed_alpha","uniform",1.8,0.5,2011,6,6,FALSE,0.135032983139703
"constant observation effort",16,4,2002,"Solow_te_median","uniform",1,-1,2006,1,1,FALSE,-1
"constant observation effort",16,4,2002,"Solow_te_median","earlier_beta_1_2",1,-1,2005,0,0,FALSE,-1
"constant observation effort",16,4,2002,"Solow_te_median","later_beta_2_1",1,-1,2007,2,2,FALSE,-1
"constant observation effort",16,4,2002,"Effort_te_median","uniform",0.6,-1,2008,3,3,FALSE,-1
"constant observation effort",16,4,2002,"Effort_te_median","uniform",1,-1,2006,1,1,FALSE,-1
"constant observation effort",16,4,2002,"Effort_te_median","uniform",1.5,-1,2005,0,0,FALSE,-1
"constant observation effort",16,4,2002,"Effort_te_median","uniform",1.8,-1,2005,0,0,FALSE,-1
"constant observation effort",17,6,2001,"Solow","uniform",1,0.3,2015,10,10,FALSE,0.171981837971002
"constant observation effort",17,6,2001,"Solow","earlier_beta_1_2",1,0.3,2018,13,13,FALSE,0.219900312710889
"constant observation effort",17,6,2001,"Solow","later_beta_2_1",1,0.3,2013,8,8,FALSE,0.141210630928451
"constant observation effort",17,6,2001,"Solow","uniform",1,0.4,2013,8,8,FALSE,0.171981837971002
"constant observation effort",17,6,2001,"Solow","earlier_beta_1_2",1,0.4,2016,11,11,FALSE,0.219900312710889
"constant observation effort",17,6,2001,"Solow","later_beta_2_1",1,0.4,2010,5,5,FALSE,0.141210630928451
"constant observation effort",17,6,2001,"Solow","uniform",1,0.5,2011,6,6,FALSE,0.171981837971002
"constant observation effort",17,6,2001,"Solow","earlier_beta_1_2",1,0.5,2014,9,9,FALSE,0.219900312710889
"constant observation effort",17,6,2001,"Solow","later_beta_2_1",1,0.5,2008,3,3,FALSE,0.141210630928451
"constant observation effort",17,6,2001,"Solow","uniform",1,0.6,2009,4,4,FALSE,0.171981837971002
"constant observation effort",17,6,2001,"Solow","earlier_beta_1_2",1,0.6,2012,7,7,FALSE,0.219900312710889
"constant observation effort",17,6,2001,"Solow","later_beta_2_1",1,0.6,2006,1,1,FALSE,0.141210630928451
"constant observation effort",17,6,2001,"Effort_fixed_alpha","uniform",0.6,0.5,NA,NA,NA,TRUE,NA
"constant observation effort",17,6,2001,"Effort_fixed_alpha","uniform",0.8,0.5,NA,NA,NA,TRUE,NA
"constant observation effort",17,6,2001,"Effort_fixed_alpha","uniform",1,0.5,NA,NA,NA,TRUE,NA
"constant observation effort",17,6,2001,"Effort_fixed_alpha","uniform",1.2,0.5,NA,NA,NA,TRUE,NA
"constant observation effort",17,6,2001,"Effort_fixed_alpha","uniform",1.5,0.5,NA,NA,NA,TRUE,NA
"constant observation effort",17,6,2001,"Effort_fixed_alpha","uniform",1.8,0.5,NA,NA,NA,TRUE,NA
"constant observation effort",17,6,2001,"Solow_te_median","uniform",1,-1,2004,-1,1,FALSE,-1
"constant observation effort",17,6,2001,"Solow_te_median","earlier_beta_1_2",1,-1,2003,-2,2,FALSE,-1
"constant observation effort",17,6,2001,"Solow_te_median","later_beta_2_1",1,-1,2005,0,0,FALSE,-1
"constant observation effort",17,6,2001,"Effort_te_median","uniform",0.6,-1,NA,NA,NA,TRUE,-1
"constant observation effort",17,6,2001,"Effort_te_median","uniform",1,-1,NA,NA,NA,TRUE,-1
"constant observation effort",17,6,2001,"Effort_te_median","uniform",1.5,-1,NA,NA,NA,TRUE,-1
"constant observation effort",17,6,2001,"Effort_te_median","uniform",1.8,-1,NA,NA,NA,TRUE,-1
"constant observation effort",18,3,2003,"Solow","uniform",1,0.3,NA,NA,NA,TRUE,0.496946923322228
"constant observation effort",18,3,2003,"Solow","earlier_beta_1_2",1,0.3,NA,NA,NA,TRUE,0.646699266373735
"constant observation effort",18,3,2003,"Solow","later_beta_2_1",1,0.3,NA,NA,NA,TRUE,0.403508771827442
"constant observation effort",18,3,2003,"Solow","uniform",1,0.4,NA,NA,NA,TRUE,0.496946923322228
"constant observation effort",18,3,2003,"Solow","earlier_beta_1_2",1,0.4,NA,NA,NA,TRUE,0.646699266373735
"constant observation effort",18,3,2003,"Solow","later_beta_2_1",1,0.4,NA,NA,NA,TRUE,0.403508771827442
"constant observation effort",18,3,2003,"Solow","uniform",1,0.5,2020,15,15,FALSE,0.496946923322228
"constant observation effort",18,3,2003,"Solow","earlier_beta_1_2",1,0.5,NA,NA,NA,TRUE,0.646699266373735
"constant observation effort",18,3,2003,"Solow","later_beta_2_1",1,0.5,2015,10,10,FALSE,0.403508771827442
"constant observation effort",18,3,2003,"Solow","uniform",1,0.6,2016,11,11,FALSE,0.496946923322228
"constant observation effort",18,3,2003,"Solow","earlier_beta_1_2",1,0.6,NA,NA,NA,TRUE,0.646699266373735
"constant observation effort",18,3,2003,"Solow","later_beta_2_1",1,0.6,2011,6,6,FALSE,0.403508771827442
"constant observation effort",18,3,2003,"Effort_fixed_alpha","uniform",0.6,0.5,NA,NA,NA,TRUE,0.589571390915368
"constant observation effort",18,3,2003,"Effort_fixed_alpha","uniform",0.8,0.5,NA,NA,NA,TRUE,0.544741485886448
"constant observation effort",18,3,2003,"Effort_fixed_alpha","uniform",1,0.5,2020,15,15,FALSE,0.496946923438234
"constant observation effort",18,3,2003,"Effort_fixed_alpha","uniform",1.2,0.5,2018,13,13,FALSE,0.447070248808047
"constant observation effort",18,3,2003,"Effort_fixed_alpha","uniform",1.5,0.5,2016,11,11,FALSE,0.370886320979152
"constant observation effort",18,3,2003,"Effort_fixed_alpha","uniform",1.8,0.5,2014,9,9,FALSE,0.297003892301891
"constant observation effort",18,3,2003,"Solow_te_median","uniform",1,-1,2008,3,3,FALSE,-1
"constant observation effort",18,3,2003,"Solow_te_median","earlier_beta_1_2",1,-1,2006,1,1,FALSE,-1
"constant observation effort",18,3,2003,"Solow_te_median","later_beta_2_1",1,-1,2009,4,4,FALSE,-1
"constant observation effort",18,3,2003,"Effort_te_median","uniform",0.6,-1,2009,4,4,FALSE,-1
"constant observation effort",18,3,2003,"Effort_te_median","uniform",1,-1,2008,3,3,FALSE,-1
"constant observation effort",18,3,2003,"Effort_te_median","uniform",1.5,-1,2007,2,2,FALSE,-1
"constant observation effort",18,3,2003,"Effort_te_median","uniform",1.8,-1,2006,1,1,FALSE,-1
"constant observation effort",19,5,1999,"Solow","uniform",1,0.3,2015,10,10,FALSE,0.17664877530269
"constant observation effort",19,5,1999,"Solow","earlier_beta_1_2",1,0.3,2017,12,12,FALSE,0.209730202922615
"constant observation effort",19,5,1999,"Solow","later_beta_2_1",1,0.3,2012,7,7,FALSE,0.152581585188004
"constant observation effort",19,5,1999,"Solow","uniform",1,0.4,2011,6,6,FALSE,0.17664877530269
"constant observation effort",19,5,1999,"Solow","earlier_beta_1_2",1,0.4,2015,10,10,FALSE,0.209730202922615
"constant observation effort",19,5,1999,"Solow","later_beta_2_1",1,0.4,2009,4,4,FALSE,0.152581585188004
"constant observation effort",19,5,1999,"Solow","uniform",1,0.5,2009,4,4,FALSE,0.17664877530269
"constant observation effort",19,5,1999,"Solow","earlier_beta_1_2",1,0.5,2012,7,7,FALSE,0.209730202922615
"constant observation effort",19,5,1999,"Solow","later_beta_2_1",1,0.5,2006,1,1,FALSE,0.152581585188004
"constant observation effort",19,5,1999,"Solow","uniform",1,0.6,2007,2,2,FALSE,0.17664877530269
"constant observation effort",19,5,1999,"Solow","earlier_beta_1_2",1,0.6,2011,6,6,FALSE,0.209730202922615
"constant observation effort",19,5,1999,"Solow","later_beta_2_1",1,0.6,2004,-1,1,FALSE,0.152581585188004
"constant observation effort",19,5,1999,"Effort_fixed_alpha","uniform",0.6,0.5,NA,NA,NA,TRUE,NA
"constant observation effort",19,5,1999,"Effort_fixed_alpha","uniform",0.8,0.5,NA,NA,NA,TRUE,NA
"constant observation effort",19,5,1999,"Effort_fixed_alpha","uniform",1,0.5,NA,NA,NA,TRUE,NA
"constant observation effort",19,5,1999,"Effort_fixed_alpha","uniform",1.2,0.5,NA,NA,NA,TRUE,NA
"constant observation effort",19,5,1999,"Effort_fixed_alpha","uniform",1.5,0.5,NA,NA,NA,TRUE,NA
"constant observation effort",19,5,1999,"Effort_fixed_alpha","uniform",1.8,0.5,NA,NA,NA,TRUE,NA
"constant observation effort",19,5,1999,"Solow_te_median","uniform",1,-1,2002,-3,3,FALSE,-1
"constant observation effort",19,5,1999,"Solow_te_median","earlier_beta_1_2",1,-1,2001,-4,4,FALSE,-1
"constant observation effort",19,5,1999,"Solow_te_median","later_beta_2_1",1,-1,2003,-2,2,FALSE,-1
"constant observation effort",19,5,1999,"Effort_te_median","uniform",0.6,-1,NA,NA,NA,TRUE,-1
"constant observation effort",19,5,1999,"Effort_te_median","uniform",1,-1,NA,NA,NA,TRUE,-1
"constant observation effort",19,5,1999,"Effort_te_median","uniform",1.5,-1,NA,NA,NA,TRUE,-1
"constant observation effort",19,5,1999,"Effort_te_median","uniform",1.8,-1,NA,NA,NA,TRUE,-1
"constant observation effort",20,3,1996,"Solow","uniform",1,0.3,2019,14,14,FALSE,0.275862068888683
"constant observation effort",20,3,1996,"Solow","earlier_beta_1_2",1,0.3,NA,NA,NA,TRUE,0.307692307631879
"constant observation effort",20,3,1996,"Solow","later_beta_2_1",1,0.3,2015,10,10,FALSE,0.249999999913685
"constant observation effort",20,3,1996,"Solow","uniform",1,0.4,2012,7,7,FALSE,0.275862068888683
"constant observation effort",20,3,1996,"Solow","earlier_beta_1_2",1,0.4,2016,11,11,FALSE,0.307692307631879
"constant observation effort",20,3,1996,"Solow","later_beta_2_1",1,0.4,2008,3,3,FALSE,0.249999999913685
"constant observation effort",20,3,1996,"Solow","uniform",1,0.5,2008,3,3,FALSE,0.275862068888683
"constant observation effort",20,3,1996,"Solow","earlier_beta_1_2",1,0.5,2012,7,7,FALSE,0.307692307631879
"constant observation effort",20,3,1996,"Solow","later_beta_2_1",1,0.5,2004,-1,1,FALSE,0.249999999913685
"constant observation effort",20,3,1996,"Solow","uniform",1,0.6,2005,0,0,FALSE,0.275862068888683
"constant observation effort",20,3,1996,"Solow","earlier_beta_1_2",1,0.6,2010,5,5,FALSE,0.307692307631879
"constant observation effort",20,3,1996,"Solow","later_beta_2_1",1,0.6,2002,-3,3,FALSE,0.249999999913685
"constant observation effort",20,3,1996,"Effort_fixed_alpha","uniform",0.6,0.5,2014,9,9,FALSE,0.425219103250883
"constant observation effort",20,3,1996,"Effort_fixed_alpha","uniform",0.8,0.5,2010,5,5,FALSE,0.349410390514131
"constant observation effort",20,3,1996,"Effort_fixed_alpha","uniform",1,0.5,2008,3,3,FALSE,0.275862068965517
"constant observation effort",20,3,1996,"Effort_fixed_alpha","uniform",1.2,0.5,2007,2,2,FALSE,0.209164827641965
"constant observation effort",20,3,1996,"Effort_fixed_alpha","uniform",1.5,0.5,2005,0,0,FALSE,0.128651429816868
"constant observation effort",20,3,1996,"Effort_fixed_alpha","uniform",1.8,0.5,2004,-1,1,FALSE,0.0736334324319001
"constant observation effort",20,3,1996,"Solow_te_median","uniform",1,-1,2001,-4,4,FALSE,-1
"constant observation effort",20,3,1996,"Solow_te_median","earlier_beta_1_2",1,-1,1999,-6,6,FALSE,-1
"constant observation effort",20,3,1996,"Solow_te_median","later_beta_2_1",1,-1,2003,-2,2,FALSE,-1
"constant observation effort",20,3,1996,"Effort_te_median","uniform",0.6,-1,2003,-2,2,FALSE,-1
"constant observation effort",20,3,1996,"Effort_te_median","uniform",1,-1,2001,-4,4,FALSE,-1
"constant observation effort",20,3,1996,"Effort_te_median","uniform",1.5,-1,1999,-6,6,FALSE,-1
"constant observation effort",20,3,1996,"Effort_te_median","uniform",1.8,-1,1999,-6,6,FALSE,-1
"constant observation effort",21,4,1996,"Solow","uniform",1,0.3,2013,8,8,FALSE,0.170212766069625
"constant observation effort",21,4,1996,"Solow","earlier_beta_1_2",1,0.3,2015,10,10,FALSE,0.181818181936138
"constant observation effort",21,4,1996,"Solow","later_beta_2_1",1,0.3,2010,5,5,FALSE,0.160000000106895
"constant observation effort",21,4,1996,"Solow","uniform",1,0.4,2009,4,4,FALSE,0.170212766069625
"constant observation effort",21,4,1996,"Solow","earlier_beta_1_2",1,0.4,2012,7,7,FALSE,0.181818181936138
"constant observation effort",21,4,1996,"Solow","later_beta_2_1",1,0.4,2006,1,1,FALSE,0.160000000106895
"constant observation effort",21,4,1996,"Solow","uniform",1,0.5,2006,1,1,FALSE,0.170212766069625
"constant observation effort",21,4,1996,"Solow","earlier_beta_1_2",1,0.5,2009,4,4,FALSE,0.181818181936138
"constant observation effort",21,4,1996,"Solow","later_beta_2_1",1,0.5,2003,-2,2,FALSE,0.160000000106895
"constant observation effort",21,4,1996,"Solow","uniform",1,0.6,2004,-1,1,FALSE,0.170212766069625
"constant observation effort",21,4,1996,"Solow","earlier_beta_1_2",1,0.6,2007,2,2,FALSE,0.181818181936138
"constant observation effort",21,4,1996,"Solow","later_beta_2_1",1,0.6,2001,-4,4,FALSE,0.160000000106895
"constant observation effort",21,4,1996,"Effort_fixed_alpha","uniform",0.6,0.5,2010,5,5,FALSE,0.349410390514131
"constant observation effort",21,4,1996,"Effort_fixed_alpha","uniform",0.8,0.5,2008,3,3,FALSE,0.252669461114837
"constant observation effort",21,4,1996,"Effort_fixed_alpha","uniform",1,0.5,2006,1,1,FALSE,0.170212765957447
"constant observation effort",21,4,1996,"Effort_fixed_alpha","uniform",1.2,0.5,2005,0,0,FALSE,0.107582866016958
"constant observation effort",21,4,1996,"Effort_fixed_alpha","uniform",1.5,0.5,2003,-2,2,FALSE,0.0491853673532124
"constant observation effort",21,4,1996,"Effort_fixed_alpha","uniform",1.8,0.5,2002,-3,3,FALSE,0.0207744674546972
"constant observation effort",21,4,1996,"Solow_te_median","uniform",1,-1,2000,-5,5,FALSE,-1
"constant observation effort",21,4,1996,"Solow_te_median","earlier_beta_1_2",1,-1,1999,-6,6,FALSE,-1
"constant observation effort",21,4,1996,"Solow_te_median","later_beta_2_1",1,-1,2001,-4,4,FALSE,-1
"constant observation effort",21,4,1996,"Effort_te_median","uniform",0.6,-1,2002,-3,3,FALSE,-1
"constant observation effort",21,4,1996,"Effort_te_median","uniform",1,-1,2000,-5,5,FALSE,-1
"constant observation effort",21,4,1996,"Effort_te_median","uniform",1.5,-1,1998,-7,7,FALSE,-1
"constant observation effort",21,4,1996,"Effort_te_median","uniform",1.8,-1,1998,-7,7,FALSE,-1
"constant observation effort",22,4,1999,"Solow","uniform",1,0.3,2019,14,14,FALSE,0.264764919462367
"constant observation effort",22,4,1999,"Solow","earlier_beta_1_2",1,0.3,NA,NA,NA,TRUE,0.320334392077608
"constant observation effort",22,4,1999,"Solow","later_beta_2_1",1,0.3,2015,10,10,FALSE,0.225625000128039
"constant observation effort",22,4,1999,"Solow","uniform",1,0.4,2014,9,9,FALSE,0.264764919462367
"constant observation effort",22,4,1999,"Solow","earlier_beta_1_2",1,0.4,2018,13,13,FALSE,0.320334392077608
"constant observation effort",22,4,1999,"Solow","later_beta_2_1",1,0.4,2011,6,6,FALSE,0.225625000128039
"constant observation effort",22,4,1999,"Solow","uniform",1,0.5,2011,6,6,FALSE,0.264764919462367
"constant observation effort",22,4,1999,"Solow","earlier_beta_1_2",1,0.5,2015,10,10,FALSE,0.320334392077608
"constant observation effort",22,4,1999,"Solow","later_beta_2_1",1,0.5,2007,2,2,FALSE,0.225625000128039
"constant observation effort",22,4,1999,"Solow","uniform",1,0.6,2008,3,3,FALSE,0.264764919462367
"constant observation effort",22,4,1999,"Solow","earlier_beta_1_2",1,0.6,2012,7,7,FALSE,0.320334392077608
"constant observation effort",22,4,1999,"Solow","later_beta_2_1",1,0.6,2005,0,0,FALSE,0.225625000128039
"constant observation effort",22,4,1999,"Effort_fixed_alpha","uniform",0.6,0.5,2016,11,11,FALSE,0.432700352947542
"constant observation effort",22,4,1999,"Effort_fixed_alpha","uniform",0.8,0.5,2013,8,8,FALSE,0.346801780894983
"constant observation effort",22,4,1999,"Effort_fixed_alpha","uniform",1,0.5,2011,6,6,FALSE,0.264764919323709
"constant observation effort",22,4,1999,"Effort_fixed_alpha","uniform",1.2,0.5,2009,4,4,FALSE,0.192635370630213
"constant observation effort",22,4,1999,"Effort_fixed_alpha","uniform",1.5,0.5,2008,3,3,FALSE,0.110240519881341
"constant observation effort",22,4,1999,"Effort_fixed_alpha","uniform",1.8,0.5,2007,2,2,FALSE,0.0583576308126575
"constant observation effort",22,4,1999,"Solow_te_median","uniform",1,-1,2003,-2,2,FALSE,-1
"constant observation effort",22,4,1999,"Solow_te_median","earlier_beta_1_2",1,-1,2002,-3,3,FALSE,-1
"constant observation effort",22,4,1999,"Solow_te_median","later_beta_2_1",1,-1,2004,-1,1,FALSE,-1
"constant observation effort",22,4,1999,"Effort_te_median","uniform",0.6,-1,2005,0,0,FALSE,-1
"constant observation effort",22,4,1999,"Effort_te_median","uniform",1,-1,2003,-2,2,FALSE,-1
"constant observation effort",22,4,1999,"Effort_te_median","uniform",1.5,-1,2002,-3,3,FALSE,-1
"constant observation effort",22,4,1999,"Effort_te_median","uniform",1.8,-1,2001,-4,4,FALSE,-1
"constant observation effort",23,4,2001,"Solow","uniform",1,0.3,NA,NA,NA,TRUE,0.336673856661248
"constant observation effort",23,4,2001,"Solow","earlier_beta_1_2",1,0.3,NA,NA,NA,TRUE,0.432460618926053
"constant observation effort",23,4,2001,"Solow","later_beta_2_1",1,0.3,2019,14,14,FALSE,0.275624999975797
"constant observation effort",23,4,2001,"Solow","uniform",1,0.4,2018,13,13,FALSE,0.336673856661248
"constant observation effort",23,4,2001,"Solow","earlier_beta_1_2",1,0.4,NA,NA,NA,TRUE,0.432460618926053
"constant observation effort",23,4,2001,"Solow","later_beta_2_1",1,0.4,2014,9,9,FALSE,0.275624999975797
"constant observation effort",23,4,2001,"Solow","uniform",1,0.5,2014,9,9,FALSE,0.336673856661248
"constant observation effort",23,4,2001,"Solow","earlier_beta_1_2",1,0.5,2018,13,13,FALSE,0.432460618926053
"constant observation effort",23,4,2001,"Solow","later_beta_2_1",1,0.5,2010,5,5,FALSE,0.275624999975797
"constant observation effort",23,4,2001,"Solow","uniform",1,0.6,2011,6,6,FALSE,0.336673856661248
"constant observation effort",23,4,2001,"Solow","earlier_beta_1_2",1,0.6,2016,11,11,FALSE,0.432460618926053
"constant observation effort",23,4,2001,"Solow","later_beta_2_1",1,0.6,2008,3,3,FALSE,0.275624999975797
"constant observation effort",23,4,2001,"Effort_fixed_alpha","uniform",0.6,0.5,2020,15,15,FALSE,0.48869486998688
"constant observation effort",23,4,2001,"Effort_fixed_alpha","uniform",0.8,0.5,2016,11,11,FALSE,0.412979328432293
"constant observation effort",23,4,2001,"Effort_fixed_alpha","uniform",1,0.5,2014,9,9,FALSE,0.336673856668525
"constant observation effort",23,4,2001,"Effort_fixed_alpha","uniform",1.2,0.5,2012,7,7,FALSE,0.264409759845563
"constant observation effort",23,4,2001,"Effort_fixed_alpha","uniform",1.5,0.5,2011,6,6,FALSE,0.17198183802164
"constant observation effort",23,4,2001,"Effort_fixed_alpha","uniform",1.8,0.5,2009,4,4,FALSE,0.104155162498531
"constant observation effort",23,4,2001,"Solow_te_median","uniform",1,-1,2005,0,0,FALSE,-1
"constant observation effort",23,4,2001,"Solow_te_median","earlier_beta_1_2",1,-1,2004,-1,1,FALSE,-1
"constant observation effort",23,4,2001,"Solow_te_median","later_beta_2_1",1,-1,2006,1,1,FALSE,-1
"constant observation effort",23,4,2001,"Effort_te_median","uniform",0.6,-1,2007,2,2,FALSE,-1
"constant observation effort",23,4,2001,"Effort_te_median","uniform",1,-1,2005,0,0,FALSE,-1
"constant observation effort",23,4,2001,"Effort_te_median","uniform",1.5,-1,2004,-1,1,FALSE,-1
"constant observation effort",23,4,2001,"Effort_te_median","uniform",1.8,-1,2003,-2,2,FALSE,-1
"constant observation effort",24,4,2000,"Solow","uniform",1,0.3,NA,NA,NA,TRUE,0.30000000016619
"constant observation effort",24,4,2000,"Solow","earlier_beta_1_2",1,0.3,NA,NA,NA,TRUE,0.375000000183369
"constant observation effort",24,4,2000,"Solow","later_beta_2_1",1,0.3,2017,12,12,FALSE,0.250000000149321
"constant observation effort",24,4,2000,"Solow","uniform",1,0.4,2016,11,11,FALSE,0.30000000016619
"constant observation effort",24,4,2000,"Solow","earlier_beta_1_2",1,0.4,2020,15,15,FALSE,0.375000000183369
"constant observation effort",24,4,2000,"Solow","later_beta_2_1",1,0.4,2012,7,7,FALSE,0.250000000149321
"constant observation effort",24,4,2000,"Solow","uniform",1,0.5,2012,7,7,FALSE,0.30000000016619
"constant observation effort",24,4,2000,"Solow","earlier_beta_1_2",1,0.5,2017,12,12,FALSE,0.375000000183369
"constant observation effort",24,4,2000,"Solow","later_beta_2_1",1,0.5,2009,4,4,FALSE,0.250000000149321
"constant observation effort",24,4,2000,"Solow","uniform",1,0.6,2009,4,4,FALSE,0.30000000016619
"constant observation effort",24,4,2000,"Solow","earlier_beta_1_2",1,0.6,2014,9,9,FALSE,0.375000000183369
"constant observation effort",24,4,2000,"Solow","later_beta_2_1",1,0.6,2006,1,1,FALSE,0.250000000149321
"constant observation effort",24,4,2000,"Effort_fixed_alpha","uniform",0.6,0.5,2018,13,13,FALSE,0.460675456203414
"constant observation effort",24,4,2000,"Effort_fixed_alpha","uniform",0.8,0.5,2014,9,9,FALSE,0.379651152431333
"constant observation effort",24,4,2000,"Effort_fixed_alpha","uniform",1,0.5,2012,7,7,FALSE,0.3
"constant observation effort",24,4,2000,"Effort_fixed_alpha","uniform",1.2,0.5,2011,6,6,FALSE,0.227153050591141
"constant observation effort",24,4,2000,"Effort_fixed_alpha","uniform",1.5,0.5,2009,4,4,FALSE,0.138888888888889
"constant observation effort",24,4,2000,"Effort_fixed_alpha","uniform",1.8,0.5,2008,3,3,FALSE,0.0787634697070135
"constant observation effort",24,4,2000,"Solow_te_median","uniform",1,-1,2004,-1,1,FALSE,-1
"constant observation effort",24,4,2000,"Solow_te_median","earlier_beta_1_2",1,-1,2003,-2,2,FALSE,-1
"constant observation effort",24,4,2000,"Solow_te_median","later_beta_2_1",1,-1,2005,0,0,FALSE,-1
"constant observation effort",24,4,2000,"Effort_te_median","uniform",0.6,-1,2006,1,1,FALSE,-1
"constant observation effort",24,4,2000,"Effort_te_median","uniform",1,-1,2004,-1,1,FALSE,-1
"constant observation effort",24,4,2000,"Effort_te_median","uniform",1.5,-1,2003,-2,2,FALSE,-1
"constant observation effort",24,4,2000,"Effort_te_median","uniform",1.8,-1,2002,-3,3,FALSE,-1
"constant observation effort",25,4,2003,"Solow","uniform",1,0.3,NA,NA,NA,TRUE,0.413215749244603
"constant observation effort",25,4,2003,"Solow","earlier_beta_1_2",1,0.3,NA,NA,NA,TRUE,0.550808836792566
"constant observation effort",25,4,2003,"Solow","later_beta_2_1",1,0.3,NA,NA,NA,TRUE,0.330624999928387
"constant observation effort",25,4,2003,"Solow","uniform",1,0.4,NA,NA,NA,TRUE,0.413215749244603
"constant observation effort",25,4,2003,"Solow","earlier_beta_1_2",1,0.4,NA,NA,NA,TRUE,0.550808836792566
"constant observation effort",25,4,2003,"Solow","later_beta_2_1",1,0.4,2017,12,12,FALSE,0.330624999928387
"constant observation effort",25,4,2003,"Solow","uniform",1,0.5,2017,12,12,FALSE,0.413215749244603
"constant observation effort",25,4,2003,"Solow","earlier_beta_1_2",1,0.5,NA,NA,NA,TRUE,0.550808836792566
"constant observation effort",25,4,2003,"Solow","later_beta_2_1",1,0.5,2013,8,8,FALSE,0.330624999928387
"constant observation effort",25,4,2003,"Solow","uniform",1,0.6,2014,9,9,FALSE,0.413215749244603
"constant observation effort",25,4,2003,"Solow","earlier_beta_1_2",1,0.6,2019,14,14,FALSE,0.550808836792566
"constant observation effort",25,4,2003,"Solow","later_beta_2_1",1,0.6,2010,5,5,FALSE,0.330624999928387
"constant observation effort",25,4,2003,"Effort_fixed_alpha","uniform",0.6,0.5,NA,NA,NA,TRUE,0.544741485886448
"constant observation effort",25,4,2003,"Effort_fixed_alpha","uniform",0.8,0.5,2020,15,15,FALSE,0.480501149469807
"constant observation effort",25,4,2003,"Effort_fixed_alpha","uniform",1,0.5,2017,12,12,FALSE,0.413215749315099
"constant observation effort",25,4,2003,"Effort_fixed_alpha","uniform",1.2,0.5,2015,10,10,FALSE,0.345781762838725
"constant observation effort",25,4,2003,"Effort_fixed_alpha","uniform",1.5,0.5,2013,8,8,FALSE,0.251134430356174
"constant observation effort",25,4,2003,"Effort_fixed_alpha","uniform",1.8,0.5,2012,7,7,FALSE,0.171711006681176
"constant observation effort",25,4,2003,"Solow_te_median","uniform",1,-1,2007,2,2,FALSE,-1
"constant observation effort",25,4,2003,"Solow_te_median","earlier_beta_1_2",1,-1,2006,1,1,FALSE,-1
"constant observation effort",25,4,2003,"Solow_te_median","later_beta_2_1",1,-1,2008,3,3,FALSE,-1
"constant observation effort",25,4,2003,"Effort_te_median","uniform",0.6,-1,2009,4,4,FALSE,-1
"constant observation effort",25,4,2003,"Effort_te_median","uniform",1,-1,2007,2,2,FALSE,-1
"constant observation effort",25,4,2003,"Effort_te_median","uniform",1.5,-1,2006,1,1,FALSE,-1
"constant observation effort",25,4,2003,"Effort_te_median","uniform",1.8,-1,2006,1,1,FALSE,-1
"constant observation effort",26,2,2001,"Solow","uniform",1,0.3,NA,NA,NA,TRUE,0.524999999520004
"constant observation effort",26,2,2001,"Solow","earlier_beta_1_2",1,0.3,NA,NA,NA,TRUE,0.657544431134546
"constant observation effort",26,2,2001,"Solow","later_beta_2_1",1,0.3,NA,NA,NA,TRUE,0.436926581687114
"constant observation effort",26,2,2001,"Solow","uniform",1,0.4,NA,NA,NA,TRUE,0.524999999520004
"constant observation effort",26,2,2001,"Solow","earlier_beta_1_2",1,0.4,NA,NA,NA,TRUE,0.657544431134546
"constant observation effort",26,2,2001,"Solow","later_beta_2_1",1,0.4,NA,NA,NA,TRUE,0.436926581687114
"constant observation effort",26,2,2001,"Solow","uniform",1,0.5,NA,NA,NA,TRUE,0.524999999520004
"constant observation effort",26,2,2001,"Solow","earlier_beta_1_2",1,0.5,NA,NA,NA,TRUE,0.657544431134546
"constant observation effort",26,2,2001,"Solow","later_beta_2_1",1,0.5,2015,10,10,FALSE,0.436926581687114
"constant observation effort",26,2,2001,"Solow","uniform",1,0.6,2015,10,10,FALSE,0.524999999520004
"constant observation effort",26,2,2001,"Solow","earlier_beta_1_2",1,0.6,NA,NA,NA,TRUE,0.657544431134546
"constant observation effort",26,2,2001,"Solow","later_beta_2_1",1,0.6,2010,5,5,FALSE,0.436926581687114
"constant observation effort",26,2,2001,"Effort_fixed_alpha","uniform",0.6,0.5,NA,NA,NA,TRUE,0.592515643943199
"constant observation effort",26,2,2001,"Effort_fixed_alpha","uniform",0.8,0.5,NA,NA,NA,TRUE,0.559707495280343
"constant observation effort",26,2,2001,"Effort_fixed_alpha","uniform",1,0.5,NA,NA,NA,TRUE,0.525
"constant observation effort",26,2,2001,"Effort_fixed_alpha","uniform",1.2,0.5,2020,15,15,FALSE,0.48869486998688
"constant observation effort",26,2,2001,"Effort_fixed_alpha","uniform",1.5,0.5,2017,12,12,FALSE,0.432141107300343
"constant observation effort",26,2,2001,"Effort_fixed_alpha","uniform",1.8,0.5,2015,10,10,FALSE,0.374610197011166
"constant observation effort",26,2,2001,"Solow_te_median","uniform",1,-1,2008,3,3,FALSE,-1
"constant observation effort",26,2,2001,"Solow_te_median","earlier_beta_1_2",1,-1,2005,0,0,FALSE,-1
"constant observation effort",26,2,2001,"Solow_te_median","later_beta_2_1",1,-1,2009,4,4,FALSE,-1
"constant observation effort",26,2,2001,"Effort_te_median","uniform",0.6,-1,2009,4,4,FALSE,-1
"constant observation effort",26,2,2001,"Effort_te_median","uniform",1,-1,2008,3,3,FALSE,-1
"constant observation effort",26,2,2001,"Effort_te_median","uniform",1.5,-1,2006,1,1,FALSE,-1
"constant observation effort",26,2,2001,"Effort_te_median","uniform",1.8,-1,2006,1,1,FALSE,-1
"constant observation effort",27,4,1999,"Solow","uniform",1,0.3,2019,14,14,FALSE,0.264764919462367
"constant observation effort",27,4,1999,"Solow","earlier_beta_1_2",1,0.3,NA,NA,NA,TRUE,0.320334392077608
"constant observation effort",27,4,1999,"Solow","later_beta_2_1",1,0.3,2015,10,10,FALSE,0.225625000128039
"constant observation effort",27,4,1999,"Solow","uniform",1,0.4,2014,9,9,FALSE,0.264764919462367
"constant observation effort",27,4,1999,"Solow","earlier_beta_1_2",1,0.4,2018,13,13,FALSE,0.320334392077608
"constant observation effort",27,4,1999,"Solow","later_beta_2_1",1,0.4,2011,6,6,FALSE,0.225625000128039
"constant observation effort",27,4,1999,"Solow","uniform",1,0.5,2011,6,6,FALSE,0.264764919462367
"constant observation effort",27,4,1999,"Solow","earlier_beta_1_2",1,0.5,2015,10,10,FALSE,0.320334392077608
"constant observation effort",27,4,1999,"Solow","later_beta_2_1",1,0.5,2007,2,2,FALSE,0.225625000128039
"constant observation effort",27,4,1999,"Solow","uniform",1,0.6,2008,3,3,FALSE,0.264764919462367
"constant observation effort",27,4,1999,"Solow","earlier_beta_1_2",1,0.6,2012,7,7,FALSE,0.320334392077608
"constant observation effort",27,4,1999,"Solow","later_beta_2_1",1,0.6,2005,0,0,FALSE,0.225625000128039
"constant observation effort",27,4,1999,"Effort_fixed_alpha","uniform",0.6,0.5,2016,11,11,FALSE,0.432700352947542
"constant observation effort",27,4,1999,"Effort_fixed_alpha","uniform",0.8,0.5,2013,8,8,FALSE,0.346801780894983
"constant observation effort",27,4,1999,"Effort_fixed_alpha","uniform",1,0.5,2011,6,6,FALSE,0.264764919323709
"constant observation effort",27,4,1999,"Effort_fixed_alpha","uniform",1.2,0.5,2009,4,4,FALSE,0.192635370630213
"constant observation effort",27,4,1999,"Effort_fixed_alpha","uniform",1.5,0.5,2008,3,3,FALSE,0.110240519881341
"constant observation effort",27,4,1999,"Effort_fixed_alpha","uniform",1.8,0.5,2007,2,2,FALSE,0.0583576308126575
"constant observation effort",27,4,1999,"Solow_te_median","uniform",1,-1,2003,-2,2,FALSE,-1
"constant observation effort",27,4,1999,"Solow_te_median","earlier_beta_1_2",1,-1,2002,-3,3,FALSE,-1
"constant observation effort",27,4,1999,"Solow_te_median","later_beta_2_1",1,-1,2004,-1,1,FALSE,-1
"constant observation effort",27,4,1999,"Effort_te_median","uniform",0.6,-1,2005,0,0,FALSE,-1
"constant observation effort",27,4,1999,"Effort_te_median","uniform",1,-1,2003,-2,2,FALSE,-1
"constant observation effort",27,4,1999,"Effort_te_median","uniform",1.5,-1,2002,-3,3,FALSE,-1
"constant observation effort",27,4,1999,"Effort_te_median","uniform",1.8,-1,2001,-4,4,FALSE,-1
"constant observation effort",28,3,2001,"Solow","uniform",1,0.3,NA,NA,NA,TRUE,0.432141107079679
"constant observation effort",28,3,2001,"Solow","earlier_beta_1_2",1,0.3,NA,NA,NA,TRUE,0.549875311555505
"constant observation effort",28,3,2001,"Solow","later_beta_2_1",1,0.3,NA,NA,NA,TRUE,0.35593220315965
"constant observation effort",28,3,2001,"Solow","uniform",1,0.4,NA,NA,NA,TRUE,0.432141107079679
"constant observation effort",28,3,2001,"Solow","earlier_beta_1_2",1,0.4,NA,NA,NA,TRUE,0.549875311555505
"constant observation effort",28,3,2001,"Solow","later_beta_2_1",1,0.4,2017,12,12,FALSE,0.35593220315965
"constant observation effort",28,3,2001,"Solow","uniform",1,0.5,2017,12,12,FALSE,0.432141107079679
"constant observation effort",28,3,2001,"Solow","earlier_beta_1_2",1,0.5,NA,NA,NA,TRUE,0.549875311555505
"constant observation effort",28,3,2001,"Solow","later_beta_2_1",1,0.5,2012,7,7,FALSE,0.35593220315965
"constant observation effort",28,3,2001,"Solow","uniform",1,0.6,2013,8,8,FALSE,0.432141107079679
"constant observation effort",28,3,2001,"Solow","earlier_beta_1_2",1,0.6,2019,14,14,FALSE,0.549875311555505
"constant observation effort",28,3,2001,"Solow","later_beta_2_1",1,0.6,2009,4,4,FALSE,0.35593220315965
"constant observation effort",28,3,2001,"Effort_fixed_alpha","uniform",0.6,0.5,NA,NA,NA,TRUE,0.542574667644653
"constant observation effort",28,3,2001,"Effort_fixed_alpha","uniform",0.8,0.5,2020,15,15,FALSE,0.48869486998688
"constant observation effort",28,3,2001,"Effort_fixed_alpha","uniform",1,0.5,2017,12,12,FALSE,0.432141107300343
"constant observation effort",28,3,2001,"Effort_fixed_alpha","uniform",1.2,0.5,2015,10,10,FALSE,0.374610197011166
"constant observation effort",28,3,2001,"Effort_fixed_alpha","uniform",1.5,0.5,2013,8,8,FALSE,0.290753864056959
"constant observation effort",28,3,2001,"Effort_fixed_alpha","uniform",1.8,0.5,2011,6,6,FALSE,0.21533466077421
"constant observation effort",28,3,2001,"Solow_te_median","uniform",1,-1,2006,1,1,FALSE,-1
"constant observation effort",28,3,2001,"Solow_te_median","earlier_beta_1_2",1,-1,2004,-1,1,FALSE,-1
"constant observation effort",28,3,2001,"Solow_te_median","later_beta_2_1",1,-1,2008,3,3,FALSE,-1
"constant observation effort",28,3,2001,"Effort_te_median","uniform",0.6,-1,2008,3,3,FALSE,-1
"constant observation effort",28,3,2001,"Effort_te_median","uniform",1,-1,2006,1,1,FALSE,-1
"constant observation effort",28,3,2001,"Effort_te_median","uniform",1.5,-1,2005,0,0,FALSE,-1
"constant observation effort",28,3,2001,"Effort_te_median","uniform",1.8,-1,2004,-1,1,FALSE,-1
"constant observation effort",29,2,2004,"Solow","uniform",1,0.3,NA,NA,NA,TRUE,0.599999999454316
"constant observation effort",29,2,2004,"Solow","earlier_beta_1_2",1,0.3,NA,NA,NA,TRUE,0.762379855897058
"constant observation effort",29,2,2004,"Solow","later_beta_2_1",1,0.3,NA,NA,NA,TRUE,0.494645157026624
"constant observation effort",29,2,2004,"Solow","uniform",1,0.4,NA,NA,NA,TRUE,0.599999999454316
"constant observation effort",29,2,2004,"Solow","earlier_beta_1_2",1,0.4,NA,NA,NA,TRUE,0.762379855897058
"constant observation effort",29,2,2004,"Solow","later_beta_2_1",1,0.4,NA,NA,NA,TRUE,0.494645157026624
"constant observation effort",29,2,2004,"Solow","uniform",1,0.5,NA,NA,NA,TRUE,0.599999999454316
"constant observation effort",29,2,2004,"Solow","earlier_beta_1_2",1,0.5,NA,NA,NA,TRUE,0.762379855897058
"constant observation effort",29,2,2004,"Solow","later_beta_2_1",1,0.5,2020,15,15,FALSE,0.494645157026624
"constant observation effort",29,2,2004,"Solow","uniform",1,0.6,2020,15,15,FALSE,0.599999999454316
"constant observation effort",29,2,2004,"Solow","earlier_beta_1_2",1,0.6,NA,NA,NA,TRUE,0.762379855897058
"constant observation effort",29,2,2004,"Solow","later_beta_2_1",1,0.6,2014,9,9,FALSE,0.494645157026624
"constant observation effort",29,2,2004,"Effort_fixed_alpha","uniform",0.6,0.5,NA,NA,NA,TRUE,0.650266208869757
"constant observation effort",29,2,2004,"Effort_fixed_alpha","uniform",0.8,0.5,NA,NA,NA,TRUE,0.625876760322535
"constant observation effort",29,2,2004,"Effort_fixed_alpha","uniform",1,0.5,NA,NA,NA,TRUE,0.6
"constant observation effort",29,2,2004,"Effort_fixed_alpha","uniform",1.2,0.5,NA,NA,NA,TRUE,0.572713005133088
"constant observation effort",29,2,2004,"Effort_fixed_alpha","uniform",1.5,0.5,NA,NA,NA,TRUE,0.529411764705882
"constant observation effort",29,2,2004,"Effort_fixed_alpha","uniform",1.8,0.5,2020,15,15,FALSE,0.483807144746627
"constant observation effort",29,2,2004,"Solow_te_median","uniform",1,-1,2010,5,5,FALSE,-1
"constant observation effort",29,2,2004,"Solow_te_median","earlier_beta_1_2",1,-1,2008,3,3,FALSE,-1
"constant observation effort",29,2,2004,"Solow_te_median","later_beta_2_1",1,-1,2011,6,6,FALSE,-1
"constant observation effort",29,2,2004,"Effort_te_median","uniform",0.6,-1,2011,6,6,FALSE,-1
"constant observation effort",29,2,2004,"Effort_te_median","uniform",1,-1,2010,5,5,FALSE,-1
"constant observation effort",29,2,2004,"Effort_te_median","uniform",1.5,-1,2009,4,4,FALSE,-1
"constant observation effort",29,2,2004,"Effort_te_median","uniform",1.8,-1,2009,4,4,FALSE,-1
"constant observation effort",30,5,2001,"Solow","uniform",1,0.3,2018,13,13,FALSE,0.247475141062342
"constant observation effort",30,5,2001,"Solow","earlier_beta_1_2",1,0.3,NA,NA,NA,TRUE,0.318354478480261
"constant observation effort",30,5,2001,"Solow","later_beta_2_1",1,0.3,2015,10,10,FALSE,0.20241000717764
"constant observation effort",30,5,2001,"Solow","uniform",1,0.4,2015,10,10,FALSE,0.247475141062342
"constant observation effort",30,5,2001,"Solow","earlier_beta_1_2",1,0.4,2018,13,13,FALSE,0.318354478480261
"constant observation effort",30,5,2001,"Solow","later_beta_2_1",1,0.4,2012,7,7,FALSE,0.20241000717764
"constant observation effort",30,5,2001,"Solow","uniform",1,0.5,2012,7,7,FALSE,0.247475141062342
"constant observation effort",30,5,2001,"Solow","earlier_beta_1_2",1,0.5,2016,11,11,FALSE,0.318354478480261
"constant observation effort",30,5,2001,"Solow","later_beta_2_1",1,0.5,2009,4,4,FALSE,0.20241000717764
"constant observation effort",30,5,2001,"Solow","uniform",1,0.6,2010,5,5,FALSE,0.247475141062342
"constant observation effort",30,5,2001,"Solow","earlier_beta_1_2",1,0.6,2014,9,9,FALSE,0.318354478480261
"constant observation effort",30,5,2001,"Solow","later_beta_2_1",1,0.6,2007,2,2,FALSE,0.20241000717764
"constant observation effort",30,5,2001,"Effort_fixed_alpha","uniform",0.6,0.5,2017,12,12,FALSE,0.432141107300343
"constant observation effort",30,5,2001,"Effort_fixed_alpha","uniform",0.8,0.5,2014,9,9,FALSE,0.336673856668525
"constant observation effort",30,5,2001,"Effort_fixed_alpha","uniform",1,0.5,2012,7,7,FALSE,0.247475141111196
"constant observation effort",30,5,2001,"Effort_fixed_alpha","uniform",1.2,0.5,2011,6,6,FALSE,0.17198183802164
"constant observation effort",30,5,2001,"Effort_fixed_alpha","uniform",1.5,0.5,2009,4,4,FALSE,0.0910211095460659
"constant observation effort",30,5,2001,"Effort_fixed_alpha","uniform",1.8,0.5,2008,3,3,FALSE,0.0443776618129503
"constant observation effort",30,5,2001,"Solow_te_median","uniform",1,-1,2005,0,0,FALSE,-1
"constant observation effort",30,5,2001,"Solow_te_median","earlier_beta_1_2",1,-1,2004,-1,1,FALSE,-1
"constant observation effort",30,5,2001,"Solow_te_median","later_beta_2_1",1,-1,2005,0,0,FALSE,-1
"constant observation effort",30,5,2001,"Effort_te_median","uniform",0.6,-1,2006,1,1,FALSE,-1
"constant observation effort",30,5,2001,"Effort_te_median","uniform",1,-1,2005,0,0,FALSE,-1
"constant observation effort",30,5,2001,"Effort_te_median","uniform",1.5,-1,2003,-2,2,FALSE,-1
"constant observation effort",30,5,2001,"Effort_te_median","uniform",1.8,-1,2003,-2,2,FALSE,-1
"constant observation effort",31,3,1997,"Solow","uniform",1,0.3,NA,NA,NA,TRUE,0.305982000993917
"constant observation effort",31,3,1997,"Solow","earlier_beta_1_2",1,0.3,NA,NA,NA,TRUE,0.353300733442194
"constant observation effort",31,3,1997,"Solow","later_beta_2_1",1,0.3,2017,12,12,FALSE,0.26984126977199
"constant observation effort",31,3,1997,"Solow","uniform",1,0.4,2014,9,9,FALSE,0.305982000993917
"constant observation effort",31,3,1997,"Solow","earlier_beta_1_2",1,0.4,2018,13,13,FALSE,0.353300733442194
"constant observation effort",31,3,1997,"Solow","later_beta_2_1",1,0.4,2010,5,5,FALSE,0.26984126977199
"constant observation effort",31,3,1997,"Solow","uniform",1,0.5,2010,5,5,FALSE,0.305982000993917
"constant observation effort",31,3,1997,"Solow","earlier_beta_1_2",1,0.5,2014,9,9,FALSE,0.353300733442194
"constant observation effort",31,3,1997,"Solow","later_beta_2_1",1,0.5,2006,1,1,FALSE,0.26984126977199
"constant observation effort",31,3,1997,"Solow","uniform",1,0.6,2006,1,1,FALSE,0.305982000993917
"constant observation effort",31,3,1997,"Solow","earlier_beta_1_2",1,0.6,2011,6,6,FALSE,0.353300733442194
"constant observation effort",31,3,1997,"Solow","later_beta_2_1",1,0.6,2003,-2,2,FALSE,0.26984126977199
"constant observation effort",31,3,1997,"Effort_fixed_alpha","uniform",0.6,0.5,2016,11,11,FALSE,0.448720902124142
"constant observation effort",31,3,1997,"Effort_fixed_alpha","uniform",0.8,0.5,2012,7,7,FALSE,0.377027209530419
"constant observation effort",31,3,1997,"Effort_fixed_alpha","uniform",1,0.5,2010,5,5,FALSE,0.305982001058761
"constant observation effort",31,3,1997,"Effort_fixed_alpha","uniform",1.2,0.5,2008,3,3,FALSE,0.239609205137134
"constant observation effort",31,3,1997,"Effort_fixed_alpha","uniform",1.5,0.5,2007,2,2,FALSE,0.155680166482299
"constant observation effort",31,3,1997,"Effort_fixed_alpha","uniform",1.8,0.5,2005,0,0,FALSE,0.0945002514473329
"constant observation effort",31,3,1997,"Solow_te_median","uniform",1,-1,2002,-3,3,FALSE,-1
"constant observation effort",31,3,1997,"Solow_te_median","earlier_beta_1_2",1,-1,2000,-5,5,FALSE,-1
"constant observation effort",31,3,1997,"Solow_te_median","later_beta_2_1",1,-1,2004,-1,1,FALSE,-1
"constant observation effort",31,3,1997,"Effort_te_median","uniform",0.6,-1,2004,-1,1,FALSE,-1
"constant observation effort",31,3,1997,"Effort_te_median","uniform",1,-1,2002,-3,3,FALSE,-1
"constant observation effort",31,3,1997,"Effort_te_median","uniform",1.5,-1,2000,-5,5,FALSE,-1
"constant observation effort",31,3,1997,"Effort_te_median","uniform",1.8,-1,2000,-5,5,FALSE,-1
"constant observation effort",32,7,2004,"Solow","uniform",1,0.3,2018,13,13,FALSE,0.226984950579949
"constant observation effort",32,7,2004,"Solow","earlier_beta_1_2",1,0.3,NA,NA,NA,TRUE,0.32603834323064
"constant observation effort",32,7,2004,"Solow","later_beta_2_1",1,0.3,2016,11,11,FALSE,0.174093709612918
"constant observation effort",32,7,2004,"Solow","uniform",1,0.4,2016,11,11,FALSE,0.226984950579949
"constant observation effort",32,7,2004,"Solow","earlier_beta_1_2",1,0.4,2019,14,14,FALSE,0.32603834323064
"constant observation effort",32,7,2004,"Solow","later_beta_2_1",1,0.4,2013,8,8,FALSE,0.174093709612918
"constant observation effort",32,7,2004,"Solow","uniform",1,0.5,2014,9,9,FALSE,0.226984950579949
"constant observation effort",32,7,2004,"Solow","earlier_beta_1_2",1,0.5,2017,12,12,FALSE,0.32603834323064
"constant observation effort",32,7,2004,"Solow","later_beta_2_1",1,0.5,2011,6,6,FALSE,0.174093709612918
"constant observation effort",32,7,2004,"Solow","uniform",1,0.6,2012,7,7,FALSE,0.226984950579949
"constant observation effort",32,7,2004,"Solow","earlier_beta_1_2",1,0.6,2016,11,11,FALSE,0.32603834323064
"constant observation effort",32,7,2004,"Solow","later_beta_2_1",1,0.6,2010,5,5,FALSE,0.174093709612918
"constant observation effort",32,7,2004,"Effort_fixed_alpha","uniform",0.6,0.5,2018,13,13,FALSE,0.436703751598268
"constant observation effort",32,7,2004,"Effort_fixed_alpha","uniform",0.8,0.5,2015,10,10,FALSE,0.32662450195367
"constant observation effort",32,7,2004,"Effort_fixed_alpha","uniform",1,0.5,2014,9,9,FALSE,0.226984950700571
"constant observation effort",32,7,2004,"Effort_fixed_alpha","uniform",1.2,0.5,2012,7,7,FALSE,0.147349173634531
"constant observation effort",32,7,2004,"Effort_fixed_alpha","uniform",1.5,0.5,2011,6,6,FALSE,0.0695440189494214
"constant observation effort",32,7,2004,"Effort_fixed_alpha","uniform",1.8,0.5,2010,5,5,FALSE,0.0301224729427311
"constant observation effort",32,7,2004,"Solow_te_median","uniform",1,-1,2007,2,2,FALSE,-1
"constant observation effort",32,7,2004,"Solow_te_median","earlier_beta_1_2",1,-1,2006,1,1,FALSE,-1
"constant observation effort",32,7,2004,"Solow_te_median","later_beta_2_1",1,-1,2007,2,2,FALSE,-1
"constant observation effort",32,7,2004,"Effort_te_median","uniform",0.6,-1,2008,3,3,FALSE,-1
"constant observation effort",32,7,2004,"Effort_te_median","uniform",1,-1,2007,2,2,FALSE,-1
"constant observation effort",32,7,2004,"Effort_te_median","uniform",1.5,-1,2006,1,1,FALSE,-1
"constant observation effort",32,7,2004,"Effort_te_median","uniform",1.8,-1,2005,0,0,FALSE,-1
"constant observation effort",33,2,1998,"Solow","uniform",1,0.3,NA,NA,NA,TRUE,0.449999999956592
"constant observation effort",33,2,1998,"Solow","earlier_beta_1_2",1,0.3,NA,NA,NA,TRUE,0.541292775936214
"constant observation effort",33,2,1998,"Solow","later_beta_2_1",1,0.3,NA,NA,NA,TRUE,0.385057401975263
"constant observation effort",33,2,1998,"Solow","uniform",1,0.4,NA,NA,NA,TRUE,0.449999999956592
"constant observation effort",33,2,1998,"Solow","earlier_beta_1_2",1,0.4,NA,NA,NA,TRUE,0.541292775936214
"constant observation effort",33,2,1998,"Solow","later_beta_2_1",1,0.4,2019,14,14,FALSE,0.385057401975263
"constant observation effort",33,2,1998,"Solow","uniform",1,0.5,2017,12,12,FALSE,0.449999999956592
"constant observation effort",33,2,1998,"Solow","earlier_beta_1_2",1,0.5,NA,NA,NA,TRUE,0.541292775936214
"constant observation effort",33,2,1998,"Solow","later_beta_2_1",1,0.5,2010,5,5,FALSE,0.385057401975263
"constant observation effort",33,2,1998,"Solow","uniform",1,0.6,2010,5,5,FALSE,0.449999999956592
"constant observation effort",33,2,1998,"Solow","earlier_beta_1_2",1,0.6,2017,12,12,FALSE,0.541292775936214
"constant observation effort",33,2,1998,"Solow","later_beta_2_1",1,0.6,2006,1,1,FALSE,0.385057401975263
"constant observation effort",33,2,1998,"Effort_fixed_alpha","uniform",0.6,0.5,NA,NA,NA,TRUE,0.535962154363942
"constant observation effort",33,2,1998,"Effort_fixed_alpha","uniform",0.8,0.5,2020,15,15,FALSE,0.493978384782147
"constant observation effort",33,2,1998,"Effort_fixed_alpha","uniform",1,0.5,2016,11,11,FALSE,0.45
"constant observation effort",33,2,1998,"Effort_fixed_alpha","uniform",1.2,0.5,2014,9,9,FALSE,0.404804717809103
"constant observation effort",33,2,1998,"Effort_fixed_alpha","uniform",1.5,0.5,2012,7,7,FALSE,0.336798336798337
"constant observation effort",33,2,1998,"Effort_fixed_alpha","uniform",1.8,0.5,2010,5,5,FALSE,0.271583814768941
"constant observation effort",33,2,1998,"Solow_te_median","uniform",1,-1,2005,0,0,FALSE,-1
"constant observation effort",33,2,1998,"Solow_te_median","earlier_beta_1_2",1,-1,2002,-3,3,FALSE,-1
"constant observation effort",33,2,1998,"Solow_te_median","later_beta_2_1",1,-1,2007,2,2,FALSE,-1
"constant observation effort",33,2,1998,"Effort_te_median","uniform",0.6,-1,2006,1,1,FALSE,-1
"constant observation effort",33,2,1998,"Effort_te_median","uniform",1,-1,2005,0,0,FALSE,-1
"constant observation effort",33,2,1998,"Effort_te_median","uniform",1.5,-1,2003,-2,2,FALSE,-1
"constant observation effort",33,2,1998,"Effort_te_median","uniform",1.8,-1,2002,-3,3,FALSE,-1
"constant observation effort",34,6,1997,"Solow","uniform",1,0.3,2009,4,4,FALSE,0.0656858121049844
"constant observation effort",34,6,1997,"Solow","earlier_beta_1_2",1,0.3,2011,6,6,FALSE,0.0683878122247341
"constant observation effort",34,6,1997,"Solow","later_beta_2_1",1,0.3,2007,2,2,FALSE,0.063189208635088
"constant observation effort",34,6,1997,"Solow","uniform",1,0.4,2007,2,2,FALSE,0.0656858121049844
"constant observation effort",34,6,1997,"Solow","earlier_beta_1_2",1,0.4,2009,4,4,FALSE,0.0683878122247341
"constant observation effort",34,6,1997,"Solow","later_beta_2_1",1,0.4,2005,0,0,FALSE,0.063189208635088
"constant observation effort",34,6,1997,"Solow","uniform",1,0.5,2005,0,0,FALSE,0.0656858121049844
"constant observation effort",34,6,1997,"Solow","earlier_beta_1_2",1,0.5,2008,3,3,FALSE,0.0683878122247341
"constant observation effort",34,6,1997,"Solow","later_beta_2_1",1,0.5,2003,-2,2,FALSE,0.063189208635088
"constant observation effort",34,6,1997,"Solow","uniform",1,0.6,2003,-2,2,FALSE,0.0656858121049844
"constant observation effort",34,6,1997,"Solow","earlier_beta_1_2",1,0.6,2006,1,1,FALSE,0.0683878122247341
"constant observation effort",34,6,1997,"Solow","later_beta_2_1",1,0.6,2002,-3,3,FALSE,0.063189208635088
"constant observation effort",34,6,1997,"Effort_fixed_alpha","uniform",0.6,0.5,2008,3,3,FALSE,0.239609205137134
"constant observation effort",34,6,1997,"Effort_fixed_alpha","uniform",0.8,0.5,2006,1,1,FALSE,0.13272855309464
"constant observation effort",34,6,1997,"Effort_fixed_alpha","uniform",1,0.5,2005,0,0,FALSE,0.0656858121047791
"constant observation effort",34,6,1997,"Effort_fixed_alpha","uniform",1.2,0.5,2004,-1,1,FALSE,0.0300144522362182
"constant observation effort",34,6,1997,"Effort_fixed_alpha","uniform",1.5,0.5,2003,-2,2,FALSE,0.0084523511759541
"constant observation effort",34,6,1997,"Effort_fixed_alpha","uniform",1.8,0.5,2002,-3,3,FALSE,0.00223134405732552
"constant observation effort",34,6,1997,"Solow_te_median","uniform",1,-1,1999,-6,6,FALSE,-1
"constant observation effort",34,6,1997,"Solow_te_median","earlier_beta_1_2",1,-1,1999,-6,6,FALSE,-1
"constant observation effort",34,6,1997,"Solow_te_median","later_beta_2_1",1,-1,2000,-5,5,FALSE,-1
"constant observation effort",34,6,1997,"Effort_te_median","uniform",0.6,-1,2001,-4,4,FALSE,-1
"constant observation effort",34,6,1997,"Effort_te_median","uniform",1,-1,1999,-6,6,FALSE,-1
"constant observation effort",34,6,1997,"Effort_te_median","uniform",1.5,-1,1999,-6,6,FALSE,-1
"constant observation effort",34,6,1997,"Effort_te_median","uniform",1.8,-1,1998,-7,7,FALSE,-1
"constant observation effort",35,3,1999,"Solow","uniform",1,0.3,NA,NA,NA,TRUE,0.368179500143555
"constant observation effort",35,3,1999,"Solow","earlier_beta_1_2",1,0.3,NA,NA,NA,TRUE,0.450124688168402
"constant observation effort",35,3,1999,"Solow","later_beta_2_1",1,0.3,NA,NA,NA,TRUE,0.311475409729687
"constant observation effort",35,3,1999,"Solow","uniform",1,0.4,2018,13,13,FALSE,0.368179500143555
"constant observation effort",35,3,1999,"Solow","earlier_beta_1_2",1,0.4,NA,NA,NA,TRUE,0.450124688168402
"constant observation effort",35,3,1999,"Solow","later_beta_2_1",1,0.4,2014,9,9,FALSE,0.311475409729687
"constant observation effort",35,3,1999,"Solow","uniform",1,0.5,2013,8,8,FALSE,0.368179500143555
"constant observation effort",35,3,1999,"Solow","earlier_beta_1_2",1,0.5,2018,13,13,FALSE,0.450124688168402
"constant observation effort",35,3,1999,"Solow","later_beta_2_1",1,0.5,2009,4,4,FALSE,0.311475409729687
"constant observation effort",35,3,1999,"Solow","uniform",1,0.6,2010,5,5,FALSE,0.368179500143555
"constant observation effort",35,3,1999,"Solow","earlier_beta_1_2",1,0.6,2015,10,10,FALSE,0.450124688168402
"constant observation effort",35,3,1999,"Solow","later_beta_2_1",1,0.6,2006,1,1,FALSE,0.311475409729687
"constant observation effort",35,3,1999,"Effort_fixed_alpha","uniform",0.6,0.5,2020,15,15,FALSE,0.495652906060522
"constant observation effort",35,3,1999,"Effort_fixed_alpha","uniform",0.8,0.5,2016,11,11,FALSE,0.432700352947542
"constant observation effort",35,3,1999,"Effort_fixed_alpha","uniform",1,0.5,2013,8,8,FALSE,0.368179500254972
"constant observation effort",35,3,1999,"Effort_fixed_alpha","uniform",1.2,0.5,2012,7,7,FALSE,0.304884472698678
"constant observation effort",35,3,1999,"Effort_fixed_alpha","uniform",1.5,0.5,2010,5,5,FALSE,0.218224125643856
"constant observation effort",35,3,1999,"Effort_fixed_alpha","uniform",1.8,0.5,2008,3,3,FALSE,0.147366864908084
"constant observation effort",35,3,1999,"Solow_te_median","uniform",1,-1,2004,-1,1,FALSE,-1
"constant observation effort",35,3,1999,"Solow_te_median","earlier_beta_1_2",1,-1,2002,-3,3,FALSE,-1
"constant observation effort",35,3,1999,"Solow_te_median","later_beta_2_1",1,-1,2006,1,1,FALSE,-1
"constant observation effort",35,3,1999,"Effort_te_median","uniform",0.6,-1,2006,1,1,FALSE,-1
"constant observation effort",35,3,1999,"Effort_te_median","uniform",1,-1,2004,-1,1,FALSE,-1
"constant observation effort",35,3,1999,"Effort_te_median","uniform",1.5,-1,2003,-2,2,FALSE,-1
"constant observation effort",35,3,1999,"Effort_te_median","uniform",1.8,-1,2002,-3,3,FALSE,-1
"constant observation effort",36,3,1988,"Solow","uniform",1,0.3,2000,-5,5,FALSE,0.0769230766293701
"constant observation effort",36,3,1988,"Solow","earlier_beta_1_2",1,0.3,2001,-4,4,FALSE,0.0588235291551325
"constant observation effort",36,3,1988,"Solow","later_beta_2_1",1,0.3,1998,-7,7,FALSE,0.111111110801158
"constant observation effort",36,3,1988,"Solow","uniform",1,0.4,1996,-9,9,FALSE,0.0769230766293701
"constant observation effort",36,3,1988,"Solow","earlier_beta_1_2",1,0.4,1998,-7,7,FALSE,0.0588235291551325
"constant observation effort",36,3,1988,"Solow","later_beta_2_1",1,0.4,1994,-11,11,FALSE,0.111111110801158
"constant observation effort",36,3,1988,"Solow","uniform",1,0.5,1994,-11,11,FALSE,0.0769230766293701
"constant observation effort",36,3,1988,"Solow","earlier_beta_1_2",1,0.5,1996,-9,9,FALSE,0.0588235291551325
"constant observation effort",36,3,1988,"Solow","later_beta_2_1",1,0.5,1992,-13,13,FALSE,0.111111110801158
"constant observation effort",36,3,1988,"Solow","uniform",1,0.6,1993,-12,12,FALSE,0.0769230766293701
"constant observation effort",36,3,1988,"Solow","earlier_beta_1_2",1,0.6,1995,-10,10,FALSE,0.0588235291551325
"constant observation effort",36,3,1988,"Solow","later_beta_2_1",1,0.6,1991,-14,14,FALSE,0.111111110801158
"constant observation effort",36,3,1988,"Effort_fixed_alpha","uniform",0.6,0.5,NA,NA,NA,TRUE,NA
"constant observation effort",36,3,1988,"Effort_fixed_alpha","uniform",0.8,0.5,NA,NA,NA,TRUE,NA
"constant observation effort",36,3,1988,"Effort_fixed_alpha","uniform",1,0.5,NA,NA,NA,TRUE,NA
"constant observation effort",36,3,1988,"Effort_fixed_alpha","uniform",1.2,0.5,NA,NA,NA,TRUE,NA
"constant observation effort",36,3,1988,"Effort_fixed_alpha","uniform",1.5,0.5,NA,NA,NA,TRUE,NA
"constant observation effort",36,3,1988,"Effort_fixed_alpha","uniform",1.8,0.5,NA,NA,NA,TRUE,NA
"constant observation effort",36,3,1988,"Solow_te_median","uniform",1,-1,1991,-14,14,FALSE,-1
"constant observation effort",36,3,1988,"Solow_te_median","earlier_beta_1_2",1,-1,1990,-15,15,FALSE,-1
"constant observation effort",36,3,1988,"Solow_te_median","later_beta_2_1",1,-1,1993,-12,12,FALSE,-1
"constant observation effort",36,3,1988,"Effort_te_median","uniform",0.6,-1,NA,NA,NA,TRUE,-1
"constant observation effort",36,3,1988,"Effort_te_median","uniform",1,-1,NA,NA,NA,TRUE,-1
"constant observation effort",36,3,1988,"Effort_te_median","uniform",1.5,-1,NA,NA,NA,TRUE,-1
"constant observation effort",36,3,1988,"Effort_te_median","uniform",1.8,-1,NA,NA,NA,TRUE,-1
"constant observation effort",37,2,1994,"Solow","uniform",1,0.3,NA,NA,NA,TRUE,0.350000017197121
"constant observation effort",37,2,1994,"Solow","earlier_beta_1_2",1,0.3,NA,NA,NA,TRUE,0.38246163511225
"constant observation effort",37,2,1994,"Solow","later_beta_2_1",1,0.3,NA,NA,NA,TRUE,0.322617683848375
"constant observation effort",37,2,1994,"Solow","uniform",1,0.4,2015,10,10,FALSE,0.350000017197121
"constant observation effort",37,2,1994,"Solow","earlier_beta_1_2",1,0.4,2019,14,14,FALSE,0.38246163511225
"constant observation effort",37,2,1994,"Solow","later_beta_2_1",1,0.4,2010,5,5,FALSE,0.322617683848375
"constant observation effort",37,2,1994,"Solow","uniform",1,0.5,2009,4,4,FALSE,0.350000017197121
"constant observation effort",37,2,1994,"Solow","earlier_beta_1_2",1,0.5,2014,9,9,FALSE,0.38246163511225
"constant observation effort",37,2,1994,"Solow","later_beta_2_1",1,0.5,2004,-1,1,FALSE,0.322617683848375
"constant observation effort",37,2,1994,"Solow","uniform",1,0.6,2004,-1,1,FALSE,0.350000017197121
"constant observation effort",37,2,1994,"Solow","earlier_beta_1_2",1,0.6,2009,4,4,FALSE,0.38246163511225
"constant observation effort",37,2,1994,"Solow","later_beta_2_1",1,0.6,2000,-5,5,FALSE,0.322617683848375
"constant observation effort",37,2,1994,"Effort_fixed_alpha","uniform",0.6,0.5,2015,10,10,FALSE,0.461218263402172
"constant observation effort",37,2,1994,"Effort_fixed_alpha","uniform",0.8,0.5,2011,6,6,FALSE,0.406116053232923
"constant observation effort",37,2,1994,"Effort_fixed_alpha","uniform",1,0.5,2008,3,3,FALSE,0.35
"constant observation effort",37,2,1994,"Effort_fixed_alpha","uniform",1.2,0.5,2007,2,2,FALSE,0.294851542174923
"constant observation effort",37,2,1994,"Effort_fixed_alpha","uniform",1.5,0.5,2005,0,0,FALSE,0.21826280623608
"constant observation effort",37,2,1994,"Effort_fixed_alpha","uniform",1.8,0.5,2003,-2,2,FALSE,0.153611668248002
"constant observation effort",37,2,1994,"Solow_te_median","uniform",1,-1,2001,-4,4,FALSE,-1
"constant observation effort",37,2,1994,"Solow_te_median","earlier_beta_1_2",1,-1,1998,-7,7,FALSE,-1
"constant observation effort",37,2,1994,"Solow_te_median","later_beta_2_1",1,-1,2004,-1,1,FALSE,-1
"constant observation effort",37,2,1994,"Effort_te_median","uniform",0.6,-1,2003,-2,2,FALSE,-1
"constant observation effort",37,2,1994,"Effort_te_median","uniform",1,-1,2001,-4,4,FALSE,-1
"constant observation effort",37,2,1994,"Effort_te_median","uniform",1.5,-1,1999,-6,6,FALSE,-1
"constant observation effort",37,2,1994,"Effort_te_median","uniform",1.8,-1,1998,-7,7,FALSE,-1
"constant observation effort",38,3,2003,"Solow","uniform",1,0.3,NA,NA,NA,TRUE,0.496946923322228
"constant observation effort",38,3,2003,"Solow","earlier_beta_1_2",1,0.3,NA,NA,NA,TRUE,0.646699266373735
"constant observation effort",38,3,2003,"Solow","later_beta_2_1",1,0.3,NA,NA,NA,TRUE,0.403508771827442
"constant observation effort",38,3,2003,"Solow","uniform",1,0.4,NA,NA,NA,TRUE,0.496946923322228
"constant observation effort",38,3,2003,"Solow","earlier_beta_1_2",1,0.4,NA,NA,NA,TRUE,0.646699266373735
"constant observation effort",38,3,2003,"Solow","later_beta_2_1",1,0.4,NA,NA,NA,TRUE,0.403508771827442
"constant observation effort",38,3,2003,"Solow","uniform",1,0.5,2020,15,15,FALSE,0.496946923322228
"constant observation effort",38,3,2003,"Solow","earlier_beta_1_2",1,0.5,NA,NA,NA,TRUE,0.646699266373735
"constant observation effort",38,3,2003,"Solow","later_beta_2_1",1,0.5,2015,10,10,FALSE,0.403508771827442
"constant observation effort",38,3,2003,"Solow","uniform",1,0.6,2016,11,11,FALSE,0.496946923322228
"constant observation effort",38,3,2003,"Solow","earlier_beta_1_2",1,0.6,NA,NA,NA,TRUE,0.646699266373735
"constant observation effort",38,3,2003,"Solow","later_beta_2_1",1,0.6,2011,6,6,FALSE,0.403508771827442
"constant observation effort",38,3,2003,"Effort_fixed_alpha","uniform",0.6,0.5,NA,NA,NA,TRUE,NA
"constant observation effort",38,3,2003,"Effort_fixed_alpha","uniform",0.8,0.5,NA,NA,NA,TRUE,NA
"constant observation effort",38,3,2003,"Effort_fixed_alpha","uniform",1,0.5,NA,NA,NA,TRUE,NA
"constant observation effort",38,3,2003,"Effort_fixed_alpha","uniform",1.2,0.5,NA,NA,NA,TRUE,NA
"constant observation effort",38,3,2003,"Effort_fixed_alpha","uniform",1.5,0.5,NA,NA,NA,TRUE,NA
"constant observation effort",38,3,2003,"Effort_fixed_alpha","uniform",1.8,0.5,NA,NA,NA,TRUE,NA
"constant observation effort",38,3,2003,"Solow_te_median","uniform",1,-1,2008,3,3,FALSE,-1
"constant observation effort",38,3,2003,"Solow_te_median","earlier_beta_1_2",1,-1,2006,1,1,FALSE,-1
"constant observation effort",38,3,2003,"Solow_te_median","later_beta_2_1",1,-1,2009,4,4,FALSE,-1
"constant observation effort",38,3,2003,"Effort_te_median","uniform",0.6,-1,NA,NA,NA,TRUE,-1
"constant observation effort",38,3,2003,"Effort_te_median","uniform",1,-1,NA,NA,NA,TRUE,-1
"constant observation effort",38,3,2003,"Effort_te_median","uniform",1.5,-1,NA,NA,NA,TRUE,-1
"constant observation effort",38,3,2003,"Effort_te_median","uniform",1.8,-1,NA,NA,NA,TRUE,-1
"constant observation effort",39,4,1994,"Solow","uniform",1,0.3,2009,4,4,FALSE,0.118466497738601
"constant observation effort",39,4,1994,"Solow","earlier_beta_1_2",1,0.3,2011,6,6,FALSE,0.114690147042993
"constant observation effort",39,4,1994,"Solow","later_beta_2_1",1,0.3,2006,1,1,FALSE,0.122499999934668
"constant observation effort",39,4,1994,"Solow","uniform",1,0.4,2005,0,0,FALSE,0.118466497738601
"constant observation effort",39,4,1994,"Solow","earlier_beta_1_2",1,0.4,2008,3,3,FALSE,0.114690147042993
"constant observation effort",39,4,1994,"Solow","later_beta_2_1",1,0.4,2003,-2,2,FALSE,0.122499999934668
"constant observation effort",39,4,1994,"Solow","uniform",1,0.5,2003,-2,2,FALSE,0.118466497738601
"constant observation effort",39,4,1994,"Solow","earlier_beta_1_2",1,0.5,2006,1,1,FALSE,0.114690147042993
"constant observation effort",39,4,1994,"Solow","later_beta_2_1",1,0.5,2000,-5,5,FALSE,0.122499999934668
"constant observation effort",39,4,1994,"Solow","uniform",1,0.6,2001,-4,4,FALSE,0.118466497738601
"constant observation effort",39,4,1994,"Solow","earlier_beta_1_2",1,0.6,2004,-1,1,FALSE,0.114690147042993
"constant observation effort",39,4,1994,"Solow","later_beta_2_1",1,0.6,1999,-6,6,FALSE,0.122499999934668
"constant observation effort",39,4,1994,"Effort_fixed_alpha","uniform",0.6,0.5,NA,NA,NA,TRUE,NA
"constant observation effort",39,4,1994,"Effort_fixed_alpha","uniform",0.8,0.5,NA,NA,NA,TRUE,NA
"constant observation effort",39,4,1994,"Effort_fixed_alpha","uniform",1,0.5,NA,NA,NA,TRUE,NA
"constant observation effort",39,4,1994,"Effort_fixed_alpha","uniform",1.2,0.5,NA,NA,NA,TRUE,NA
"constant observation effort",39,4,1994,"Effort_fixed_alpha","uniform",1.5,0.5,NA,NA,NA,TRUE,NA
"constant observation effort",39,4,1994,"Effort_fixed_alpha","uniform",1.8,0.5,NA,NA,NA,TRUE,NA
"constant observation effort",39,4,1994,"Solow_te_median","uniform",1,-1,1997,-8,8,FALSE,-1
"constant observation effort",39,4,1994,"Solow_te_median","earlier_beta_1_2",1,-1,1997,-8,8,FALSE,-1
"constant observation effort",39,4,1994,"Solow_te_median","later_beta_2_1",1,-1,1999,-6,6,FALSE,-1
"constant observation effort",39,4,1994,"Effort_te_median","uniform",0.6,-1,NA,NA,NA,TRUE,-1
"constant observation effort",39,4,1994,"Effort_te_median","uniform",1,-1,NA,NA,NA,TRUE,-1
"constant observation effort",39,4,1994,"Effort_te_median","uniform",1.5,-1,NA,NA,NA,TRUE,-1
"constant observation effort",39,4,1994,"Effort_te_median","uniform",1.8,-1,NA,NA,NA,TRUE,-1
"constant observation effort",40,3,2004,"Solow","uniform",1,0.3,NA,NA,NA,TRUE,0.529411764584833
"constant observation effort",40,3,2004,"Solow","earlier_beta_1_2",1,0.3,NA,NA,NA,TRUE,0.692307692166604
"constant observation effort",40,3,2004,"Solow","later_beta_2_1",1,0.3,NA,NA,NA,TRUE,0.428571428466842
"constant observation effort",40,3,2004,"Solow","uniform",1,0.4,NA,NA,NA,TRUE,0.529411764584833
"constant observation effort",40,3,2004,"Solow","earlier_beta_1_2",1,0.4,NA,NA,NA,TRUE,0.692307692166604
"constant observation effort",40,3,2004,"Solow","later_beta_2_1",1,0.4,NA,NA,NA,TRUE,0.428571428466842
"constant observation effort",40,3,2004,"Solow","uniform",1,0.5,NA,NA,NA,TRUE,0.529411764584833
"constant observation effort",40,3,2004,"Solow","earlier_beta_1_2",1,0.5,NA,NA,NA,TRUE,0.692307692166604
"constant observation effort",40,3,2004,"Solow","later_beta_2_1",1,0.5,2016,11,11,FALSE,0.428571428466842
"constant observation effort",40,3,2004,"Solow","uniform",1,0.6,2017,12,12,FALSE,0.529411764584833
"constant observation effort",40,3,2004,"Solow","earlier_beta_1_2",1,0.6,NA,NA,NA,TRUE,0.692307692166604
"constant observation effort",40,3,2004,"Solow","later_beta_2_1",1,0.6,2013,8,8,FALSE,0.428571428466842
"constant observation effort",40,3,2004,"Effort_fixed_alpha","uniform",0.6,0.5,NA,NA,NA,TRUE,0.613120431238957
"constant observation effort",40,3,2004,"Effort_fixed_alpha","uniform",0.8,0.5,NA,NA,NA,TRUE,0.572713005133088
"constant observation effort",40,3,2004,"Effort_fixed_alpha","uniform",1,0.5,NA,NA,NA,TRUE,0.529411764705882
"constant observation effort",40,3,2004,"Effort_fixed_alpha","uniform",1.2,0.5,2020,15,15,FALSE,0.483807144746627
"constant observation effort",40,3,2004,"Effort_fixed_alpha","uniform",1.5,0.5,2017,12,12,FALSE,0.412890383431787
"constant observation effort",40,3,2004,"Effort_fixed_alpha","uniform",1.8,0.5,2016,11,11,FALSE,0.342005172296748
"constant observation effort",40,3,2004,"Solow_te_median","uniform",1,-1,2009,4,4,FALSE,-1
"constant observation effort",40,3,2004,"Solow_te_median","earlier_beta_1_2",1,-1,2007,2,2,FALSE,-1
"constant observation effort",40,3,2004,"Solow_te_median","later_beta_2_1",1,-1,2010,5,5,FALSE,-1
"constant observation effort",40,3,2004,"Effort_te_median","uniform",0.6,-1,2010,5,5,FALSE,-1
"constant observation effort",40,3,2004,"Effort_te_median","uniform",1,-1,2009,4,4,FALSE,-1
"constant observation effort",40,3,2004,"Effort_te_median","uniform",1.5,-1,2008,3,3,FALSE,-1
"constant observation effort",40,3,2004,"Effort_te_median","uniform",1.8,-1,2007,2,2,FALSE,-1
"constant observation effort, matched expected sightings",1,11,2000,"Solow","uniform",1,0.3,2008,3,3,FALSE,0.00968054211025862
"constant observation effort, matched expected sightings",1,11,2000,"Solow","earlier_beta_1_2",1,0.3,2010,5,5,FALSE,0.0108643167551008
"constant observation effort, matched expected sightings",1,11,2000,"Solow","later_beta_2_1",1,0.3,2007,2,2,FALSE,0.00872938894267013
"constant observation effort, matched expected sightings",1,11,2000,"Solow","uniform",1,0.4,2007,2,2,FALSE,0.00968054211025862
"constant observation effort, matched expected sightings",1,11,2000,"Solow","earlier_beta_1_2",1,0.4,2009,4,4,FALSE,0.0108643167551008
"constant observation effort, matched expected sightings",1,11,2000,"Solow","later_beta_2_1",1,0.4,2006,1,1,FALSE,0.00872938894267013
"constant observation effort, matched expected sightings",1,11,2000,"Solow","uniform",1,0.5,2006,1,1,FALSE,0.00968054211025862
"constant observation effort, matched expected sightings",1,11,2000,"Solow","earlier_beta_1_2",1,0.5,2008,3,3,FALSE,0.0108643167551008
"constant observation effort, matched expected sightings",1,11,2000,"Solow","later_beta_2_1",1,0.5,2005,0,0,FALSE,0.00872938894267013
"constant observation effort, matched expected sightings",1,11,2000,"Solow","uniform",1,0.6,2005,0,0,FALSE,0.00968054211025862
"constant observation effort, matched expected sightings",1,11,2000,"Solow","earlier_beta_1_2",1,0.6,2007,2,2,FALSE,0.0108643167551008
"constant observation effort, matched expected sightings",1,11,2000,"Solow","later_beta_2_1",1,0.6,2004,-1,1,FALSE,0.00872938894267013
"constant observation effort, matched expected sightings",1,11,2000,"Effort_fixed_alpha","uniform",0.6,0.5,NA,NA,NA,TRUE,NA
"constant observation effort, matched expected sightings",1,11,2000,"Effort_fixed_alpha","uniform",0.8,0.5,NA,NA,NA,TRUE,NA
"constant observation effort, matched expected sightings",1,11,2000,"Effort_fixed_alpha","uniform",1,0.5,NA,NA,NA,TRUE,NA
"constant observation effort, matched expected sightings",1,11,2000,"Effort_fixed_alpha","uniform",1.2,0.5,NA,NA,NA,TRUE,NA
"constant observation effort, matched expected sightings",1,11,2000,"Effort_fixed_alpha","uniform",1.5,0.5,NA,NA,NA,TRUE,NA
"constant observation effort, matched expected sightings",1,11,2000,"Effort_fixed_alpha","uniform",1.8,0.5,NA,NA,NA,TRUE,NA
"constant observation effort, matched expected sightings",1,11,2000,"Solow_te_median","uniform",1,-1,2001,-4,4,FALSE,-1
"constant observation effort, matched expected sightings",1,11,2000,"Solow_te_median","earlier_beta_1_2",1,-1,2001,-4,4,FALSE,-1
"constant observation effort, matched expected sightings",1,11,2000,"Solow_te_median","later_beta_2_1",1,-1,2002,-3,3,FALSE,-1
"constant observation effort, matched expected sightings",1,11,2000,"Effort_te_median","uniform",0.6,-1,NA,NA,NA,TRUE,-1
"constant observation effort, matched expected sightings",1,11,2000,"Effort_te_median","uniform",1,-1,NA,NA,NA,TRUE,-1
"constant observation effort, matched expected sightings",1,11,2000,"Effort_te_median","uniform",1.5,-1,NA,NA,NA,TRUE,-1
"constant observation effort, matched expected sightings",1,11,2000,"Effort_te_median","uniform",1.8,-1,NA,NA,NA,TRUE,-1
"constant observation effort, matched expected sightings",2,8,2001,"Solow","uniform",1,0.3,2012,7,7,FALSE,0.0721893512320757
"constant observation effort, matched expected sightings",2,8,2001,"Solow","earlier_beta_1_2",1,0.3,2014,9,9,FALSE,0.0899362362861636
"constant observation effort, matched expected sightings",2,8,2001,"Solow","later_beta_2_1",1,0.3,2010,5,5,FALSE,0.0602920724153077
"constant observation effort, matched expected sightings",2,8,2001,"Solow","uniform",1,0.4,2010,5,5,FALSE,0.0721893512320757
"constant observation effort, matched expected sightings",2,8,2001,"Solow","earlier_beta_1_2",1,0.4,2013,8,8,FALSE,0.0899362362861636
"constant observation effort, matched expected sightings",2,8,2001,"Solow","later_beta_2_1",1,0.4,2008,3,3,FALSE,0.0602920724153077
"constant observation effort, matched expected sightings",2,8,2001,"Solow","uniform",1,0.5,2009,4,4,FALSE,0.0721893512320757
"constant observation effort, matched expected sightings",2,8,2001,"Solow","earlier_beta_1_2",1,0.5,2012,7,7,FALSE,0.0899362362861636
"constant observation effort, matched expected sightings",2,8,2001,"Solow","later_beta_2_1",1,0.5,2007,2,2,FALSE,0.0602920724153077
"constant observation effort, matched expected sightings",2,8,2001,"Solow","uniform",1,0.6,2007,2,2,FALSE,0.0721893512320757
"constant observation effort, matched expected sightings",2,8,2001,"Solow","earlier_beta_1_2",1,0.6,2010,5,5,FALSE,0.0899362362861636
"constant observation effort, matched expected sightings",2,8,2001,"Solow","later_beta_2_1",1,0.6,2006,1,1,FALSE,0.0602920724153077
"constant observation effort, matched expected sightings",2,8,2001,"Effort_fixed_alpha","uniform",0.6,0.5,2012,7,7,FALSE,0.264409759845563
"constant observation effort, matched expected sightings",2,8,2001,"Effort_fixed_alpha","uniform",0.8,0.5,2010,5,5,FALSE,0.146562295518055
"constant observation effort, matched expected sightings",2,8,2001,"Effort_fixed_alpha","uniform",1,0.5,2009,4,4,FALSE,0.0721893512401997
"constant observation effort, matched expected sightings",2,8,2001,"Effort_fixed_alpha","uniform",1.2,0.5,2008,3,3,FALSE,0.0327428529890187
"constant observation effort, matched expected sightings",2,8,2001,"Effort_fixed_alpha","uniform",1.5,0.5,2007,2,2,FALSE,0.00911031040758396
"constant observation effort, matched expected sightings",2,8,2001,"Effort_fixed_alpha","uniform",1.8,0.5,2006,1,1,FALSE,0.0023783872812565
"constant observation effort, matched expected sightings",2,8,2001,"Solow_te_median","uniform",1,-1,2003,-2,2,FALSE,-1
"constant observation effort, matched expected sightings",2,8,2001,"Solow_te_median","earlier_beta_1_2",1,-1,2003,-2,2,FALSE,-1
"constant observation effort, matched expected sightings",2,8,2001,"Solow_te_median","later_beta_2_1",1,-1,2003,-2,2,FALSE,-1
"constant observation effort, matched expected sightings",2,8,2001,"Effort_te_median","uniform",0.6,-1,2005,0,0,FALSE,-1
"constant observation effort, matched expected sightings",2,8,2001,"Effort_te_median","uniform",1,-1,2003,-2,2,FALSE,-1
"constant observation effort, matched expected sightings",2,8,2001,"Effort_te_median","uniform",1.5,-1,2002,-3,3,FALSE,-1
"constant observation effort, matched expected sightings",2,8,2001,"Effort_te_median","uniform",1.8,-1,2002,-3,3,FALSE,-1
"constant observation effort, matched expected sightings",3,9,2001,"Solow","uniform",1,0.3,2011,6,6,FALSE,0.0443776618132952
"constant observation effort, matched expected sightings",3,9,2001,"Solow","earlier_beta_1_2",1,0.3,2013,8,8,FALSE,0.0544579200134199
"constant observation effort, matched expected sightings",3,9,2001,"Solow","later_beta_2_1",1,0.3,2009,4,4,FALSE,0.0374462872102552
"constant observation effort, matched expected sightings",3,9,2001,"Solow","uniform",1,0.4,2009,4,4,FALSE,0.0443776618132952
"constant observation effort, matched expected sightings",3,9,2001,"Solow","earlier_beta_1_2",1,0.4,2012,7,7,FALSE,0.0544579200134199
"constant observation effort, matched expected sightings",3,9,2001,"Solow","later_beta_2_1",1,0.4,2008,3,3,FALSE,0.0374462872102552
"constant observation effort, matched expected sightings",3,9,2001,"Solow","uniform",1,0.5,2008,3,3,FALSE,0.0443776618132952
"constant observation effort, matched expected sightings",3,9,2001,"Solow","earlier_beta_1_2",1,0.5,2011,6,6,FALSE,0.0544579200134199
"constant observation effort, matched expected sightings",3,9,2001,"Solow","later_beta_2_1",1,0.5,2007,2,2,FALSE,0.0374462872102552
"constant observation effort, matched expected sightings",3,9,2001,"Solow","uniform",1,0.6,2007,2,2,FALSE,0.0443776618132952
"constant observation effort, matched expected sightings",3,9,2001,"Solow","earlier_beta_1_2",1,0.6,2010,5,5,FALSE,0.0544579200134199
"constant observation effort, matched expected sightings",3,9,2001,"Solow","later_beta_2_1",1,0.6,2005,0,0,FALSE,0.0374462872102552
"constant observation effort, matched expected sightings",3,9,2001,"Effort_fixed_alpha","uniform",0.6,0.5,NA,NA,NA,TRUE,NA
"constant observation effort, matched expected sightings",3,9,2001,"Effort_fixed_alpha","uniform",0.8,0.5,NA,NA,NA,TRUE,NA
"constant observation effort, matched expected sightings",3,9,2001,"Effort_fixed_alpha","uniform",1,0.5,NA,NA,NA,TRUE,NA
"constant observation effort, matched expected sightings",3,9,2001,"Effort_fixed_alpha","uniform",1.2,0.5,NA,NA,NA,TRUE,NA
"constant observation effort, matched expected sightings",3,9,2001,"Effort_fixed_alpha","uniform",1.5,0.5,NA,NA,NA,TRUE,NA
"constant observation effort, matched expected sightings",3,9,2001,"Effort_fixed_alpha","uniform",1.8,0.5,NA,NA,NA,TRUE,NA
"constant observation effort, matched expected sightings",3,9,2001,"Solow_te_median","uniform",1,-1,2003,-2,2,FALSE,-1
"constant observation effort, matched expected sightings",3,9,2001,"Solow_te_median","earlier_beta_1_2",1,-1,2003,-2,2,FALSE,-1
"constant observation effort, matched expected sightings",3,9,2001,"Solow_te_median","later_beta_2_1",1,-1,2003,-2,2,FALSE,-1
"constant observation effort, matched expected sightings",3,9,2001,"Effort_te_median","uniform",0.6,-1,NA,NA,NA,TRUE,-1
"constant observation effort, matched expected sightings",3,9,2001,"Effort_te_median","uniform",1,-1,NA,NA,NA,TRUE,-1
"constant observation effort, matched expected sightings",3,9,2001,"Effort_te_median","uniform",1.5,-1,NA,NA,NA,TRUE,-1
"constant observation effort, matched expected sightings",3,9,2001,"Effort_te_median","uniform",1.8,-1,NA,NA,NA,TRUE,-1
"constant observation effort, matched expected sightings",4,8,2003,"Solow","uniform",1,0.3,2015,10,10,FALSE,0.129342343189064
"constant observation effort, matched expected sightings",4,8,2003,"Solow","earlier_beta_1_2",1,0.3,2018,13,13,FALSE,0.179430614662802
"constant observation effort, matched expected sightings",4,8,2003,"Solow","later_beta_2_1",1,0.3,2013,8,8,FALSE,0.101115757970935
"constant observation effort, matched expected sightings",4,8,2003,"Solow","uniform",1,0.4,2013,8,8,FALSE,0.129342343189064
"constant observation effort, matched expected sightings",4,8,2003,"Solow","earlier_beta_1_2",1,0.4,2016,11,11,FALSE,0.179430614662802
"constant observation effort, matched expected sightings",4,8,2003,"Solow","later_beta_2_1",1,0.4,2011,6,6,FALSE,0.101115757970935
"constant observation effort, matched expected sightings",4,8,2003,"Solow","uniform",1,0.5,2011,6,6,FALSE,0.129342343189064
"constant observation effort, matched expected sightings",4,8,2003,"Solow","earlier_beta_1_2",1,0.5,2015,10,10,FALSE,0.179430614662802
"constant observation effort, matched expected sightings",4,8,2003,"Solow","later_beta_2_1",1,0.5,2009,4,4,FALSE,0.101115757970935
"constant observation effort, matched expected sightings",4,8,2003,"Solow","uniform",1,0.6,2010,5,5,FALSE,0.129342343189064
"constant observation effort, matched expected sightings",4,8,2003,"Solow","earlier_beta_1_2",1,0.6,2013,8,8,FALSE,0.179430614662802
"constant observation effort, matched expected sightings",4,8,2003,"Solow","later_beta_2_1",1,0.6,2008,3,3,FALSE,0.101115757970935
"constant observation effort, matched expected sightings",4,8,2003,"Effort_fixed_alpha","uniform",0.6,0.5,NA,NA,NA,TRUE,NA
"constant observation effort, matched expected sightings",4,8,2003,"Effort_fixed_alpha","uniform",0.8,0.5,NA,NA,NA,TRUE,NA
"constant observation effort, matched expected sightings",4,8,2003,"Effort_fixed_alpha","uniform",1,0.5,NA,NA,NA,TRUE,NA
"constant observation effort, matched expected sightings",4,8,2003,"Effort_fixed_alpha","uniform",1.2,0.5,NA,NA,NA,TRUE,NA
"constant observation effort, matched expected sightings",4,8,2003,"Effort_fixed_alpha","uniform",1.5,0.5,NA,NA,NA,TRUE,NA
"constant observation effort, matched expected sightings",4,8,2003,"Effort_fixed_alpha","uniform",1.8,0.5,NA,NA,NA,TRUE,NA
"constant observation effort, matched expected sightings",4,8,2003,"Solow_te_median","uniform",1,-1,2005,0,0,FALSE,-1
"constant observation effort, matched expected sightings",4,8,2003,"Solow_te_median","earlier_beta_1_2",1,-1,2005,0,0,FALSE,-1
"constant observation effort, matched expected sightings",4,8,2003,"Solow_te_median","later_beta_2_1",1,-1,2006,1,1,FALSE,-1
"constant observation effort, matched expected sightings",4,8,2003,"Effort_te_median","uniform",0.6,-1,NA,NA,NA,TRUE,-1
"constant observation effort, matched expected sightings",4,8,2003,"Effort_te_median","uniform",1,-1,NA,NA,NA,TRUE,-1
"constant observation effort, matched expected sightings",4,8,2003,"Effort_te_median","uniform",1.5,-1,NA,NA,NA,TRUE,-1
"constant observation effort, matched expected sightings",4,8,2003,"Effort_te_median","uniform",1.8,-1,NA,NA,NA,TRUE,-1
"constant observation effort, matched expected sightings",5,5,2004,"Solow","uniform",1,0.3,NA,NA,NA,TRUE,0.373271889406011
"constant observation effort, matched expected sightings",5,5,2004,"Solow","earlier_beta_1_2",1,0.3,NA,NA,NA,TRUE,0.515923566886348
"constant observation effort, matched expected sightings",5,5,2004,"Solow","later_beta_2_1",1,0.3,2020,15,15,FALSE,0.292418772567057
"constant observation effort, matched expected sightings",5,5,2004,"Solow","uniform",1,0.4,2020,15,15,FALSE,0.373271889406011
"constant observation effort, matched expected sightings",5,5,2004,"Solow","earlier_beta_1_2",1,0.4,NA,NA,NA,TRUE,0.515923566886348
"constant observation effort, matched expected sightings",5,5,2004,"Solow","later_beta_2_1",1,0.4,2016,11,11,FALSE,0.292418772567057
"constant observation effort, matched expected sightings",5,5,2004,"Solow","uniform",1,0.5,2016,11,11,FALSE,0.373271889406011
"constant observation effort, matched expected sightings",5,5,2004,"Solow","earlier_beta_1_2",1,0.5,NA,NA,NA,TRUE,0.515923566886348
"constant observation effort, matched expected sightings",5,5,2004,"Solow","later_beta_2_1",1,0.5,2013,8,8,FALSE,0.292418772567057
"constant observation effort, matched expected sightings",5,5,2004,"Solow","uniform",1,0.6,2014,9,9,FALSE,0.373271889406011
"constant observation effort, matched expected sightings",5,5,2004,"Solow","earlier_beta_1_2",1,0.6,2019,14,14,FALSE,0.515923566886348
"constant observation effort, matched expected sightings",5,5,2004,"Solow","later_beta_2_1",1,0.6,2011,6,6,FALSE,0.292418772567057
"constant observation effort, matched expected sightings",5,5,2004,"Effort_fixed_alpha","uniform",0.6,0.5,NA,NA,NA,TRUE,NA
"constant observation effort, matched expected sightings",5,5,2004,"Effort_fixed_alpha","uniform",0.8,0.5,NA,NA,NA,TRUE,NA
"constant observation effort, matched expected sightings",5,5,2004,"Effort_fixed_alpha","uniform",1,0.5,NA,NA,NA,TRUE,NA
"constant observation effort, matched expected sightings",5,5,2004,"Effort_fixed_alpha","uniform",1.2,0.5,NA,NA,NA,TRUE,NA
"constant observation effort, matched expected sightings",5,5,2004,"Effort_fixed_alpha","uniform",1.5,0.5,NA,NA,NA,TRUE,NA
"constant observation effort, matched expected sightings",5,5,2004,"Effort_fixed_alpha","uniform",1.8,0.5,NA,NA,NA,TRUE,NA
"constant observation effort, matched expected sightings",5,5,2004,"Solow_te_median","uniform",1,-1,2008,3,3,FALSE,-1
"constant observation effort, matched expected sightings",5,5,2004,"Solow_te_median","earlier_beta_1_2",1,-1,2007,2,2,FALSE,-1
"constant observation effort, matched expected sightings",5,5,2004,"Solow_te_median","later_beta_2_1",1,-1,2008,3,3,FALSE,-1
"constant observation effort, matched expected sightings",5,5,2004,"Effort_te_median","uniform",0.6,-1,NA,NA,NA,TRUE,-1
"constant observation effort, matched expected sightings",5,5,2004,"Effort_te_median","uniform",1,-1,NA,NA,NA,TRUE,-1
"constant observation effort, matched expected sightings",5,5,2004,"Effort_te_median","uniform",1.5,-1,NA,NA,NA,TRUE,-1
"constant observation effort, matched expected sightings",5,5,2004,"Effort_te_median","uniform",1.8,-1,NA,NA,NA,TRUE,-1
"constant observation effort, matched expected sightings",6,11,2002,"Solow","uniform",1,0.3,2011,6,6,FALSE,0.0247649601965119
"constant observation effort, matched expected sightings",6,11,2002,"Solow","earlier_beta_1_2",1,0.3,2013,8,8,FALSE,0.0315173028560716
"constant observation effort, matched expected sightings",6,11,2002,"Solow","later_beta_2_1",1,0.3,2009,4,4,FALSE,0.0203954005900895
"constant observation effort, matched expected sightings",6,11,2002,"Solow","uniform",1,0.4,2010,5,5,FALSE,0.0247649601965119
"constant observation effort, matched expected sightings",6,11,2002,"Solow","earlier_beta_1_2",1,0.4,2012,7,7,FALSE,0.0315173028560716
"constant observation effort, matched expected sightings",6,11,2002,"Solow","later_beta_2_1",1,0.4,2008,3,3,FALSE,0.0203954005900895
"constant observation effort, matched expected sightings",6,11,2002,"Solow","uniform",1,0.5,2008,3,3,FALSE,0.0247649601965119
"constant observation effort, matched expected sightings",6,11,2002,"Solow","earlier_beta_1_2",1,0.5,2011,6,6,FALSE,0.0315173028560716
"constant observation effort, matched expected sightings",6,11,2002,"Solow","later_beta_2_1",1,0.5,2007,2,2,FALSE,0.0203954005900895
"constant observation effort, matched expected sightings",6,11,2002,"Solow","uniform",1,0.6,2007,2,2,FALSE,0.0247649601965119
"constant observation effort, matched expected sightings",6,11,2002,"Solow","earlier_beta_1_2",1,0.6,2010,5,5,FALSE,0.0315173028560716
"constant observation effort, matched expected sightings",6,11,2002,"Solow","later_beta_2_1",1,0.6,2006,1,1,FALSE,0.0203954005900895
"constant observation effort, matched expected sightings",6,11,2002,"Effort_fixed_alpha","uniform",0.6,0.5,NA,NA,NA,TRUE,NA
"constant observation effort, matched expected sightings",6,11,2002,"Effort_fixed_alpha","uniform",0.8,0.5,NA,NA,NA,TRUE,NA
"constant observation effort, matched expected sightings",6,11,2002,"Effort_fixed_alpha","uniform",1,0.5,NA,NA,NA,TRUE,NA
"constant observation effort, matched expected sightings",6,11,2002,"Effort_fixed_alpha","uniform",1.2,0.5,NA,NA,NA,TRUE,NA
"constant observation effort, matched expected sightings",6,11,2002,"Effort_fixed_alpha","uniform",1.5,0.5,NA,NA,NA,TRUE,NA
"constant observation effort, matched expected sightings",6,11,2002,"Effort_fixed_alpha","uniform",1.8,0.5,NA,NA,NA,TRUE,NA
"constant observation effort, matched expected sightings",6,11,2002,"Solow_te_median","uniform",1,-1,2004,-1,1,FALSE,-1
"constant observation effort, matched expected sightings",6,11,2002,"Solow_te_median","earlier_beta_1_2",1,-1,2003,-2,2,FALSE,-1
"constant observation effort, matched expected sightings",6,11,2002,"Solow_te_median","later_beta_2_1",1,-1,2004,-1,1,FALSE,-1
"constant observation effort, matched expected sightings",6,11,2002,"Effort_te_median","uniform",0.6,-1,NA,NA,NA,TRUE,-1
"constant observation effort, matched expected sightings",6,11,2002,"Effort_te_median","uniform",1,-1,NA,NA,NA,TRUE,-1
"constant observation effort, matched expected sightings",6,11,2002,"Effort_te_median","uniform",1.5,-1,NA,NA,NA,TRUE,-1
"constant observation effort, matched expected sightings",6,11,2002,"Effort_te_median","uniform",1.8,-1,NA,NA,NA,TRUE,-1
"constant observation effort, matched expected sightings",7,10,2003,"Solow","uniform",1,0.3,2013,8,8,FALSE,0.0586157480898583
"constant observation effort, matched expected sightings",7,10,2003,"Solow","earlier_beta_1_2",1,0.3,2015,10,10,FALSE,0.0803289644629274
"constant observation effort, matched expected sightings",7,10,2003,"Solow","later_beta_2_1",1,0.3,2011,6,6,FALSE,0.0461430979493251
"constant observation effort, matched expected sightings",7,10,2003,"Solow","uniform",1,0.4,2011,6,6,FALSE,0.0586157480898583
"constant observation effort, matched expected sightings",7,10,2003,"Solow","earlier_beta_1_2",1,0.4,2014,9,9,FALSE,0.0803289644629274
"constant observation effort, matched expected sightings",7,10,2003,"Solow","later_beta_2_1",1,0.4,2010,5,5,FALSE,0.0461430979493251
"constant observation effort, matched expected sightings",7,10,2003,"Solow","uniform",1,0.5,2010,5,5,FALSE,0.0586157480898583
"constant observation effort, matched expected sightings",7,10,2003,"Solow","earlier_beta_1_2",1,0.5,2013,8,8,FALSE,0.0803289644629274
"constant observation effort, matched expected sightings",7,10,2003,"Solow","later_beta_2_1",1,0.5,2009,4,4,FALSE,0.0461430979493251
"constant observation effort, matched expected sightings",7,10,2003,"Solow","uniform",1,0.6,2009,4,4,FALSE,0.0586157480898583
"constant observation effort, matched expected sightings",7,10,2003,"Solow","earlier_beta_1_2",1,0.6,2012,7,7,FALSE,0.0803289644629274
"constant observation effort, matched expected sightings",7,10,2003,"Solow","later_beta_2_1",1,0.6,2008,3,3,FALSE,0.0461430979493251
"constant observation effort, matched expected sightings",7,10,2003,"Effort_fixed_alpha","uniform",0.6,0.5,NA,NA,NA,TRUE,NA
"constant observation effort, matched expected sightings",7,10,2003,"Effort_fixed_alpha","uniform",0.8,0.5,NA,NA,NA,TRUE,NA
"constant observation effort, matched expected sightings",7,10,2003,"Effort_fixed_alpha","uniform",1,0.5,NA,NA,NA,TRUE,NA
"constant observation effort, matched expected sightings",7,10,2003,"Effort_fixed_alpha","uniform",1.2,0.5,NA,NA,NA,TRUE,NA
"constant observation effort, matched expected sightings",7,10,2003,"Effort_fixed_alpha","uniform",1.5,0.5,NA,NA,NA,TRUE,NA
"constant observation effort, matched expected sightings",7,10,2003,"Effort_fixed_alpha","uniform",1.8,0.5,NA,NA,NA,TRUE,NA
"constant observation effort, matched expected sightings",7,10,2003,"Solow_te_median","uniform",1,-1,2005,0,0,FALSE,-1
"constant observation effort, matched expected sightings",7,10,2003,"Solow_te_median","earlier_beta_1_2",1,-1,2004,-1,1,FALSE,-1
"constant observation effort, matched expected sightings",7,10,2003,"Solow_te_median","later_beta_2_1",1,-1,2005,0,0,FALSE,-1
"constant observation effort, matched expected sightings",7,10,2003,"Effort_te_median","uniform",0.6,-1,NA,NA,NA,TRUE,-1
"constant observation effort, matched expected sightings",7,10,2003,"Effort_te_median","uniform",1,-1,NA,NA,NA,TRUE,-1
"constant observation effort, matched expected sightings",7,10,2003,"Effort_te_median","uniform",1.5,-1,NA,NA,NA,TRUE,-1
"constant observation effort, matched expected sightings",7,10,2003,"Effort_te_median","uniform",1.8,-1,NA,NA,NA,TRUE,-1
"constant observation effort, matched expected sightings",8,11,2004,"Solow","uniform",1,0.3,2014,9,9,FALSE,0.0573454613154728
"constant observation effort, matched expected sightings",8,11,2004,"Solow","earlier_beta_1_2",1,0.3,2016,11,11,FALSE,0.0830036014241022
"constant observation effort, matched expected sightings",8,11,2004,"Solow","later_beta_2_1",1,0.3,2012,7,7,FALSE,0.0438045603481975
"constant observation effort, matched expected sightings",8,11,2004,"Solow","uniform",1,0.4,2012,7,7,FALSE,0.0573454613154728
"constant observation effort, matched expected sightings",8,11,2004,"Solow","earlier_beta_1_2",1,0.4,2015,10,10,FALSE,0.0830036014241022
"constant observation effort, matched expected sightings",8,11,2004,"Solow","later_beta_2_1",1,0.4,2011,6,6,FALSE,0.0438045603481975
"constant observation effort, matched expected sightings",8,11,2004,"Solow","uniform",1,0.5,2011,6,6,FALSE,0.0573454613154728
"constant observation effort, matched expected sightings",8,11,2004,"Solow","earlier_beta_1_2",1,0.5,2014,9,9,FALSE,0.0830036014241022
"constant observation effort, matched expected sightings",8,11,2004,"Solow","later_beta_2_1",1,0.5,2010,5,5,FALSE,0.0438045603481975
"constant observation effort, matched expected sightings",8,11,2004,"Solow","uniform",1,0.6,2010,5,5,FALSE,0.0573454613154728
"constant observation effort, matched expected sightings",8,11,2004,"Solow","earlier_beta_1_2",1,0.6,2013,8,8,FALSE,0.0830036014241022
"constant observation effort, matched expected sightings",8,11,2004,"Solow","later_beta_2_1",1,0.6,2008,3,3,FALSE,0.0438045603481975
"constant observation effort, matched expected sightings",8,11,2004,"Effort_fixed_alpha","uniform",0.6,0.5,2014,9,9,FALSE,0.253710315461743
"constant observation effort, matched expected sightings",8,11,2004,"Effort_fixed_alpha","uniform",0.8,0.5,2012,7,7,FALSE,0.128808157629876
"constant observation effort, matched expected sightings",8,11,2004,"Effort_fixed_alpha","uniform",1,0.5,2011,6,6,FALSE,0.0573454613187873
"constant observation effort, matched expected sightings",8,11,2004,"Effort_fixed_alpha","uniform",1.2,0.5,2010,5,5,FALSE,0.0234611344833588
"constant observation effort, matched expected sightings",8,11,2004,"Effort_fixed_alpha","uniform",1.5,0.5,2009,4,4,FALSE,0.00561550249591537
"constant observation effort, matched expected sightings",8,11,2004,"Effort_fixed_alpha","uniform",1.8,0.5,2009,4,4,FALSE,0.00126730146582542
"constant observation effort, matched expected sightings",8,11,2004,"Solow_te_median","uniform",1,-1,2006,1,1,FALSE,-1
"constant observation effort, matched expected sightings",8,11,2004,"Solow_te_median","earlier_beta_1_2",1,-1,2005,0,0,FALSE,-1
"constant observation effort, matched expected sightings",8,11,2004,"Solow_te_median","later_beta_2_1",1,-1,2006,1,1,FALSE,-1
"constant observation effort, matched expected sightings",8,11,2004,"Effort_te_median","uniform",0.6,-1,2007,2,2,FALSE,-1
"constant observation effort, matched expected sightings",8,11,2004,"Effort_te_median","uniform",1,-1,2006,1,1,FALSE,-1
"constant observation effort, matched expected sightings",8,11,2004,"Effort_te_median","uniform",1.5,-1,2005,0,0,FALSE,-1
"constant observation effort, matched expected sightings",8,11,2004,"Effort_te_median","uniform",1.8,-1,2005,0,0,FALSE,-1
"constant observation effort, matched expected sightings",9,7,2004,"Solow","uniform",1,0.3,2018,13,13,FALSE,0.226984950579949
"constant observation effort, matched expected sightings",9,7,2004,"Solow","earlier_beta_1_2",1,0.3,NA,NA,NA,TRUE,0.32603834323064
"constant observation effort, matched expected sightings",9,7,2004,"Solow","later_beta_2_1",1,0.3,2016,11,11,FALSE,0.174093709612918
"constant observation effort, matched expected sightings",9,7,2004,"Solow","uniform",1,0.4,2016,11,11,FALSE,0.226984950579949
"constant observation effort, matched expected sightings",9,7,2004,"Solow","earlier_beta_1_2",1,0.4,2019,14,14,FALSE,0.32603834323064
"constant observation effort, matched expected sightings",9,7,2004,"Solow","later_beta_2_1",1,0.4,2013,8,8,FALSE,0.174093709612918
"constant observation effort, matched expected sightings",9,7,2004,"Solow","uniform",1,0.5,2014,9,9,FALSE,0.226984950579949
"constant observation effort, matched expected sightings",9,7,2004,"Solow","earlier_beta_1_2",1,0.5,2017,12,12,FALSE,0.32603834323064
"constant observation effort, matched expected sightings",9,7,2004,"Solow","later_beta_2_1",1,0.5,2011,6,6,FALSE,0.174093709612918
"constant observation effort, matched expected sightings",9,7,2004,"Solow","uniform",1,0.6,2012,7,7,FALSE,0.226984950579949
"constant observation effort, matched expected sightings",9,7,2004,"Solow","earlier_beta_1_2",1,0.6,2016,11,11,FALSE,0.32603834323064
"constant observation effort, matched expected sightings",9,7,2004,"Solow","later_beta_2_1",1,0.6,2010,5,5,FALSE,0.174093709612918
"constant observation effort, matched expected sightings",9,7,2004,"Effort_fixed_alpha","uniform",0.6,0.5,2018,13,13,FALSE,0.436703751598268
"constant observation effort, matched expected sightings",9,7,2004,"Effort_fixed_alpha","uniform",0.8,0.5,2015,10,10,FALSE,0.32662450195367
"constant observation effort, matched expected sightings",9,7,2004,"Effort_fixed_alpha","uniform",1,0.5,2014,9,9,FALSE,0.226984950700571
"constant observation effort, matched expected sightings",9,7,2004,"Effort_fixed_alpha","uniform",1.2,0.5,2012,7,7,FALSE,0.147349173634531
"constant observation effort, matched expected sightings",9,7,2004,"Effort_fixed_alpha","uniform",1.5,0.5,2011,6,6,FALSE,0.0695440189494214
"constant observation effort, matched expected sightings",9,7,2004,"Effort_fixed_alpha","uniform",1.8,0.5,2010,5,5,FALSE,0.0301224729427311
"constant observation effort, matched expected sightings",9,7,2004,"Solow_te_median","uniform",1,-1,2007,2,2,FALSE,-1
"constant observation effort, matched expected sightings",9,7,2004,"Solow_te_median","earlier_beta_1_2",1,-1,2006,1,1,FALSE,-1
"constant observation effort, matched expected sightings",9,7,2004,"Solow_te_median","later_beta_2_1",1,-1,2007,2,2,FALSE,-1
"constant observation effort, matched expected sightings",9,7,2004,"Effort_te_median","uniform",0.6,-1,2008,3,3,FALSE,-1
"constant observation effort, matched expected sightings",9,7,2004,"Effort_te_median","uniform",1,-1,2007,2,2,FALSE,-1
"constant observation effort, matched expected sightings",9,7,2004,"Effort_te_median","uniform",1.5,-1,2006,1,1,FALSE,-1
"constant observation effort, matched expected sightings",9,7,2004,"Effort_te_median","uniform",1.8,-1,2005,0,0,FALSE,-1
"constant observation effort, matched expected sightings",10,10,2003,"Solow","uniform",1,0.3,2013,8,8,FALSE,0.0586157480898583
"constant observation effort, matched expected sightings",10,10,2003,"Solow","earlier_beta_1_2",1,0.3,2015,10,10,FALSE,0.0803289644629274
"constant observation effort, matched expected sightings",10,10,2003,"Solow","later_beta_2_1",1,0.3,2011,6,6,FALSE,0.0461430979493251
"constant observation effort, matched expected sightings",10,10,2003,"Solow","uniform",1,0.4,2011,6,6,FALSE,0.0586157480898583
"constant observation effort, matched expected sightings",10,10,2003,"Solow","earlier_beta_1_2",1,0.4,2014,9,9,FALSE,0.0803289644629274
"constant observation effort, matched expected sightings",10,10,2003,"Solow","later_beta_2_1",1,0.4,2010,5,5,FALSE,0.0461430979493251
"constant observation effort, matched expected sightings",10,10,2003,"Solow","uniform",1,0.5,2010,5,5,FALSE,0.0586157480898583
"constant observation effort, matched expected sightings",10,10,2003,"Solow","earlier_beta_1_2",1,0.5,2013,8,8,FALSE,0.0803289644629274
"constant observation effort, matched expected sightings",10,10,2003,"Solow","later_beta_2_1",1,0.5,2009,4,4,FALSE,0.0461430979493251
"constant observation effort, matched expected sightings",10,10,2003,"Solow","uniform",1,0.6,2009,4,4,FALSE,0.0586157480898583
"constant observation effort, matched expected sightings",10,10,2003,"Solow","earlier_beta_1_2",1,0.6,2012,7,7,FALSE,0.0803289644629274
"constant observation effort, matched expected sightings",10,10,2003,"Solow","later_beta_2_1",1,0.6,2008,3,3,FALSE,0.0461430979493251
"constant observation effort, matched expected sightings",10,10,2003,"Effort_fixed_alpha","uniform",0.6,0.5,NA,NA,NA,TRUE,NA
"constant observation effort, matched expected sightings",10,10,2003,"Effort_fixed_alpha","uniform",0.8,0.5,NA,NA,NA,TRUE,NA
"constant observation effort, matched expected sightings",10,10,2003,"Effort_fixed_alpha","uniform",1,0.5,NA,NA,NA,TRUE,NA
"constant observation effort, matched expected sightings",10,10,2003,"Effort_fixed_alpha","uniform",1.2,0.5,NA,NA,NA,TRUE,NA
"constant observation effort, matched expected sightings",10,10,2003,"Effort_fixed_alpha","uniform",1.5,0.5,NA,NA,NA,TRUE,NA
"constant observation effort, matched expected sightings",10,10,2003,"Effort_fixed_alpha","uniform",1.8,0.5,NA,NA,NA,TRUE,NA
"constant observation effort, matched expected sightings",10,10,2003,"Solow_te_median","uniform",1,-1,2005,0,0,FALSE,-1
"constant observation effort, matched expected sightings",10,10,2003,"Solow_te_median","earlier_beta_1_2",1,-1,2004,-1,1,FALSE,-1
"constant observation effort, matched expected sightings",10,10,2003,"Solow_te_median","later_beta_2_1",1,-1,2005,0,0,FALSE,-1
"constant observation effort, matched expected sightings",10,10,2003,"Effort_te_median","uniform",0.6,-1,NA,NA,NA,TRUE,-1
"constant observation effort, matched expected sightings",10,10,2003,"Effort_te_median","uniform",1,-1,NA,NA,NA,TRUE,-1
"constant observation effort, matched expected sightings",10,10,2003,"Effort_te_median","uniform",1.5,-1,NA,NA,NA,TRUE,-1
"constant observation effort, matched expected sightings",10,10,2003,"Effort_te_median","uniform",1.8,-1,NA,NA,NA,TRUE,-1
"constant observation effort, matched expected sightings",11,10,1999,"Solow","uniform",1,0.3,2007,2,2,FALSE,0.0109705686179315
"constant observation effort, matched expected sightings",11,10,1999,"Solow","earlier_beta_1_2",1,0.3,2009,4,4,FALSE,0.0117527856854553
"constant observation effort, matched expected sightings",11,10,1999,"Solow","later_beta_2_1",1,0.3,2006,1,1,FALSE,0.0102859763459955
"constant observation effort, matched expected sightings",11,10,1999,"Solow","uniform",1,0.4,2006,1,1,FALSE,0.0109705686179315
"constant observation effort, matched expected sightings",11,10,1999,"Solow","earlier_beta_1_2",1,0.4,2008,3,3,FALSE,0.0117527856854553
"constant observation effort, matched expected sightings",11,10,1999,"Solow","later_beta_2_1",1,0.4,2005,0,0,FALSE,0.0102859763459955
"constant observation effort, matched expected sightings",11,10,1999,"Solow","uniform",1,0.5,2005,0,0,FALSE,0.0109705686179315
"constant observation effort, matched expected sightings",11,10,1999,"Solow","earlier_beta_1_2",1,0.5,2007,2,2,FALSE,0.0117527856854553
"constant observation effort, matched expected sightings",11,10,1999,"Solow","later_beta_2_1",1,0.5,2004,-1,1,FALSE,0.0102859763459955
"constant observation effort, matched expected sightings",11,10,1999,"Solow","uniform",1,0.6,2004,-1,1,FALSE,0.0109705686179315
"constant observation effort, matched expected sightings",11,10,1999,"Solow","earlier_beta_1_2",1,0.6,2006,1,1,FALSE,0.0117527856854553
"constant observation effort, matched expected sightings",11,10,1999,"Solow","later_beta_2_1",1,0.6,2003,-2,2,FALSE,0.0102859763459955
"constant observation effort, matched expected sightings",11,10,1999,"Effort_fixed_alpha","uniform",0.6,0.5,2008,3,3,FALSE,0.110240519881341
"constant observation effort, matched expected sightings",11,10,1999,"Effort_fixed_alpha","uniform",0.8,0.5,2006,1,1,FALSE,0.036979803263512
"constant observation effort, matched expected sightings",11,10,1999,"Effort_fixed_alpha","uniform",1,0.5,2005,0,0,FALSE,0.0109705686178816
"constant observation effort, matched expected sightings",11,10,1999,"Effort_fixed_alpha","uniform",1.2,0.5,2004,-1,1,FALSE,0.00304661711624636
"constant observation effort, matched expected sightings",11,10,1999,"Effort_fixed_alpha","uniform",1.5,0.5,2004,-1,1,FALSE,0.000416553274761537
"constant observation effort, matched expected sightings",11,10,1999,"Effort_fixed_alpha","uniform",1.8,0.5,2003,-2,2,FALSE,5.42273172151271e-05
"constant observation effort, matched expected sightings",11,10,1999,"Solow_te_median","uniform",1,-1,2001,-4,4,FALSE,-1
"constant observation effort, matched expected sightings",11,10,1999,"Solow_te_median","earlier_beta_1_2",1,-1,2000,-5,5,FALSE,-1
"constant observation effort, matched expected sightings",11,10,1999,"Solow_te_median","later_beta_2_1",1,-1,2001,-4,4,FALSE,-1
"constant observation effort, matched expected sightings",11,10,1999,"Effort_te_median","uniform",0.6,-1,2002,-3,3,FALSE,-1
"constant observation effort, matched expected sightings",11,10,1999,"Effort_te_median","uniform",1,-1,2001,-4,4,FALSE,-1
"constant observation effort, matched expected sightings",11,10,1999,"Effort_te_median","uniform",1.5,-1,2000,-5,5,FALSE,-1
"constant observation effort, matched expected sightings",11,10,1999,"Effort_te_median","uniform",1.8,-1,2000,-5,5,FALSE,-1
"constant observation effort, matched expected sightings",12,5,2004,"Solow","uniform",1,0.3,NA,NA,NA,TRUE,0.373271889406011
"constant observation effort, matched expected sightings",12,5,2004,"Solow","earlier_beta_1_2",1,0.3,NA,NA,NA,TRUE,0.515923566886348
"constant observation effort, matched expected sightings",12,5,2004,"Solow","later_beta_2_1",1,0.3,2020,15,15,FALSE,0.292418772567057
"constant observation effort, matched expected sightings",12,5,2004,"Solow","uniform",1,0.4,2020,15,15,FALSE,0.373271889406011
"constant observation effort, matched expected sightings",12,5,2004,"Solow","earlier_beta_1_2",1,0.4,NA,NA,NA,TRUE,0.515923566886348
"constant observation effort, matched expected sightings",12,5,2004,"Solow","later_beta_2_1",1,0.4,2016,11,11,FALSE,0.292418772567057
"constant observation effort, matched expected sightings",12,5,2004,"Solow","uniform",1,0.5,2016,11,11,FALSE,0.373271889406011
"constant observation effort, matched expected sightings",12,5,2004,"Solow","earlier_beta_1_2",1,0.5,NA,NA,NA,TRUE,0.515923566886348
"constant observation effort, matched expected sightings",12,5,2004,"Solow","later_beta_2_1",1,0.5,2013,8,8,FALSE,0.292418772567057
"constant observation effort, matched expected sightings",12,5,2004,"Solow","uniform",1,0.6,2014,9,9,FALSE,0.373271889406011
"constant observation effort, matched expected sightings",12,5,2004,"Solow","earlier_beta_1_2",1,0.6,2019,14,14,FALSE,0.515923566886348
"constant observation effort, matched expected sightings",12,5,2004,"Solow","later_beta_2_1",1,0.6,2011,6,6,FALSE,0.292418772567057
"constant observation effort, matched expected sightings",12,5,2004,"Effort_fixed_alpha","uniform",0.6,0.5,NA,NA,NA,TRUE,0.529411764705882
"constant observation effort, matched expected sightings",12,5,2004,"Effort_fixed_alpha","uniform",0.8,0.5,2019,14,14,FALSE,0.452513966480447
"constant observation effort, matched expected sightings",12,5,2004,"Effort_fixed_alpha","uniform",1,0.5,2016,11,11,FALSE,0.373271889400922
"constant observation effort, matched expected sightings",12,5,2004,"Effort_fixed_alpha","uniform",1.2,0.5,2015,10,10,FALSE,0.29655845740786
"constant observation effort, matched expected sightings",12,5,2004,"Effort_fixed_alpha","uniform",1.5,0.5,2013,8,8,FALSE,0.195957301726763
"constant observation effort, matched expected sightings",12,5,2004,"Effort_fixed_alpha","uniform",1.8,0.5,2012,7,7,FALSE,0.120233099378768
"constant observation effort, matched expected sightings",12,5,2004,"Solow_te_median","uniform",1,-1,2008,3,3,FALSE,-1
"constant observation effort, matched expected sightings",12,5,2004,"Solow_te_median","earlier_beta_1_2",1,-1,2007,2,2,FALSE,-1
"constant observation effort, matched expected sightings",12,5,2004,"Solow_te_median","later_beta_2_1",1,-1,2008,3,3,FALSE,-1
"constant observation effort, matched expected sightings",12,5,2004,"Effort_te_median","uniform",0.6,-1,2009,4,4,FALSE,-1
"constant observation effort, matched expected sightings",12,5,2004,"Effort_te_median","uniform",1,-1,2008,3,3,FALSE,-1
"constant observation effort, matched expected sightings",12,5,2004,"Effort_te_median","uniform",1.5,-1,2007,2,2,FALSE,-1
"constant observation effort, matched expected sightings",12,5,2004,"Effort_te_median","uniform",1.8,-1,2006,1,1,FALSE,-1
"constant observation effort, matched expected sightings",13,6,1999,"Solow","uniform",1,0.3,2012,7,7,FALSE,0.11024051988071
"constant observation effort, matched expected sightings",13,6,1999,"Solow","earlier_beta_1_2",1,0.3,2015,10,10,FALSE,0.127873178262485
"constant observation effort, matched expected sightings",13,6,1999,"Solow","later_beta_2_1",1,0.3,2010,5,5,FALSE,0.0968813758648023
"constant observation effort, matched expected sightings",13,6,1999,"Solow","uniform",1,0.4,2010,5,5,FALSE,0.11024051988071
"constant observation effort, matched expected sightings",13,6,1999,"Solow","earlier_beta_1_2",1,0.4,2013,8,8,FALSE,0.127873178262485
"constant observation effort, matched expected sightings",13,6,1999,"Solow","later_beta_2_1",1,0.4,2007,2,2,FALSE,0.0968813758648023
"constant observation effort, matched expected sightings",13,6,1999,"Solow","uniform",1,0.5,2008,3,3,FALSE,0.11024051988071
"constant observation effort, matched expected sightings",13,6,1999,"Solow","earlier_beta_1_2",1,0.5,2011,6,6,FALSE,0.127873178262485
"constant observation effort, matched expected sightings",13,6,1999,"Solow","later_beta_2_1",1,0.5,2006,1,1,FALSE,0.0968813758648023
"constant observation effort, matched expected sightings",13,6,1999,"Solow","uniform",1,0.6,2006,1,1,FALSE,0.11024051988071
"constant observation effort, matched expected sightings",13,6,1999,"Solow","earlier_beta_1_2",1,0.6,2009,4,4,FALSE,0.127873178262485
"constant observation effort, matched expected sightings",13,6,1999,"Solow","later_beta_2_1",1,0.6,2004,-1,1,FALSE,0.0968813758648023
"constant observation effort, matched expected sightings",13,6,1999,"Effort_fixed_alpha","uniform",0.6,0.5,NA,NA,NA,TRUE,NA
"constant observation effort, matched expected sightings",13,6,1999,"Effort_fixed_alpha","uniform",0.8,0.5,NA,NA,NA,TRUE,NA
"constant observation effort, matched expected sightings",13,6,1999,"Effort_fixed_alpha","uniform",1,0.5,NA,NA,NA,TRUE,NA
"constant observation effort, matched expected sightings",13,6,1999,"Effort_fixed_alpha","uniform",1.2,0.5,NA,NA,NA,TRUE,NA
"constant observation effort, matched expected sightings",13,6,1999,"Effort_fixed_alpha","uniform",1.5,0.5,NA,NA,NA,TRUE,NA
"constant observation effort, matched expected sightings",13,6,1999,"Effort_fixed_alpha","uniform",1.8,0.5,NA,NA,NA,TRUE,NA
"constant observation effort, matched expected sightings",13,6,1999,"Solow_te_median","uniform",1,-1,2002,-3,3,FALSE,-1
"constant observation effort, matched expected sightings",13,6,1999,"Solow_te_median","earlier_beta_1_2",1,-1,2001,-4,4,FALSE,-1
"constant observation effort, matched expected sightings",13,6,1999,"Solow_te_median","later_beta_2_1",1,-1,2002,-3,3,FALSE,-1
"constant observation effort, matched expected sightings",13,6,1999,"Effort_te_median","uniform",0.6,-1,NA,NA,NA,TRUE,-1
"constant observation effort, matched expected sightings",13,6,1999,"Effort_te_median","uniform",1,-1,NA,NA,NA,TRUE,-1
"constant observation effort, matched expected sightings",13,6,1999,"Effort_te_median","uniform",1.5,-1,NA,NA,NA,TRUE,-1
"constant observation effort, matched expected sightings",13,6,1999,"Effort_te_median","uniform",1.8,-1,NA,NA,NA,TRUE,-1
"constant observation effort, matched expected sightings",14,13,2004,"Solow","uniform",1,0.3,2012,7,7,FALSE,0.0255105480169948
"constant observation effort, matched expected sightings",14,13,2004,"Solow","earlier_beta_1_2",1,0.3,2014,9,9,FALSE,0.0364098578155541
"constant observation effort, matched expected sightings",14,13,2004,"Solow","later_beta_2_1",1,0.3,2011,6,6,FALSE,0.0196333073046619
"constant observation effort, matched expected sightings",14,13,2004,"Solow","uniform",1,0.4,2011,6,6,FALSE,0.0255105480169948
"constant observation effort, matched expected sightings",14,13,2004,"Solow","earlier_beta_1_2",1,0.4,2013,8,8,FALSE,0.0364098578155541
"constant observation effort, matched expected sightings",14,13,2004,"Solow","later_beta_2_1",1,0.4,2010,5,5,FALSE,0.0196333073046619
"constant observation effort, matched expected sightings",14,13,2004,"Solow","uniform",1,0.5,2010,5,5,FALSE,0.0255105480169948
"constant observation effort, matched expected sightings",14,13,2004,"Solow","earlier_beta_1_2",1,0.5,2013,8,8,FALSE,0.0364098578155541
"constant observation effort, matched expected sightings",14,13,2004,"Solow","later_beta_2_1",1,0.5,2009,4,4,FALSE,0.0196333073046619
"constant observation effort, matched expected sightings",14,13,2004,"Solow","uniform",1,0.6,2009,4,4,FALSE,0.0255105480169948
"constant observation effort, matched expected sightings",14,13,2004,"Solow","earlier_beta_1_2",1,0.6,2012,7,7,FALSE,0.0364098578155541
"constant observation effort, matched expected sightings",14,13,2004,"Solow","later_beta_2_1",1,0.6,2008,3,3,FALSE,0.0196333073046619
"constant observation effort, matched expected sightings",14,13,2004,"Effort_fixed_alpha","uniform",0.6,0.5,2013,8,8,FALSE,0.178697649992652
"constant observation effort, matched expected sightings",14,13,2004,"Effort_fixed_alpha","uniform",0.8,0.5,2011,6,6,FALSE,0.0722384715947228
"constant observation effort, matched expected sightings",14,13,2004,"Effort_fixed_alpha","uniform",1,0.5,2010,5,5,FALSE,0.0255105480186056
"constant observation effort, matched expected sightings",14,13,2004,"Effort_fixed_alpha","uniform",1.2,0.5,2009,4,4,FALSE,0.00835540916466404
"constant observation effort, matched expected sightings",14,13,2004,"Effort_fixed_alpha","uniform",1.5,0.5,2009,4,4,FALSE,0.00145335725452317
"constant observation effort, matched expected sightings",14,13,2004,"Effort_fixed_alpha","uniform",1.8,0.5,2008,3,3,FALSE,0.000240290343083822
"constant observation effort, matched expected sightings",14,13,2004,"Solow_te_median","uniform",1,-1,2005,0,0,FALSE,-1
"constant observation effort, matched expected sightings",14,13,2004,"Solow_te_median","earlier_beta_1_2",1,-1,2005,0,0,FALSE,-1
"constant observation effort, matched expected sightings",14,13,2004,"Solow_te_median","later_beta_2_1",1,-1,2006,1,1,FALSE,-1
"constant observation effort, matched expected sightings",14,13,2004,"Effort_te_median","uniform",0.6,-1,2006,1,1,FALSE,-1
"constant observation effort, matched expected sightings",14,13,2004,"Effort_te_median","uniform",1,-1,2005,0,0,FALSE,-1
"constant observation effort, matched expected sightings",14,13,2004,"Effort_te_median","uniform",1.5,-1,2005,0,0,FALSE,-1
"constant observation effort, matched expected sightings",14,13,2004,"Effort_te_median","uniform",1.8,-1,2005,0,0,FALSE,-1
"constant observation effort, matched expected sightings",15,8,2004,"Solow","uniform",1,0.3,2017,12,12,FALSE,0.167775378739336
"constant observation effort, matched expected sightings",15,8,2004,"Solow","earlier_beta_1_2",1,0.3,2019,14,14,FALSE,0.243336035218825
"constant observation effort, matched expected sightings",15,8,2004,"Solow","later_beta_2_1",1,0.3,2014,9,9,FALSE,0.128022010050794
"constant observation effort, matched expected sightings",15,8,2004,"Solow","uniform",1,0.4,2015,10,10,FALSE,0.167775378739336
"constant observation effort, matched expected sightings",15,8,2004,"Solow","earlier_beta_1_2",1,0.4,2018,13,13,FALSE,0.243336035218825
"constant observation effort, matched expected sightings",15,8,2004,"Solow","later_beta_2_1",1,0.4,2012,7,7,FALSE,0.128022010050794
"constant observation effort, matched expected sightings",15,8,2004,"Solow","uniform",1,0.5,2013,8,8,FALSE,0.167775378739336
"constant observation effort, matched expected sightings",15,8,2004,"Solow","earlier_beta_1_2",1,0.5,2016,11,11,FALSE,0.243336035218825
"constant observation effort, matched expected sightings",15,8,2004,"Solow","later_beta_2_1",1,0.5,2011,6,6,FALSE,0.128022010050794
"constant observation effort, matched expected sightings",15,8,2004,"Solow","uniform",1,0.6,2011,6,6,FALSE,0.167775378739336
"constant observation effort, matched expected sightings",15,8,2004,"Solow","earlier_beta_1_2",1,0.6,2015,10,10,FALSE,0.243336035218825
"constant observation effort, matched expected sightings",15,8,2004,"Solow","later_beta_2_1",1,0.6,2009,4,4,FALSE,0.128022010050794
"constant observation effort, matched expected sightings",15,8,2004,"Effort_fixed_alpha","uniform",0.6,0.5,NA,NA,NA,TRUE,NA
"constant observation effort, matched expected sightings",15,8,2004,"Effort_fixed_alpha","uniform",0.8,0.5,NA,NA,NA,TRUE,NA
"constant observation effort, matched expected sightings",15,8,2004,"Effort_fixed_alpha","uniform",1,0.5,NA,NA,NA,TRUE,NA
"constant observation effort, matched expected sightings",15,8,2004,"Effort_fixed_alpha","uniform",1.2,0.5,NA,NA,NA,TRUE,NA
"constant observation effort, matched expected sightings",15,8,2004,"Effort_fixed_alpha","uniform",1.5,0.5,NA,NA,NA,TRUE,NA
"constant observation effort, matched expected sightings",15,8,2004,"Effort_fixed_alpha","uniform",1.8,0.5,NA,NA,NA,TRUE,NA
"constant observation effort, matched expected sightings",15,8,2004,"Solow_te_median","uniform",1,-1,2006,1,1,FALSE,-1
"constant observation effort, matched expected sightings",15,8,2004,"Solow_te_median","earlier_beta_1_2",1,-1,2006,1,1,FALSE,-1
"constant observation effort, matched expected sightings",15,8,2004,"Solow_te_median","later_beta_2_1",1,-1,2007,2,2,FALSE,-1
"constant observation effort, matched expected sightings",15,8,2004,"Effort_te_median","uniform",0.6,-1,NA,NA,NA,TRUE,-1
"constant observation effort, matched expected sightings",15,8,2004,"Effort_te_median","uniform",1,-1,NA,NA,NA,TRUE,-1
"constant observation effort, matched expected sightings",15,8,2004,"Effort_te_median","uniform",1.5,-1,NA,NA,NA,TRUE,-1
"constant observation effort, matched expected sightings",15,8,2004,"Effort_te_median","uniform",1.8,-1,NA,NA,NA,TRUE,-1
"constant observation effort, matched expected sightings",16,6,2003,"Solow","uniform",1,0.3,2019,14,14,FALSE,0.25113443034043
"constant observation effort, matched expected sightings",16,6,2003,"Solow","earlier_beta_1_2",1,0.3,NA,NA,NA,TRUE,0.346040368531553
"constant observation effort, matched expected sightings",16,6,2003,"Solow","later_beta_2_1",1,0.3,2016,11,11,FALSE,0.197082160573849
"constant observation effort, matched expected sightings",16,6,2003,"Solow","uniform",1,0.4,2016,11,11,FALSE,0.25113443034043
"constant observation effort, matched expected sightings",16,6,2003,"Solow","earlier_beta_1_2",1,0.4,2019,14,14,FALSE,0.346040368531553
"constant observation effort, matched expected sightings",16,6,2003,"Solow","later_beta_2_1",1,0.4,2013,8,8,FALSE,0.197082160573849
"constant observation effort, matched expected sightings",16,6,2003,"Solow","uniform",1,0.5,2013,8,8,FALSE,0.25113443034043
"constant observation effort, matched expected sightings",16,6,2003,"Solow","earlier_beta_1_2",1,0.5,2017,12,12,FALSE,0.346040368531553
"constant observation effort, matched expected sightings",16,6,2003,"Solow","later_beta_2_1",1,0.5,2011,6,6,FALSE,0.197082160573849
"constant observation effort, matched expected sightings",16,6,2003,"Solow","uniform",1,0.6,2011,6,6,FALSE,0.25113443034043
"constant observation effort, matched expected sightings",16,6,2003,"Solow","earlier_beta_1_2",1,0.6,2015,10,10,FALSE,0.346040368531553
"constant observation effort, matched expected sightings",16,6,2003,"Solow","later_beta_2_1",1,0.6,2009,4,4,FALSE,0.197082160573849
"constant observation effort, matched expected sightings",16,6,2003,"Effort_fixed_alpha","uniform",0.6,0.5,2018,13,13,FALSE,0.447070248808047
"constant observation effort, matched expected sightings",16,6,2003,"Effort_fixed_alpha","uniform",0.8,0.5,2015,10,10,FALSE,0.345781762838725
"constant observation effort, matched expected sightings",16,6,2003,"Effort_fixed_alpha","uniform",1,0.5,2013,8,8,FALSE,0.251134430356174
"constant observation effort, matched expected sightings",16,6,2003,"Effort_fixed_alpha","uniform",1.2,0.5,2012,7,7,FALSE,0.171711006681176
"constant observation effort, matched expected sightings",16,6,2003,"Effort_fixed_alpha","uniform",1.5,0.5,2011,6,6,FALSE,0.0882156524116602
"constant observation effort, matched expected sightings",16,6,2003,"Effort_fixed_alpha","uniform",1.8,0.5,2010,5,5,FALSE,0.0416317073335046
"constant observation effort, matched expected sightings",16,6,2003,"Solow_te_median","uniform",1,-1,2006,1,1,FALSE,-1
"constant observation effort, matched expected sightings",16,6,2003,"Solow_te_median","earlier_beta_1_2",1,-1,2005,0,0,FALSE,-1
"constant observation effort, matched expected sightings",16,6,2003,"Solow_te_median","later_beta_2_1",1,-1,2007,2,2,FALSE,-1
"constant observation effort, matched expected sightings",16,6,2003,"Effort_te_median","uniform",0.6,-1,2008,3,3,FALSE,-1
"constant observation effort, matched expected sightings",16,6,2003,"Effort_te_median","uniform",1,-1,2006,1,1,FALSE,-1
"constant observation effort, matched expected sightings",16,6,2003,"Effort_te_median","uniform",1.5,-1,2005,0,0,FALSE,-1
"constant observation effort, matched expected sightings",16,6,2003,"Effort_te_median","uniform",1.8,-1,2005,0,0,FALSE,-1
"constant observation effort, matched expected sightings",17,8,2003,"Solow","uniform",1,0.3,2015,10,10,FALSE,0.129342343189064
"constant observation effort, matched expected sightings",17,8,2003,"Solow","earlier_beta_1_2",1,0.3,2018,13,13,FALSE,0.179430614662802
"constant observation effort, matched expected sightings",17,8,2003,"Solow","later_beta_2_1",1,0.3,2013,8,8,FALSE,0.101115757970935
"constant observation effort, matched expected sightings",17,8,2003,"Solow","uniform",1,0.4,2013,8,8,FALSE,0.129342343189064
"constant observation effort, matched expected sightings",17,8,2003,"Solow","earlier_beta_1_2",1,0.4,2016,11,11,FALSE,0.179430614662802
"constant observation effort, matched expected sightings",17,8,2003,"Solow","later_beta_2_1",1,0.4,2011,6,6,FALSE,0.101115757970935
"constant observation effort, matched expected sightings",17,8,2003,"Solow","uniform",1,0.5,2011,6,6,FALSE,0.129342343189064
"constant observation effort, matched expected sightings",17,8,2003,"Solow","earlier_beta_1_2",1,0.5,2015,10,10,FALSE,0.179430614662802
"constant observation effort, matched expected sightings",17,8,2003,"Solow","later_beta_2_1",1,0.5,2009,4,4,FALSE,0.101115757970935
"constant observation effort, matched expected sightings",17,8,2003,"Solow","uniform",1,0.6,2010,5,5,FALSE,0.129342343189064
"constant observation effort, matched expected sightings",17,8,2003,"Solow","earlier_beta_1_2",1,0.6,2013,8,8,FALSE,0.179430614662802
"constant observation effort, matched expected sightings",17,8,2003,"Solow","later_beta_2_1",1,0.6,2008,3,3,FALSE,0.101115757970935
"constant observation effort, matched expected sightings",17,8,2003,"Effort_fixed_alpha","uniform",0.6,0.5,NA,NA,NA,TRUE,NA
"constant observation effort, matched expected sightings",17,8,2003,"Effort_fixed_alpha","uniform",0.8,0.5,NA,NA,NA,TRUE,NA
"constant observation effort, matched expected sightings",17,8,2003,"Effort_fixed_alpha","uniform",1,0.5,NA,NA,NA,TRUE,NA
"constant observation effort, matched expected sightings",17,8,2003,"Effort_fixed_alpha","uniform",1.2,0.5,NA,NA,NA,TRUE,NA
"constant observation effort, matched expected sightings",17,8,2003,"Effort_fixed_alpha","uniform",1.5,0.5,NA,NA,NA,TRUE,NA
"constant observation effort, matched expected sightings",17,8,2003,"Effort_fixed_alpha","uniform",1.8,0.5,NA,NA,NA,TRUE,NA
"constant observation effort, matched expected sightings",17,8,2003,"Solow_te_median","uniform",1,-1,2005,0,0,FALSE,-1
"constant observation effort, matched expected sightings",17,8,2003,"Solow_te_median","earlier_beta_1_2",1,-1,2005,0,0,FALSE,-1
"constant observation effort, matched expected sightings",17,8,2003,"Solow_te_median","later_beta_2_1",1,-1,2006,1,1,FALSE,-1
"constant observation effort, matched expected sightings",17,8,2003,"Effort_te_median","uniform",0.6,-1,NA,NA,NA,TRUE,-1
"constant observation effort, matched expected sightings",17,8,2003,"Effort_te_median","uniform",1,-1,NA,NA,NA,TRUE,-1
"constant observation effort, matched expected sightings",17,8,2003,"Effort_te_median","uniform",1.5,-1,NA,NA,NA,TRUE,-1
"constant observation effort, matched expected sightings",17,8,2003,"Effort_te_median","uniform",1.8,-1,NA,NA,NA,TRUE,-1
"constant observation effort, matched expected sightings",18,8,2004,"Solow","uniform",1,0.3,2017,12,12,FALSE,0.167775378739336
"constant observation effort, matched expected sightings",18,8,2004,"Solow","earlier_beta_1_2",1,0.3,2019,14,14,FALSE,0.243336035218825
"constant observation effort, matched expected sightings",18,8,2004,"Solow","later_beta_2_1",1,0.3,2014,9,9,FALSE,0.128022010050794
"constant observation effort, matched expected sightings",18,8,2004,"Solow","uniform",1,0.4,2015,10,10,FALSE,0.167775378739336
"constant observation effort, matched expected sightings",18,8,2004,"Solow","earlier_beta_1_2",1,0.4,2018,13,13,FALSE,0.243336035218825
"constant observation effort, matched expected sightings",18,8,2004,"Solow","later_beta_2_1",1,0.4,2012,7,7,FALSE,0.128022010050794
"constant observation effort, matched expected sightings",18,8,2004,"Solow","uniform",1,0.5,2013,8,8,FALSE,0.167775378739336
"constant observation effort, matched expected sightings",18,8,2004,"Solow","earlier_beta_1_2",1,0.5,2016,11,11,FALSE,0.243336035218825
"constant observation effort, matched expected sightings",18,8,2004,"Solow","later_beta_2_1",1,0.5,2011,6,6,FALSE,0.128022010050794
"constant observation effort, matched expected sightings",18,8,2004,"Solow","uniform",1,0.6,2011,6,6,FALSE,0.167775378739336
"constant observation effort, matched expected sightings",18,8,2004,"Solow","earlier_beta_1_2",1,0.6,2015,10,10,FALSE,0.243336035218825
"constant observation effort, matched expected sightings",18,8,2004,"Solow","later_beta_2_1",1,0.6,2009,4,4,FALSE,0.128022010050794
"constant observation effort, matched expected sightings",18,8,2004,"Effort_fixed_alpha","uniform",0.6,0.5,NA,NA,NA,TRUE,NA
"constant observation effort, matched expected sightings",18,8,2004,"Effort_fixed_alpha","uniform",0.8,0.5,NA,NA,NA,TRUE,NA
"constant observation effort, matched expected sightings",18,8,2004,"Effort_fixed_alpha","uniform",1,0.5,NA,NA,NA,TRUE,NA
"constant observation effort, matched expected sightings",18,8,2004,"Effort_fixed_alpha","uniform",1.2,0.5,NA,NA,NA,TRUE,NA
"constant observation effort, matched expected sightings",18,8,2004,"Effort_fixed_alpha","uniform",1.5,0.5,NA,NA,NA,TRUE,NA
"constant observation effort, matched expected sightings",18,8,2004,"Effort_fixed_alpha","uniform",1.8,0.5,NA,NA,NA,TRUE,NA
"constant observation effort, matched expected sightings",18,8,2004,"Solow_te_median","uniform",1,-1,2006,1,1,FALSE,-1
"constant observation effort, matched expected sightings",18,8,2004,"Solow_te_median","earlier_beta_1_2",1,-1,2006,1,1,FALSE,-1
"constant observation effort, matched expected sightings",18,8,2004,"Solow_te_median","later_beta_2_1",1,-1,2007,2,2,FALSE,-1
"constant observation effort, matched expected sightings",18,8,2004,"Effort_te_median","uniform",0.6,-1,NA,NA,NA,TRUE,-1
"constant observation effort, matched expected sightings",18,8,2004,"Effort_te_median","uniform",1,-1,NA,NA,NA,TRUE,-1
"constant observation effort, matched expected sightings",18,8,2004,"Effort_te_median","uniform",1.5,-1,NA,NA,NA,TRUE,-1
"constant observation effort, matched expected sightings",18,8,2004,"Effort_te_median","uniform",1.8,-1,NA,NA,NA,TRUE,-1
"constant observation effort, matched expected sightings",19,10,2002,"Solow","uniform",1,0.3,2012,7,7,FALSE,0.0399754851479493
"constant observation effort, matched expected sightings",19,10,2002,"Solow","earlier_beta_1_2",1,0.3,2014,9,9,FALSE,0.0514821981657603
"constant observation effort, matched expected sightings",19,10,2002,"Solow","later_beta_2_1",1,0.3,2010,5,5,FALSE,0.0326728277960123
"constant observation effort, matched expected sightings",19,10,2002,"Solow","uniform",1,0.4,2010,5,5,FALSE,0.0399754851479493
"constant observation effort, matched expected sightings",19,10,2002,"Solow","earlier_beta_1_2",1,0.4,2013,8,8,FALSE,0.0514821981657603
"constant observation effort, matched expected sightings",19,10,2002,"Solow","later_beta_2_1",1,0.4,2009,4,4,FALSE,0.0326728277960123
"constant observation effort, matched expected sightings",19,10,2002,"Solow","uniform",1,0.5,2009,4,4,FALSE,0.0399754851479493
"constant observation effort, matched expected sightings",19,10,2002,"Solow","earlier_beta_1_2",1,0.5,2011,6,6,FALSE,0.0514821981657603
"constant observation effort, matched expected sightings",19,10,2002,"Solow","later_beta_2_1",1,0.5,2007,2,2,FALSE,0.0326728277960123
"constant observation effort, matched expected sightings",19,10,2002,"Solow","uniform",1,0.6,2008,3,3,FALSE,0.0399754851479493
"constant observation effort, matched expected sightings",19,10,2002,"Solow","earlier_beta_1_2",1,0.6,2011,6,6,FALSE,0.0514821981657603
"constant observation effort, matched expected sightings",19,10,2002,"Solow","later_beta_2_1",1,0.6,2006,1,1,FALSE,0.0326728277960123
"constant observation effort, matched expected sightings",19,10,2002,"Effort_fixed_alpha","uniform",0.6,0.5,2012,7,7,FALSE,0.209472494175647
"constant observation effort, matched expected sightings",19,10,2002,"Effort_fixed_alpha","uniform",0.8,0.5,2010,5,5,FALSE,0.0976504749804304
"constant observation effort, matched expected sightings",19,10,2002,"Effort_fixed_alpha","uniform",1,0.5,2009,4,4,FALSE,0.0399754851480252
"constant observation effort, matched expected sightings",19,10,2002,"Effort_fixed_alpha","uniform",1.2,0.5,2008,3,3,FALSE,0.0151138033779806
"constant observation effort, matched expected sightings",19,10,2002,"Effort_fixed_alpha","uniform",1.5,0.5,2007,2,2,FALSE,0.00323518455798207
"constant observation effort, matched expected sightings",19,10,2002,"Effort_fixed_alpha","uniform",1.8,0.5,2007,2,2,FALSE,0.000655159081505809
"constant observation effort, matched expected sightings",19,10,2002,"Solow_te_median","uniform",1,-1,2004,-1,1,FALSE,-1
"constant observation effort, matched expected sightings",19,10,2002,"Solow_te_median","earlier_beta_1_2",1,-1,2003,-2,2,FALSE,-1
"constant observation effort, matched expected sightings",19,10,2002,"Solow_te_median","later_beta_2_1",1,-1,2004,-1,1,FALSE,-1
"constant observation effort, matched expected sightings",19,10,2002,"Effort_te_median","uniform",0.6,-1,2005,0,0,FALSE,-1
"constant observation effort, matched expected sightings",19,10,2002,"Effort_te_median","uniform",1,-1,2004,-1,1,FALSE,-1
"constant observation effort, matched expected sightings",19,10,2002,"Effort_te_median","uniform",1.5,-1,2003,-2,2,FALSE,-1
"constant observation effort, matched expected sightings",19,10,2002,"Effort_te_median","uniform",1.8,-1,2003,-2,2,FALSE,-1
"constant observation effort, matched expected sightings",20,7,2003,"Solow","uniform",1,0.3,2017,12,12,FALSE,0.183660541017797
"constant observation effort, matched expected sightings",20,7,2003,"Solow","earlier_beta_1_2",1,0.3,2019,14,14,FALSE,0.254725594671588
"constant observation effort, matched expected sightings",20,7,2003,"Solow","later_beta_2_1",1,0.3,2014,9,9,FALSE,0.143598475797071
"constant observation effort, matched expected sightings",20,7,2003,"Solow","uniform",1,0.4,2014,9,9,FALSE,0.183660541017797
"constant observation effort, matched expected sightings",20,7,2003,"Solow","earlier_beta_1_2",1,0.4,2017,12,12,FALSE,0.254725594671588
"constant observation effort, matched expected sightings",20,7,2003,"Solow","later_beta_2_1",1,0.4,2012,7,7,FALSE,0.143598475797071
"constant observation effort, matched expected sightings",20,7,2003,"Solow","uniform",1,0.5,2012,7,7,FALSE,0.183660541017797
"constant observation effort, matched expected sightings",20,7,2003,"Solow","earlier_beta_1_2",1,0.5,2016,11,11,FALSE,0.254725594671588
"constant observation effort, matched expected sightings",20,7,2003,"Solow","later_beta_2_1",1,0.5,2010,5,5,FALSE,0.143598475797071
"constant observation effort, matched expected sightings",20,7,2003,"Solow","uniform",1,0.6,2011,6,6,FALSE,0.183660541017797
"constant observation effort, matched expected sightings",20,7,2003,"Solow","earlier_beta_1_2",1,0.6,2014,9,9,FALSE,0.254725594671588
"constant observation effort, matched expected sightings",20,7,2003,"Solow","later_beta_2_1",1,0.6,2008,3,3,FALSE,0.143598475797071
"constant observation effort, matched expected sightings",20,7,2003,"Effort_fixed_alpha","uniform",0.6,0.5,NA,NA,NA,TRUE,NA
"constant observation effort, matched expected sightings",20,7,2003,"Effort_fixed_alpha","uniform",0.8,0.5,NA,NA,NA,TRUE,NA
"constant observation effort, matched expected sightings",20,7,2003,"Effort_fixed_alpha","uniform",1,0.5,NA,NA,NA,TRUE,NA
"constant observation effort, matched expected sightings",20,7,2003,"Effort_fixed_alpha","uniform",1.2,0.5,NA,NA,NA,TRUE,NA
"constant observation effort, matched expected sightings",20,7,2003,"Effort_fixed_alpha","uniform",1.5,0.5,NA,NA,NA,TRUE,NA
"constant observation effort, matched expected sightings",20,7,2003,"Effort_fixed_alpha","uniform",1.8,0.5,NA,NA,NA,TRUE,NA
"constant observation effort, matched expected sightings",20,7,2003,"Solow_te_median","uniform",1,-1,2006,1,1,FALSE,-1
"constant observation effort, matched expected sightings",20,7,2003,"Solow_te_median","earlier_beta_1_2",1,-1,2005,0,0,FALSE,-1
"constant observation effort, matched expected sightings",20,7,2003,"Solow_te_median","later_beta_2_1",1,-1,2006,1,1,FALSE,-1
"constant observation effort, matched expected sightings",20,7,2003,"Effort_te_median","uniform",0.6,-1,NA,NA,NA,TRUE,-1
"constant observation effort, matched expected sightings",20,7,2003,"Effort_te_median","uniform",1,-1,NA,NA,NA,TRUE,-1
"constant observation effort, matched expected sightings",20,7,2003,"Effort_te_median","uniform",1.5,-1,NA,NA,NA,TRUE,-1
"constant observation effort, matched expected sightings",20,7,2003,"Effort_te_median","uniform",1.8,-1,NA,NA,NA,TRUE,-1
"constant observation effort, matched expected sightings",21,11,2004,"Solow","uniform",1,0.3,2014,9,9,FALSE,0.0573454613154728
"constant observation effort, matched expected sightings",21,11,2004,"Solow","earlier_beta_1_2",1,0.3,2016,11,11,FALSE,0.0830036014241022
"constant observation effort, matched expected sightings",21,11,2004,"Solow","later_beta_2_1",1,0.3,2012,7,7,FALSE,0.0438045603481975
"constant observation effort, matched expected sightings",21,11,2004,"Solow","uniform",1,0.4,2012,7,7,FALSE,0.0573454613154728
"constant observation effort, matched expected sightings",21,11,2004,"Solow","earlier_beta_1_2",1,0.4,2015,10,10,FALSE,0.0830036014241022
"constant observation effort, matched expected sightings",21,11,2004,"Solow","later_beta_2_1",1,0.4,2011,6,6,FALSE,0.0438045603481975
"constant observation effort, matched expected sightings",21,11,2004,"Solow","uniform",1,0.5,2011,6,6,FALSE,0.0573454613154728
"constant observation effort, matched expected sightings",21,11,2004,"Solow","earlier_beta_1_2",1,0.5,2014,9,9,FALSE,0.0830036014241022
"constant observation effort, matched expected sightings",21,11,2004,"Solow","later_beta_2_1",1,0.5,2010,5,5,FALSE,0.0438045603481975
"constant observation effort, matched expected sightings",21,11,2004,"Solow","uniform",1,0.6,2010,5,5,FALSE,0.0573454613154728
"constant observation effort, matched expected sightings",21,11,2004,"Solow","earlier_beta_1_2",1,0.6,2013,8,8,FALSE,0.0830036014241022
"constant observation effort, matched expected sightings",21,11,2004,"Solow","later_beta_2_1",1,0.6,2008,3,3,FALSE,0.0438045603481975
"constant observation effort, matched expected sightings",21,11,2004,"Effort_fixed_alpha","uniform",0.6,0.5,NA,NA,NA,TRUE,NA
"constant observation effort, matched expected sightings",21,11,2004,"Effort_fixed_alpha","uniform",0.8,0.5,NA,NA,NA,TRUE,NA
"constant observation effort, matched expected sightings",21,11,2004,"Effort_fixed_alpha","uniform",1,0.5,NA,NA,NA,TRUE,NA
"constant observation effort, matched expected sightings",21,11,2004,"Effort_fixed_alpha","uniform",1.2,0.5,NA,NA,NA,TRUE,NA
"constant observation effort, matched expected sightings",21,11,2004,"Effort_fixed_alpha","uniform",1.5,0.5,NA,NA,NA,TRUE,NA
"constant observation effort, matched expected sightings",21,11,2004,"Effort_fixed_alpha","uniform",1.8,0.5,NA,NA,NA,TRUE,NA
"constant observation effort, matched expected sightings",21,11,2004,"Solow_te_median","uniform",1,-1,2006,1,1,FALSE,-1
"constant observation effort, matched expected sightings",21,11,2004,"Solow_te_median","earlier_beta_1_2",1,-1,2005,0,0,FALSE,-1
"constant observation effort, matched expected sightings",21,11,2004,"Solow_te_median","later_beta_2_1",1,-1,2006,1,1,FALSE,-1
"constant observation effort, matched expected sightings",21,11,2004,"Effort_te_median","uniform",0.6,-1,NA,NA,NA,TRUE,-1
"constant observation effort, matched expected sightings",21,11,2004,"Effort_te_median","uniform",1,-1,NA,NA,NA,TRUE,-1
"constant observation effort, matched expected sightings",21,11,2004,"Effort_te_median","uniform",1.5,-1,NA,NA,NA,TRUE,-1
"constant observation effort, matched expected sightings",21,11,2004,"Effort_te_median","uniform",1.8,-1,NA,NA,NA,TRUE,-1
"constant observation effort, matched expected sightings",22,5,2002,"Solow","uniform",1,0.3,2020,15,15,FALSE,0.287186830322261
"constant observation effort, matched expected sightings",22,5,2002,"Solow","earlier_beta_1_2",1,0.3,NA,NA,NA,TRUE,0.381132124586135
"constant observation effort, matched expected sightings",22,5,2002,"Solow","later_beta_2_1",1,0.3,2017,12,12,FALSE,0.230396399514915
"constant observation effort, matched expected sightings",22,5,2002,"Solow","uniform",1,0.4,2016,11,11,FALSE,0.287186830322261
"constant observation effort, matched expected sightings",22,5,2002,"Solow","earlier_beta_1_2",1,0.4,2020,15,15,FALSE,0.381132124586135
"constant observation effort, matched expected sightings",22,5,2002,"Solow","later_beta_2_1",1,0.4,2013,8,8,FALSE,0.230396399514915
"constant observation effort, matched expected sightings",22,5,2002,"Solow","uniform",1,0.5,2013,8,8,FALSE,0.287186830322261
"constant observation effort, matched expected sightings",22,5,2002,"Solow","earlier_beta_1_2",1,0.5,2018,13,13,FALSE,0.381132124586135
"constant observation effort, matched expected sightings",22,5,2002,"Solow","later_beta_2_1",1,0.5,2010,5,5,FALSE,0.230396399514915
"constant observation effort, matched expected sightings",22,5,2002,"Solow","uniform",1,0.6,2011,6,6,FALSE,0.287186830322261
"constant observation effort, matched expected sightings",22,5,2002,"Solow","earlier_beta_1_2",1,0.6,2015,10,10,FALSE,0.381132124586135
"constant observation effort, matched expected sightings",22,5,2002,"Solow","later_beta_2_1",1,0.6,2008,3,3,FALSE,0.230396399514915
"constant observation effort, matched expected sightings",22,5,2002,"Effort_fixed_alpha","uniform",0.6,0.5,2019,14,14,FALSE,0.464491362763916
"constant observation effort, matched expected sightings",22,5,2002,"Effort_fixed_alpha","uniform",0.8,0.5,2015,10,10,FALSE,0.37450759707372
"constant observation effort, matched expected sightings",22,5,2002,"Effort_fixed_alpha","uniform",1,0.5,2013,8,8,FALSE,0.28718683032321
"constant observation effort, matched expected sightings",22,5,2002,"Effort_fixed_alpha","uniform",1.2,0.5,2012,7,7,FALSE,0.209472494175647
"constant observation effort, matched expected sightings",22,5,2002,"Effort_fixed_alpha","uniform",1.5,0.5,2010,5,5,FALSE,0.11989802656871
"constant observation effort, matched expected sightings",22,5,2002,"Effort_fixed_alpha","uniform",1.8,0.5,2009,4,4,FALSE,0.0632781785610746
"constant observation effort, matched expected sightings",22,5,2002,"Solow_te_median","uniform",1,-1,2006,1,1,FALSE,-1
"constant observation effort, matched expected sightings",22,5,2002,"Solow_te_median","earlier_beta_1_2",1,-1,2005,0,0,FALSE,-1
"constant observation effort, matched expected sightings",22,5,2002,"Solow_te_median","later_beta_2_1",1,-1,2006,1,1,FALSE,-1
"constant observation effort, matched expected sightings",22,5,2002,"Effort_te_median","uniform",0.6,-1,2007,2,2,FALSE,-1
"constant observation effort, matched expected sightings",22,5,2002,"Effort_te_median","uniform",1,-1,2006,1,1,FALSE,-1
"constant observation effort, matched expected sightings",22,5,2002,"Effort_te_median","uniform",1.5,-1,2004,-1,1,FALSE,-1
"constant observation effort, matched expected sightings",22,5,2002,"Effort_te_median","uniform",1.8,-1,2004,-1,1,FALSE,-1
"constant observation effort, matched expected sightings",23,5,2003,"Solow","uniform",1,0.3,NA,NA,NA,TRUE,0.329270900440851
"constant observation effort, matched expected sightings",23,5,2003,"Solow","earlier_beta_1_2",1,0.3,NA,NA,NA,TRUE,0.447639718121708
"constant observation effort, matched expected sightings",23,5,2003,"Solow","later_beta_2_1",1,0.3,2018,13,13,FALSE,0.260410795483901
"constant observation effort, matched expected sightings",23,5,2003,"Solow","uniform",1,0.4,2018,13,13,FALSE,0.329270900440851
"constant observation effort, matched expected sightings",23,5,2003,"Solow","earlier_beta_1_2",1,0.4,NA,NA,NA,TRUE,0.447639718121708
"constant observation effort, matched expected sightings",23,5,2003,"Solow","later_beta_2_1",1,0.4,2015,10,10,FALSE,0.260410795483901
"constant observation effort, matched expected sightings",23,5,2003,"Solow","uniform",1,0.5,2015,10,10,FALSE,0.329270900440851
"constant observation effort, matched expected sightings",23,5,2003,"Solow","earlier_beta_1_2",1,0.5,2019,14,14,FALSE,0.447639718121708
"constant observation effort, matched expected sightings",23,5,2003,"Solow","later_beta_2_1",1,0.5,2012,7,7,FALSE,0.260410795483901
"constant observation effort, matched expected sightings",23,5,2003,"Solow","uniform",1,0.6,2012,7,7,FALSE,0.329270900440851
"constant observation effort, matched expected sightings",23,5,2003,"Solow","earlier_beta_1_2",1,0.6,2017,12,12,FALSE,0.447639718121708
"constant observation effort, matched expected sightings",23,5,2003,"Solow","later_beta_2_1",1,0.6,2009,4,4,FALSE,0.260410795483901
"constant observation effort, matched expected sightings",23,5,2003,"Effort_fixed_alpha","uniform",0.6,0.5,2020,15,15,FALSE,0.496946923438234
"constant observation effort, matched expected sightings",23,5,2003,"Effort_fixed_alpha","uniform",0.8,0.5,2017,12,12,FALSE,0.413215749315099
"constant observation effort, matched expected sightings",23,5,2003,"Effort_fixed_alpha","uniform",1,0.5,2015,10,10,FALSE,0.329270900652827
"constant observation effort, matched expected sightings",23,5,2003,"Effort_fixed_alpha","uniform",1.2,0.5,2013,8,8,FALSE,0.251134430356174
"constant observation effort, matched expected sightings",23,5,2003,"Effort_fixed_alpha","uniform",1.5,0.5,2012,7,7,FALSE,0.154803362645513
"constant observation effort, matched expected sightings",23,5,2003,"Effort_fixed_alpha","uniform",1.8,0.5,2011,6,6,FALSE,0.0882156524116602
"constant observation effort, matched expected sightings",23,5,2003,"Solow_te_median","uniform",1,-1,2007,2,2,FALSE,-1
"constant observation effort, matched expected sightings",23,5,2003,"Solow_te_median","earlier_beta_1_2",1,-1,2006,1,1,FALSE,-1
"constant observation effort, matched expected sightings",23,5,2003,"Solow_te_median","later_beta_2_1",1,-1,2007,2,2,FALSE,-1
"constant observation effort, matched expected sightings",23,5,2003,"Effort_te_median","uniform",0.6,-1,2008,3,3,FALSE,-1
"constant observation effort, matched expected sightings",23,5,2003,"Effort_te_median","uniform",1,-1,2007,2,2,FALSE,-1
"constant observation effort, matched expected sightings",23,5,2003,"Effort_te_median","uniform",1.5,-1,2005,0,0,FALSE,-1
"constant observation effort, matched expected sightings",23,5,2003,"Effort_te_median","uniform",1.8,-1,2005,0,0,FALSE,-1
"constant observation effort, matched expected sightings",24,8,1997,"Solow","uniform",1,0.3,2006,1,1,FALSE,0.0172720121476734
"constant observation effort, matched expected sightings",24,8,1997,"Solow","earlier_beta_1_2",1,0.3,2008,3,3,FALSE,0.017075644433346
"constant observation effort, matched expected sightings",24,8,1997,"Solow","later_beta_2_1",1,0.3,2005,0,0,FALSE,0.0174729488112363
"constant observation effort, matched expected sightings",24,8,1997,"Solow","uniform",1,0.4,2005,0,0,FALSE,0.0172720121476734
"constant observation effort, matched expected sightings",24,8,1997,"Solow","earlier_beta_1_2",1,0.4,2007,2,2,FALSE,0.017075644433346
"constant observation effort, matched expected sightings",24,8,1997,"Solow","later_beta_2_1",1,0.4,2003,-2,2,FALSE,0.0174729488112363
"constant observation effort, matched expected sightings",24,8,1997,"Solow","uniform",1,0.5,2003,-2,2,FALSE,0.0172720121476734
"constant observation effort, matched expected sightings",24,8,1997,"Solow","earlier_beta_1_2",1,0.5,2006,1,1,FALSE,0.017075644433346
"constant observation effort, matched expected sightings",24,8,1997,"Solow","later_beta_2_1",1,0.5,2002,-3,3,FALSE,0.0174729488112363
"constant observation effort, matched expected sightings",24,8,1997,"Solow","uniform",1,0.6,2002,-3,3,FALSE,0.0172720121476734
"constant observation effort, matched expected sightings",24,8,1997,"Solow","earlier_beta_1_2",1,0.6,2005,0,0,FALSE,0.017075644433346
"constant observation effort, matched expected sightings",24,8,1997,"Solow","later_beta_2_1",1,0.6,2001,-4,4,FALSE,0.0174729488112363
"constant observation effort, matched expected sightings",24,8,1997,"Effort_fixed_alpha","uniform",0.6,0.5,2006,1,1,FALSE,0.13272855309464
"constant observation effort, matched expected sightings",24,8,1997,"Effort_fixed_alpha","uniform",0.8,0.5,2004,-1,1,FALSE,0.0509652047282529
"constant observation effort, matched expected sightings",24,8,1997,"Effort_fixed_alpha","uniform",1,0.5,2003,-2,2,FALSE,0.0172720121083287
"constant observation effort, matched expected sightings",24,8,1997,"Effort_fixed_alpha","uniform",1.2,0.5,2003,-2,2,FALSE,0.00545187375116324
"constant observation effort, matched expected sightings",24,8,1997,"Effort_fixed_alpha","uniform",1.5,0.5,2002,-3,3,FALSE,0.000898082422035994
"constant observation effort, matched expected sightings",24,8,1997,"Effort_fixed_alpha","uniform",1.8,0.5,2001,-4,4,FALSE,0.000140430040378786
"constant observation effort, matched expected sightings",24,8,1997,"Solow_te_median","uniform",1,-1,1999,-6,6,FALSE,-1
"constant observation effort, matched expected sightings",24,8,1997,"Solow_te_median","earlier_beta_1_2",1,-1,1999,-6,6,FALSE,-1
"constant observation effort, matched expected sightings",24,8,1997,"Solow_te_median","later_beta_2_1",1,-1,1999,-6,6,FALSE,-1
"constant observation effort, matched expected sightings",24,8,1997,"Effort_te_median","uniform",0.6,-1,2000,-5,5,FALSE,-1
"constant observation effort, matched expected sightings",24,8,1997,"Effort_te_median","uniform",1,-1,1999,-6,6,FALSE,-1
"constant observation effort, matched expected sightings",24,8,1997,"Effort_te_median","uniform",1.5,-1,1998,-7,7,FALSE,-1
"constant observation effort, matched expected sightings",24,8,1997,"Effort_te_median","uniform",1.8,-1,1998,-7,7,FALSE,-1
"constant observation effort, matched expected sightings",25,9,2003,"Solow","uniform",1,0.3,2014,9,9,FALSE,0.0882156524090715
"constant observation effort, matched expected sightings",25,9,2003,"Solow","earlier_beta_1_2",1,0.3,2016,11,11,FALSE,0.121819398902587
"constant observation effort, matched expected sightings",25,9,2003,"Solow","later_beta_2_1",1,0.3,2012,7,7,FALSE,0.0691427118070802
"constant observation effort, matched expected sightings",25,9,2003,"Solow","uniform",1,0.4,2012,7,7,FALSE,0.0882156524090715
"constant observation effort, matched expected sightings",25,9,2003,"Solow","earlier_beta_1_2",1,0.4,2015,10,10,FALSE,0.121819398902587
"constant observation effort, matched expected sightings",25,9,2003,"Solow","later_beta_2_1",1,0.4,2010,5,5,FALSE,0.0691427118070802
"constant observation effort, matched expected sightings",25,9,2003,"Solow","uniform",1,0.5,2011,6,6,FALSE,0.0882156524090715
"constant observation effort, matched expected sightings",25,9,2003,"Solow","earlier_beta_1_2",1,0.5,2014,9,9,FALSE,0.121819398902587
"constant observation effort, matched expected sightings",25,9,2003,"Solow","later_beta_2_1",1,0.5,2009,4,4,FALSE,0.0691427118070802
"constant observation effort, matched expected sightings",25,9,2003,"Solow","uniform",1,0.6,2009,4,4,FALSE,0.0882156524090715
"constant observation effort, matched expected sightings",25,9,2003,"Solow","earlier_beta_1_2",1,0.6,2013,8,8,FALSE,0.121819398902587
"constant observation effort, matched expected sightings",25,9,2003,"Solow","later_beta_2_1",1,0.6,2008,3,3,FALSE,0.0691427118070802
"constant observation effort, matched expected sightings",25,9,2003,"Effort_fixed_alpha","uniform",0.6,0.5,2014,9,9,FALSE,0.297003892301891
"constant observation effort, matched expected sightings",25,9,2003,"Effort_fixed_alpha","uniform",0.8,0.5,2012,7,7,FALSE,0.171711006681176
"constant observation effort, matched expected sightings",25,9,2003,"Effort_fixed_alpha","uniform",1,0.5,2011,6,6,FALSE,0.0882156524116602
"constant observation effort, matched expected sightings",25,9,2003,"Effort_fixed_alpha","uniform",1.2,0.5,2010,5,5,FALSE,0.0416317073335046
"constant observation effort, matched expected sightings",25,9,2003,"Effort_fixed_alpha","uniform",1.5,0.5,2009,4,4,FALSE,0.0122416276797763
"constant observation effort, matched expected sightings",25,9,2003,"Effort_fixed_alpha","uniform",1.8,0.5,2008,3,3,FALSE,0.00336841838718026
"constant observation effort, matched expected sightings",25,9,2003,"Solow_te_median","uniform",1,-1,2005,0,0,FALSE,-1
"constant observation effort, matched expected sightings",25,9,2003,"Solow_te_median","earlier_beta_1_2",1,-1,2005,0,0,FALSE,-1
"constant observation effort, matched expected sightings",25,9,2003,"Solow_te_median","later_beta_2_1",1,-1,2005,0,0,FALSE,-1
"constant observation effort, matched expected sightings",25,9,2003,"Effort_te_median","uniform",0.6,-1,2006,1,1,FALSE,-1
"constant observation effort, matched expected sightings",25,9,2003,"Effort_te_median","uniform",1,-1,2005,0,0,FALSE,-1
"constant observation effort, matched expected sightings",25,9,2003,"Effort_te_median","uniform",1.5,-1,2004,-1,1,FALSE,-1
"constant observation effort, matched expected sightings",25,9,2003,"Effort_te_median","uniform",1.8,-1,2004,-1,1,FALSE,-1
"constant observation effort, matched expected sightings",26,9,1999,"Solow","uniform",1,0.3,2008,3,3,FALSE,0.0203625056696665
"constant observation effort, matched expected sightings",26,9,1999,"Solow","earlier_beta_1_2",1,0.3,2010,5,5,FALSE,0.0221551824208848
"constant observation effort, matched expected sightings",26,9,1999,"Solow","later_beta_2_1",1,0.3,2007,2,2,FALSE,0.0188382195007765
"constant observation effort, matched expected sightings",26,9,1999,"Solow","uniform",1,0.4,2007,2,2,FALSE,0.0203625056696665
"constant observation effort, matched expected sightings",26,9,1999,"Solow","earlier_beta_1_2",1,0.4,2009,4,4,FALSE,0.0221551824208848
"constant observation effort, matched expected sightings",26,9,1999,"Solow","later_beta_2_1",1,0.4,2005,0,0,FALSE,0.0188382195007765
"constant observation effort, matched expected sightings",26,9,1999,"Solow","uniform",1,0.5,2006,1,1,FALSE,0.0203625056696665
"constant observation effort, matched expected sightings",26,9,1999,"Solow","earlier_beta_1_2",1,0.5,2008,3,3,FALSE,0.0221551824208848
"constant observation effort, matched expected sightings",26,9,1999,"Solow","later_beta_2_1",1,0.5,2004,-1,1,FALSE,0.0188382195007765
"constant observation effort, matched expected sightings",26,9,1999,"Solow","uniform",1,0.6,2004,-1,1,FALSE,0.0203625056696665
"constant observation effort, matched expected sightings",26,9,1999,"Solow","earlier_beta_1_2",1,0.6,2007,2,2,FALSE,0.0221551824208848
"constant observation effort, matched expected sightings",26,9,1999,"Solow","later_beta_2_1",1,0.6,2003,-2,2,FALSE,0.0188382195007765
"constant observation effort, matched expected sightings",26,9,1999,"Effort_fixed_alpha","uniform",0.6,0.5,NA,NA,NA,TRUE,NA
"constant observation effort, matched expected sightings",26,9,1999,"Effort_fixed_alpha","uniform",0.8,0.5,NA,NA,NA,TRUE,NA
"constant observation effort, matched expected sightings",26,9,1999,"Effort_fixed_alpha","uniform",1,0.5,NA,NA,NA,TRUE,NA
"constant observation effort, matched expected sightings",26,9,1999,"Effort_fixed_alpha","uniform",1.2,0.5,NA,NA,NA,TRUE,NA
"constant observation effort, matched expected sightings",26,9,1999,"Effort_fixed_alpha","uniform",1.5,0.5,NA,NA,NA,TRUE,NA
"constant observation effort, matched expected sightings",26,9,1999,"Effort_fixed_alpha","uniform",1.8,0.5,NA,NA,NA,TRUE,NA
"constant observation effort, matched expected sightings",26,9,1999,"Solow_te_median","uniform",1,-1,2001,-4,4,FALSE,-1
"constant observation effort, matched expected sightings",26,9,1999,"Solow_te_median","earlier_beta_1_2",1,-1,2000,-5,5,FALSE,-1
"constant observation effort, matched expected sightings",26,9,1999,"Solow_te_median","later_beta_2_1",1,-1,2001,-4,4,FALSE,-1
"constant observation effort, matched expected sightings",26,9,1999,"Effort_te_median","uniform",0.6,-1,NA,NA,NA,TRUE,-1
"constant observation effort, matched expected sightings",26,9,1999,"Effort_te_median","uniform",1,-1,NA,NA,NA,TRUE,-1
"constant observation effort, matched expected sightings",26,9,1999,"Effort_te_median","uniform",1.5,-1,NA,NA,NA,TRUE,-1
"constant observation effort, matched expected sightings",26,9,1999,"Effort_te_median","uniform",1.8,-1,NA,NA,NA,TRUE,-1
"constant observation effort, matched expected sightings",27,10,2001,"Solow","uniform",1,0.3,2010,5,5,FALSE,0.0266240897043797
"constant observation effort, matched expected sightings",27,10,2001,"Solow","earlier_beta_1_2",1,0.3,2012,7,7,FALSE,0.0322038118028952
"constant observation effort, matched expected sightings",27,10,2001,"Solow","later_beta_2_1",1,0.3,2009,4,4,FALSE,0.0226923499665347
"constant observation effort, matched expected sightings",27,10,2001,"Solow","uniform",1,0.4,2009,4,4,FALSE,0.0266240897043797
"constant observation effort, matched expected sightings",27,10,2001,"Solow","earlier_beta_1_2",1,0.4,2011,6,6,FALSE,0.0322038118028952
"constant observation effort, matched expected sightings",27,10,2001,"Solow","later_beta_2_1",1,0.4,2007,2,2,FALSE,0.0226923499665347
"constant observation effort, matched expected sightings",27,10,2001,"Solow","uniform",1,0.5,2008,3,3,FALSE,0.0266240897043797
"constant observation effort, matched expected sightings",27,10,2001,"Solow","earlier_beta_1_2",1,0.5,2010,5,5,FALSE,0.0322038118028952
"constant observation effort, matched expected sightings",27,10,2001,"Solow","later_beta_2_1",1,0.5,2006,1,1,FALSE,0.0226923499665347
"constant observation effort, matched expected sightings",27,10,2001,"Solow","uniform",1,0.6,2007,2,2,FALSE,0.0266240897043797
"constant observation effort, matched expected sightings",27,10,2001,"Solow","earlier_beta_1_2",1,0.6,2009,4,4,FALSE,0.0322038118028952
"constant observation effort, matched expected sightings",27,10,2001,"Solow","later_beta_2_1",1,0.6,2005,0,0,FALSE,0.0226923499665347
"constant observation effort, matched expected sightings",27,10,2001,"Effort_fixed_alpha","uniform",0.6,0.5,NA,NA,NA,TRUE,NA
"constant observation effort, matched expected sightings",27,10,2001,"Effort_fixed_alpha","uniform",0.8,0.5,NA,NA,NA,TRUE,NA
"constant observation effort, matched expected sightings",27,10,2001,"Effort_fixed_alpha","uniform",1,0.5,NA,NA,NA,TRUE,NA
"constant observation effort, matched expected sightings",27,10,2001,"Effort_fixed_alpha","uniform",1.2,0.5,NA,NA,NA,TRUE,NA
"constant observation effort, matched expected sightings",27,10,2001,"Effort_fixed_alpha","uniform",1.5,0.5,NA,NA,NA,TRUE,NA
"constant observation effort, matched expected sightings",27,10,2001,"Effort_fixed_alpha","uniform",1.8,0.5,NA,NA,NA,TRUE,NA
"constant observation effort, matched expected sightings",27,10,2001,"Solow_te_median","uniform",1,-1,2003,-2,2,FALSE,-1
"constant observation effort, matched expected sightings",27,10,2001,"Solow_te_median","earlier_beta_1_2",1,-1,2002,-3,3,FALSE,-1
"constant observation effort, matched expected sightings",27,10,2001,"Solow_te_median","later_beta_2_1",1,-1,2003,-2,2,FALSE,-1
"constant observation effort, matched expected sightings",27,10,2001,"Effort_te_median","uniform",0.6,-1,NA,NA,NA,TRUE,-1
"constant observation effort, matched expected sightings",27,10,2001,"Effort_te_median","uniform",1,-1,NA,NA,NA,TRUE,-1
"constant observation effort, matched expected sightings",27,10,2001,"Effort_te_median","uniform",1.5,-1,NA,NA,NA,TRUE,-1
"constant observation effort, matched expected sightings",27,10,2001,"Effort_te_median","uniform",1.8,-1,NA,NA,NA,TRUE,-1
"constant observation effort, matched expected sightings",28,14,2003,"Solow","uniform",1,0.3,2010,5,5,FALSE,0.00967673006535015
"constant observation effort, matched expected sightings",28,14,2003,"Solow","earlier_beta_1_2",1,0.3,2012,7,7,FALSE,0.0127790997975347
"constant observation effort, matched expected sightings",28,14,2003,"Solow","later_beta_2_1",1,0.3,2009,4,4,FALSE,0.00778642675273262
"constant observation effort, matched expected sightings",28,14,2003,"Solow","uniform",1,0.4,2010,5,5,FALSE,0.00967673006535015
"constant observation effort, matched expected sightings",28,14,2003,"Solow","earlier_beta_1_2",1,0.4,2012,7,7,FALSE,0.0127790997975347
"constant observation effort, matched expected sightings",28,14,2003,"Solow","later_beta_2_1",1,0.4,2008,3,3,FALSE,0.00778642675273262
"constant observation effort, matched expected sightings",28,14,2003,"Solow","uniform",1,0.5,2009,4,4,FALSE,0.00967673006535015
"constant observation effort, matched expected sightings",28,14,2003,"Solow","earlier_beta_1_2",1,0.5,2011,6,6,FALSE,0.0127790997975347
"constant observation effort, matched expected sightings",28,14,2003,"Solow","later_beta_2_1",1,0.5,2008,3,3,FALSE,0.00778642675273262
"constant observation effort, matched expected sightings",28,14,2003,"Solow","uniform",1,0.6,2008,3,3,FALSE,0.00967673006535015
"constant observation effort, matched expected sightings",28,14,2003,"Solow","earlier_beta_1_2",1,0.6,2010,5,5,FALSE,0.0127790997975347
"constant observation effort, matched expected sightings",28,14,2003,"Solow","later_beta_2_1",1,0.6,2007,2,2,FALSE,0.00778642675273262
"constant observation effort, matched expected sightings",28,14,2003,"Effort_fixed_alpha","uniform",0.6,0.5,NA,NA,NA,TRUE,NA
"constant observation effort, matched expected sightings",28,14,2003,"Effort_fixed_alpha","uniform",0.8,0.5,NA,NA,NA,TRUE,NA
"constant observation effort, matched expected sightings",28,14,2003,"Effort_fixed_alpha","uniform",1,0.5,NA,NA,NA,TRUE,NA
"constant observation effort, matched expected sightings",28,14,2003,"Effort_fixed_alpha","uniform",1.2,0.5,NA,NA,NA,TRUE,NA
"constant observation effort, matched expected sightings",28,14,2003,"Effort_fixed_alpha","uniform",1.5,0.5,NA,NA,NA,TRUE,NA
"constant observation effort, matched expected sightings",28,14,2003,"Effort_fixed_alpha","uniform",1.8,0.5,NA,NA,NA,TRUE,NA
"constant observation effort, matched expected sightings",28,14,2003,"Solow_te_median","uniform",1,-1,2004,-1,1,FALSE,-1
"constant observation effort, matched expected sightings",28,14,2003,"Solow_te_median","earlier_beta_1_2",1,-1,2004,-1,1,FALSE,-1
"constant observation effort, matched expected sightings",28,14,2003,"Solow_te_median","later_beta_2_1",1,-1,2004,-1,1,FALSE,-1
"constant observation effort, matched expected sightings",28,14,2003,"Effort_te_median","uniform",0.6,-1,NA,NA,NA,TRUE,-1
"constant observation effort, matched expected sightings",28,14,2003,"Effort_te_median","uniform",1,-1,NA,NA,NA,TRUE,-1
"constant observation effort, matched expected sightings",28,14,2003,"Effort_te_median","uniform",1.5,-1,NA,NA,NA,TRUE,-1
"constant observation effort, matched expected sightings",28,14,2003,"Effort_te_median","uniform",1.8,-1,NA,NA,NA,TRUE,-1
"constant observation effort, matched expected sightings",29,8,1998,"Solow","uniform",1,0.3,2008,3,3,FALSE,0.0255832802878483
"constant observation effort, matched expected sightings",29,8,1998,"Solow","earlier_beta_1_2",1,0.3,2010,5,5,FALSE,0.0267616091390649
"constant observation effort, matched expected sightings",29,8,1998,"Solow","later_beta_2_1",1,0.3,2006,1,1,FALSE,0.0245043402672076
"constant observation effort, matched expected sightings",29,8,1998,"Solow","uniform",1,0.4,2006,1,1,FALSE,0.0255832802878483
"constant observation effort, matched expected sightings",29,8,1998,"Solow","earlier_beta_1_2",1,0.4,2008,3,3,FALSE,0.0267616091390649
"constant observation effort, matched expected sightings",29,8,1998,"Solow","later_beta_2_1",1,0.4,2004,-1,1,FALSE,0.0245043402672076
"constant observation effort, matched expected sightings",29,8,1998,"Solow","uniform",1,0.5,2005,0,0,FALSE,0.0255832802878483
"constant observation effort, matched expected sightings",29,8,1998,"Solow","earlier_beta_1_2",1,0.5,2007,2,2,FALSE,0.0267616091390649
"constant observation effort, matched expected sightings",29,8,1998,"Solow","later_beta_2_1",1,0.5,2003,-2,2,FALSE,0.0245043402672076
"constant observation effort, matched expected sightings",29,8,1998,"Solow","uniform",1,0.6,2004,-1,1,FALSE,0.0255832802878483
"constant observation effort, matched expected sightings",29,8,1998,"Solow","earlier_beta_1_2",1,0.6,2006,1,1,FALSE,0.0267616091390649
"constant observation effort, matched expected sightings",29,8,1998,"Solow","later_beta_2_1",1,0.6,2002,-3,3,FALSE,0.0245043402672076
"constant observation effort, matched expected sightings",29,8,1998,"Effort_fixed_alpha","uniform",0.6,0.5,2008,3,3,FALSE,0.161105487329633
"constant observation effort, matched expected sightings",29,8,1998,"Effort_fixed_alpha","uniform",0.8,0.5,2006,1,1,FALSE,0.068367273057095
"constant observation effort, matched expected sightings",29,8,1998,"Effort_fixed_alpha","uniform",1,0.5,2005,0,0,FALSE,0.0255832802972803
"constant observation effort, matched expected sightings",29,8,1998,"Effort_fixed_alpha","uniform",1.2,0.5,2004,-1,1,FALSE,0.00888591669505573
"constant observation effort, matched expected sightings",29,8,1998,"Effort_fixed_alpha","uniform",1.5,0.5,2003,-2,2,FALSE,0.00168292741817737
"constant observation effort, matched expected sightings",29,8,1998,"Effort_fixed_alpha","uniform",1.8,0.5,2002,-3,3,FALSE,0.000302016791951129
"constant observation effort, matched expected sightings",29,8,1998,"Solow_te_median","uniform",1,-1,2000,-5,5,FALSE,-1
"constant observation effort, matched expected sightings",29,8,1998,"Solow_te_median","earlier_beta_1_2",1,-1,2000,-5,5,FALSE,-1
"constant observation effort, matched expected sightings",29,8,1998,"Solow_te_median","later_beta_2_1",1,-1,2000,-5,5,FALSE,-1
"constant observation effort, matched expected sightings",29,8,1998,"Effort_te_median","uniform",0.6,-1,2001,-4,4,FALSE,-1
"constant observation effort, matched expected sightings",29,8,1998,"Effort_te_median","uniform",1,-1,2000,-5,5,FALSE,-1
"constant observation effort, matched expected sightings",29,8,1998,"Effort_te_median","uniform",1.5,-1,1999,-6,6,FALSE,-1
"constant observation effort, matched expected sightings",29,8,1998,"Effort_te_median","uniform",1.8,-1,1999,-6,6,FALSE,-1
"constant observation effort, matched expected sightings",30,6,2002,"Solow","uniform",1,0.3,2017,12,12,FALSE,0.209472494106858
"constant observation effort, matched expected sightings",30,6,2002,"Solow","earlier_beta_1_2",1,0.3,2020,15,15,FALSE,0.279042359492342
"constant observation effort, matched expected sightings",30,6,2002,"Solow","later_beta_2_1",1,0.3,2014,9,9,FALSE,0.167669676600722
"constant observation effort, matched expected sightings",30,6,2002,"Solow","uniform",1,0.4,2014,9,9,FALSE,0.209472494106858
"constant observation effort, matched expected sightings",30,6,2002,"Solow","earlier_beta_1_2",1,0.4,2018,13,13,FALSE,0.279042359492342
"constant observation effort, matched expected sightings",30,6,2002,"Solow","later_beta_2_1",1,0.4,2012,7,7,FALSE,0.167669676600722
"constant observation effort, matched expected sightings",30,6,2002,"Solow","uniform",1,0.5,2012,7,7,FALSE,0.209472494106858
"constant observation effort, matched expected sightings",30,6,2002,"Solow","earlier_beta_1_2",1,0.5,2016,11,11,FALSE,0.279042359492342
"constant observation effort, matched expected sightings",30,6,2002,"Solow","later_beta_2_1",1,0.5,2009,4,4,FALSE,0.167669676600722
"constant observation effort, matched expected sightings",30,6,2002,"Solow","uniform",1,0.6,2010,5,5,FALSE,0.209472494106858
"constant observation effort, matched expected sightings",30,6,2002,"Solow","earlier_beta_1_2",1,0.6,2014,9,9,FALSE,0.279042359492342
"constant observation effort, matched expected sightings",30,6,2002,"Solow","later_beta_2_1",1,0.6,2008,3,3,FALSE,0.167669676600722
"constant observation effort, matched expected sightings",30,6,2002,"Effort_fixed_alpha","uniform",0.6,0.5,2017,12,12,FALSE,0.410604090132145
"constant observation effort, matched expected sightings",30,6,2002,"Effort_fixed_alpha","uniform",0.8,0.5,2014,9,9,FALSE,0.304081461317722
"constant observation effort, matched expected sightings",30,6,2002,"Effort_fixed_alpha","uniform",1,0.5,2012,7,7,FALSE,0.209472494175647
"constant observation effort, matched expected sightings",30,6,2002,"Effort_fixed_alpha","uniform",1.2,0.5,2011,6,6,FALSE,0.135032983139703
"constant observation effort, matched expected sightings",30,6,2002,"Effort_fixed_alpha","uniform",1.5,0.5,2009,4,4,FALSE,0.0632781785610746
"constant observation effort, matched expected sightings",30,6,2002,"Effort_fixed_alpha","uniform",1.8,0.5,2009,4,4,FALSE,0.0272901108567525
"constant observation effort, matched expected sightings",30,6,2002,"Solow_te_median","uniform",1,-1,2005,0,0,FALSE,-1
"constant observation effort, matched expected sightings",30,6,2002,"Solow_te_median","earlier_beta_1_2",1,-1,2004,-1,1,FALSE,-1
"constant observation effort, matched expected sightings",30,6,2002,"Solow_te_median","later_beta_2_1",1,-1,2006,1,1,FALSE,-1
"constant observation effort, matched expected sightings",30,6,2002,"Effort_te_median","uniform",0.6,-1,2007,2,2,FALSE,-1
"constant observation effort, matched expected sightings",30,6,2002,"Effort_te_median","uniform",1,-1,2005,0,0,FALSE,-1
"constant observation effort, matched expected sightings",30,6,2002,"Effort_te_median","uniform",1.5,-1,2004,-1,1,FALSE,-1
"constant observation effort, matched expected sightings",30,6,2002,"Effort_te_median","uniform",1.8,-1,2004,-1,1,FALSE,-1
"constant observation effort, matched expected sightings",31,9,2003,"Solow","uniform",1,0.3,2014,9,9,FALSE,0.0882156524090715
"constant observation effort, matched expected sightings",31,9,2003,"Solow","earlier_beta_1_2",1,0.3,2016,11,11,FALSE,0.121819398902587
"constant observation effort, matched expected sightings",31,9,2003,"Solow","later_beta_2_1",1,0.3,2012,7,7,FALSE,0.0691427118070802
"constant observation effort, matched expected sightings",31,9,2003,"Solow","uniform",1,0.4,2012,7,7,FALSE,0.0882156524090715
"constant observation effort, matched expected sightings",31,9,2003,"Solow","earlier_beta_1_2",1,0.4,2015,10,10,FALSE,0.121819398902587
"constant observation effort, matched expected sightings",31,9,2003,"Solow","later_beta_2_1",1,0.4,2010,5,5,FALSE,0.0691427118070802
"constant observation effort, matched expected sightings",31,9,2003,"Solow","uniform",1,0.5,2011,6,6,FALSE,0.0882156524090715
"constant observation effort, matched expected sightings",31,9,2003,"Solow","earlier_beta_1_2",1,0.5,2014,9,9,FALSE,0.121819398902587
"constant observation effort, matched expected sightings",31,9,2003,"Solow","later_beta_2_1",1,0.5,2009,4,4,FALSE,0.0691427118070802
"constant observation effort, matched expected sightings",31,9,2003,"Solow","uniform",1,0.6,2009,4,4,FALSE,0.0882156524090715
"constant observation effort, matched expected sightings",31,9,2003,"Solow","earlier_beta_1_2",1,0.6,2013,8,8,FALSE,0.121819398902587
"constant observation effort, matched expected sightings",31,9,2003,"Solow","later_beta_2_1",1,0.6,2008,3,3,FALSE,0.0691427118070802
"constant observation effort, matched expected sightings",31,9,2003,"Effort_fixed_alpha","uniform",0.6,0.5,NA,NA,NA,TRUE,NA
"constant observation effort, matched expected sightings",31,9,2003,"Effort_fixed_alpha","uniform",0.8,0.5,NA,NA,NA,TRUE,NA
"constant observation effort, matched expected sightings",31,9,2003,"Effort_fixed_alpha","uniform",1,0.5,NA,NA,NA,TRUE,NA
"constant observation effort, matched expected sightings",31,9,2003,"Effort_fixed_alpha","uniform",1.2,0.5,NA,NA,NA,TRUE,NA
"constant observation effort, matched expected sightings",31,9,2003,"Effort_fixed_alpha","uniform",1.5,0.5,NA,NA,NA,TRUE,NA
"constant observation effort, matched expected sightings",31,9,2003,"Effort_fixed_alpha","uniform",1.8,0.5,NA,NA,NA,TRUE,NA
"constant observation effort, matched expected sightings",31,9,2003,"Solow_te_median","uniform",1,-1,2005,0,0,FALSE,-1
"constant observation effort, matched expected sightings",31,9,2003,"Solow_te_median","earlier_beta_1_2",1,-1,2005,0,0,FALSE,-1
"constant observation effort, matched expected sightings",31,9,2003,"Solow_te_median","later_beta_2_1",1,-1,2005,0,0,FALSE,-1
"constant observation effort, matched expected sightings",31,9,2003,"Effort_te_median","uniform",0.6,-1,NA,NA,NA,TRUE,-1
"constant observation effort, matched expected sightings",31,9,2003,"Effort_te_median","uniform",1,-1,NA,NA,NA,TRUE,-1
"constant observation effort, matched expected sightings",31,9,2003,"Effort_te_median","uniform",1.5,-1,NA,NA,NA,TRUE,-1
"constant observation effort, matched expected sightings",31,9,2003,"Effort_te_median","uniform",1.8,-1,NA,NA,NA,TRUE,-1
"constant observation effort, matched expected sightings",32,10,2004,"Solow","uniform",1,0.3,2014,9,9,FALSE,0.0839324946710589
"constant observation effort, matched expected sightings",32,10,2004,"Solow","earlier_beta_1_2",1,0.3,2017,12,12,FALSE,0.122035768828891
"constant observation effort, matched expected sightings",32,10,2004,"Solow","later_beta_2_1",1,0.3,2013,8,8,FALSE,0.0639617068134889
"constant observation effort, matched expected sightings",32,10,2004,"Solow","uniform",1,0.4,2013,8,8,FALSE,0.0839324946710589
"constant observation effort, matched expected sightings",32,10,2004,"Solow","earlier_beta_1_2",1,0.4,2015,10,10,FALSE,0.122035768828891
"constant observation effort, matched expected sightings",32,10,2004,"Solow","later_beta_2_1",1,0.4,2011,6,6,FALSE,0.0639617068134889
"constant observation effort, matched expected sightings",32,10,2004,"Solow","uniform",1,0.5,2011,6,6,FALSE,0.0839324946710589
"constant observation effort, matched expected sightings",32,10,2004,"Solow","earlier_beta_1_2",1,0.5,2014,9,9,FALSE,0.122035768828891
"constant observation effort, matched expected sightings",32,10,2004,"Solow","later_beta_2_1",1,0.5,2010,5,5,FALSE,0.0639617068134889
"constant observation effort, matched expected sightings",32,10,2004,"Solow","uniform",1,0.6,2010,5,5,FALSE,0.0839324946710589
"constant observation effort, matched expected sightings",32,10,2004,"Solow","earlier_beta_1_2",1,0.6,2013,8,8,FALSE,0.122035768828891
"constant observation effort, matched expected sightings",32,10,2004,"Solow","later_beta_2_1",1,0.6,2009,4,4,FALSE,0.0639617068134889
"constant observation effort, matched expected sightings",32,10,2004,"Effort_fixed_alpha","uniform",0.6,0.5,2015,10,10,FALSE,0.296558457407859
"constant observation effort, matched expected sightings",32,10,2004,"Effort_fixed_alpha","uniform",0.8,0.5,2013,8,8,FALSE,0.167775378916567
"constant observation effort, matched expected sightings",32,10,2004,"Effort_fixed_alpha","uniform",1,0.5,2011,6,6,FALSE,0.0839324946732879
"constant observation effort, matched expected sightings",32,10,2004,"Effort_fixed_alpha","uniform",1.2,0.5,2011,6,6,FALSE,0.038510525627725
"constant observation effort, matched expected sightings",32,10,2004,"Effort_fixed_alpha","uniform",1.5,0.5,2010,5,5,FALSE,0.0108603449326229
"constant observation effort, matched expected sightings",32,10,2004,"Effort_fixed_alpha","uniform",1.8,0.5,2009,4,4,FALSE,0.00286976003348115
"constant observation effort, matched expected sightings",32,10,2004,"Solow_te_median","uniform",1,-1,2006,1,1,FALSE,-1
"constant observation effort, matched expected sightings",32,10,2004,"Solow_te_median","earlier_beta_1_2",1,-1,2006,1,1,FALSE,-1
"constant observation effort, matched expected sightings",32,10,2004,"Solow_te_median","later_beta_2_1",1,-1,2006,1,1,FALSE,-1
"constant observation effort, matched expected sightings",32,10,2004,"Effort_te_median","uniform",0.6,-1,2007,2,2,FALSE,-1
"constant observation effort, matched expected sightings",32,10,2004,"Effort_te_median","uniform",1,-1,2006,1,1,FALSE,-1
"constant observation effort, matched expected sightings",32,10,2004,"Effort_te_median","uniform",1.5,-1,2005,0,0,FALSE,-1
"constant observation effort, matched expected sightings",32,10,2004,"Effort_te_median","uniform",1.8,-1,2005,0,0,FALSE,-1
"constant observation effort, matched expected sightings",33,7,2001,"Solow","uniform",1,0.3,2013,8,8,FALSE,0.113727290695148
"constant observation effort, matched expected sightings",33,7,2001,"Solow","earlier_beta_1_2",1,0.3,2016,11,11,FALSE,0.143744383776925
"constant observation effort, matched expected sightings",33,7,2001,"Solow","later_beta_2_1",1,0.3,2011,6,6,FALSE,0.0940810334668524
"constant observation effort, matched expected sightings",33,7,2001,"Solow","uniform",1,0.4,2011,6,6,FALSE,0.113727290695148
"constant observation effort, matched expected sightings",33,7,2001,"Solow","earlier_beta_1_2",1,0.4,2014,9,9,FALSE,0.143744383776925
"constant observation effort, matched expected sightings",33,7,2001,"Solow","later_beta_2_1",1,0.4,2009,4,4,FALSE,0.0940810334668524
"constant observation effort, matched expected sightings",33,7,2001,"Solow","uniform",1,0.5,2010,5,5,FALSE,0.113727290695148
"constant observation effort, matched expected sightings",33,7,2001,"Solow","earlier_beta_1_2",1,0.5,2013,8,8,FALSE,0.143744383776925
"constant observation effort, matched expected sightings",33,7,2001,"Solow","later_beta_2_1",1,0.5,2007,2,2,FALSE,0.0940810334668524
"constant observation effort, matched expected sightings",33,7,2001,"Solow","uniform",1,0.6,2008,3,3,FALSE,0.113727290695148
"constant observation effort, matched expected sightings",33,7,2001,"Solow","earlier_beta_1_2",1,0.6,2011,6,6,FALSE,0.143744383776925
"constant observation effort, matched expected sightings",33,7,2001,"Solow","later_beta_2_1",1,0.6,2006,1,1,FALSE,0.0940810334668524
"constant observation effort, matched expected sightings",33,7,2001,"Effort_fixed_alpha","uniform",0.6,0.5,2013,8,8,FALSE,0.318052720783105
"constant observation effort, matched expected sightings",33,7,2001,"Effort_fixed_alpha","uniform",0.8,0.5,2011,6,6,FALSE,0.200207716821289
"constant observation effort, matched expected sightings",33,7,2001,"Effort_fixed_alpha","uniform",1,0.5,2010,5,5,FALSE,0.113727290792138
"constant observation effort, matched expected sightings",33,7,2001,"Effort_fixed_alpha","uniform",1.2,0.5,2008,3,3,FALSE,0.05962351163196
"constant observation effort, matched expected sightings",33,7,2001,"Effort_fixed_alpha","uniform",1.5,0.5,2007,2,2,FALSE,0.020474219553331
"constant observation effort, matched expected sightings",33,7,2001,"Effort_fixed_alpha","uniform",1.8,0.5,2007,2,2,FALSE,0.00654187048568049
"constant observation effort, matched expected sightings",33,7,2001,"Solow_te_median","uniform",1,-1,2003,-2,2,FALSE,-1
"constant observation effort, matched expected sightings",33,7,2001,"Solow_te_median","earlier_beta_1_2",1,-1,2003,-2,2,FALSE,-1
"constant observation effort, matched expected sightings",33,7,2001,"Solow_te_median","later_beta_2_1",1,-1,2004,-1,1,FALSE,-1
"constant observation effort, matched expected sightings",33,7,2001,"Effort_te_median","uniform",0.6,-1,2005,0,0,FALSE,-1
"constant observation effort, matched expected sightings",33,7,2001,"Effort_te_median","uniform",1,-1,2003,-2,2,FALSE,-1
"constant observation effort, matched expected sightings",33,7,2001,"Effort_te_median","uniform",1.5,-1,2003,-2,2,FALSE,-1
"constant observation effort, matched expected sightings",33,7,2001,"Effort_te_median","uniform",1.8,-1,2002,-3,3,FALSE,-1
"constant observation effort, matched expected sightings",34,9,2004,"Solow","uniform",1,0.3,2015,10,10,FALSE,0.120233099376469
"constant observation effort, matched expected sightings",34,9,2004,"Solow","earlier_beta_1_2",1,0.3,2018,13,13,FALSE,0.175019339888923
"constant observation effort, matched expected sightings",34,9,2004,"Solow","later_beta_2_1",1,0.3,2013,8,8,FALSE,0.0915692197244083
"constant observation effort, matched expected sightings",34,9,2004,"Solow","uniform",1,0.4,2014,9,9,FALSE,0.120233099376469
"constant observation effort, matched expected sightings",34,9,2004,"Solow","earlier_beta_1_2",1,0.4,2016,11,11,FALSE,0.175019339888923
"constant observation effort, matched expected sightings",34,9,2004,"Solow","later_beta_2_1",1,0.4,2012,7,7,FALSE,0.0915692197244083
"constant observation effort, matched expected sightings",34,9,2004,"Solow","uniform",1,0.5,2012,7,7,FALSE,0.120233099376469
"constant observation effort, matched expected sightings",34,9,2004,"Solow","earlier_beta_1_2",1,0.5,2015,10,10,FALSE,0.175019339888923
"constant observation effort, matched expected sightings",34,9,2004,"Solow","later_beta_2_1",1,0.5,2010,5,5,FALSE,0.0915692197244083
"constant observation effort, matched expected sightings",34,9,2004,"Solow","uniform",1,0.6,2011,6,6,FALSE,0.120233099376469
"constant observation effort, matched expected sightings",34,9,2004,"Solow","earlier_beta_1_2",1,0.6,2014,9,9,FALSE,0.175019339888923
"constant observation effort, matched expected sightings",34,9,2004,"Solow","later_beta_2_1",1,0.6,2009,4,4,FALSE,0.0915692197244083
"constant observation effort, matched expected sightings",34,9,2004,"Effort_fixed_alpha","uniform",0.6,0.5,NA,NA,NA,TRUE,NA
"constant observation effort, matched expected sightings",34,9,2004,"Effort_fixed_alpha","uniform",0.8,0.5,NA,NA,NA,TRUE,NA
"constant observation effort, matched expected sightings",34,9,2004,"Effort_fixed_alpha","uniform",1,0.5,NA,NA,NA,TRUE,NA
"constant observation effort, matched expected sightings",34,9,2004,"Effort_fixed_alpha","uniform",1.2,0.5,NA,NA,NA,TRUE,NA
"constant observation effort, matched expected sightings",34,9,2004,"Effort_fixed_alpha","uniform",1.5,0.5,NA,NA,NA,TRUE,NA
"constant observation effort, matched expected sightings",34,9,2004,"Effort_fixed_alpha","uniform",1.8,0.5,NA,NA,NA,TRUE,NA
"constant observation effort, matched expected sightings",34,9,2004,"Solow_te_median","uniform",1,-1,2006,1,1,FALSE,-1
"constant observation effort, matched expected sightings",34,9,2004,"Solow_te_median","earlier_beta_1_2",1,-1,2006,1,1,FALSE,-1
"constant observation effort, matched expected sightings",34,9,2004,"Solow_te_median","later_beta_2_1",1,-1,2006,1,1,FALSE,-1
"constant observation effort, matched expected sightings",34,9,2004,"Effort_te_median","uniform",0.6,-1,NA,NA,NA,TRUE,-1
"constant observation effort, matched expected sightings",34,9,2004,"Effort_te_median","uniform",1,-1,NA,NA,NA,TRUE,-1
"constant observation effort, matched expected sightings",34,9,2004,"Effort_te_median","uniform",1.5,-1,NA,NA,NA,TRUE,-1
"constant observation effort, matched expected sightings",34,9,2004,"Effort_te_median","uniform",1.8,-1,NA,NA,NA,TRUE,-1
"constant observation effort, matched expected sightings",35,12,2003,"Solow","uniform",1,0.3,2011,6,6,FALSE,0.0244333913594157
"constant observation effort, matched expected sightings",35,12,2003,"Solow","earlier_beta_1_2",1,0.3,2014,9,9,FALSE,0.0328603813590755
"constant observation effort, matched expected sightings",35,12,2003,"Solow","later_beta_2_1",1,0.3,2010,5,5,FALSE,0.0194463956300301
"constant observation effort, matched expected sightings",35,12,2003,"Solow","uniform",1,0.4,2010,5,5,FALSE,0.0244333913594157
"constant observation effort, matched expected sightings",35,12,2003,"Solow","earlier_beta_1_2",1,0.4,2013,8,8,FALSE,0.0328603813590755
"constant observation effort, matched expected sightings",35,12,2003,"Solow","later_beta_2_1",1,0.4,2009,4,4,FALSE,0.0194463956300301
"constant observation effort, matched expected sightings",35,12,2003,"Solow","uniform",1,0.5,2009,4,4,FALSE,0.0244333913594157
"constant observation effort, matched expected sightings",35,12,2003,"Solow","earlier_beta_1_2",1,0.5,2012,7,7,FALSE,0.0328603813590755
"constant observation effort, matched expected sightings",35,12,2003,"Solow","later_beta_2_1",1,0.5,2008,3,3,FALSE,0.0194463956300301
"constant observation effort, matched expected sightings",35,12,2003,"Solow","uniform",1,0.6,2008,3,3,FALSE,0.0244333913594157
"constant observation effort, matched expected sightings",35,12,2003,"Solow","earlier_beta_1_2",1,0.6,2011,6,6,FALSE,0.0328603813590755
"constant observation effort, matched expected sightings",35,12,2003,"Solow","later_beta_2_1",1,0.6,2007,2,2,FALSE,0.0194463956300301
"constant observation effort, matched expected sightings",35,12,2003,"Effort_fixed_alpha","uniform",0.6,0.5,NA,NA,NA,TRUE,NA
"constant observation effort, matched expected sightings",35,12,2003,"Effort_fixed_alpha","uniform",0.8,0.5,NA,NA,NA,TRUE,NA
"constant observation effort, matched expected sightings",35,12,2003,"Effort_fixed_alpha","uniform",1,0.5,NA,NA,NA,TRUE,NA
"constant observation effort, matched expected sightings",35,12,2003,"Effort_fixed_alpha","uniform",1.2,0.5,NA,NA,NA,TRUE,NA
"constant observation effort, matched expected sightings",35,12,2003,"Effort_fixed_alpha","uniform",1.5,0.5,NA,NA,NA,TRUE,NA
"constant observation effort, matched expected sightings",35,12,2003,"Effort_fixed_alpha","uniform",1.8,0.5,NA,NA,NA,TRUE,NA
"constant observation effort, matched expected sightings",35,12,2003,"Solow_te_median","uniform",1,-1,2004,-1,1,FALSE,-1
"constant observation effort, matched expected sightings",35,12,2003,"Solow_te_median","earlier_beta_1_2",1,-1,2004,-1,1,FALSE,-1
"constant observation effort, matched expected sightings",35,12,2003,"Solow_te_median","later_beta_2_1",1,-1,2005,0,0,FALSE,-1
"constant observation effort, matched expected sightings",35,12,2003,"Effort_te_median","uniform",0.6,-1,NA,NA,NA,TRUE,-1
"constant observation effort, matched expected sightings",35,12,2003,"Effort_te_median","uniform",1,-1,NA,NA,NA,TRUE,-1
"constant observation effort, matched expected sightings",35,12,2003,"Effort_te_median","uniform",1.5,-1,NA,NA,NA,TRUE,-1
"constant observation effort, matched expected sightings",35,12,2003,"Effort_te_median","uniform",1.8,-1,NA,NA,NA,TRUE,-1
"constant observation effort, matched expected sightings",36,7,2003,"Solow","uniform",1,0.3,2017,12,12,FALSE,0.183660541017797
"constant observation effort, matched expected sightings",36,7,2003,"Solow","earlier_beta_1_2",1,0.3,2019,14,14,FALSE,0.254725594671588
"constant observation effort, matched expected sightings",36,7,2003,"Solow","later_beta_2_1",1,0.3,2014,9,9,FALSE,0.143598475797071
"constant observation effort, matched expected sightings",36,7,2003,"Solow","uniform",1,0.4,2014,9,9,FALSE,0.183660541017797
"constant observation effort, matched expected sightings",36,7,2003,"Solow","earlier_beta_1_2",1,0.4,2017,12,12,FALSE,0.254725594671588
"constant observation effort, matched expected sightings",36,7,2003,"Solow","later_beta_2_1",1,0.4,2012,7,7,FALSE,0.143598475797071
"constant observation effort, matched expected sightings",36,7,2003,"Solow","uniform",1,0.5,2012,7,7,FALSE,0.183660541017797
"constant observation effort, matched expected sightings",36,7,2003,"Solow","earlier_beta_1_2",1,0.5,2016,11,11,FALSE,0.254725594671588
"constant observation effort, matched expected sightings",36,7,2003,"Solow","later_beta_2_1",1,0.5,2010,5,5,FALSE,0.143598475797071
"constant observation effort, matched expected sightings",36,7,2003,"Solow","uniform",1,0.6,2011,6,6,FALSE,0.183660541017797
"constant observation effort, matched expected sightings",36,7,2003,"Solow","earlier_beta_1_2",1,0.6,2014,9,9,FALSE,0.254725594671588
"constant observation effort, matched expected sightings",36,7,2003,"Solow","later_beta_2_1",1,0.6,2008,3,3,FALSE,0.143598475797071
"constant observation effort, matched expected sightings",36,7,2003,"Effort_fixed_alpha","uniform",0.6,0.5,2017,12,12,FALSE,0.396248300174249
"constant observation effort, matched expected sightings",36,7,2003,"Effort_fixed_alpha","uniform",0.8,0.5,2014,9,9,FALSE,0.281336609140935
"constant observation effort, matched expected sightings",36,7,2003,"Effort_fixed_alpha","uniform",1,0.5,2012,7,7,FALSE,0.183660541156781
"constant observation effort, matched expected sightings",36,7,2003,"Effort_fixed_alpha","uniform",1.2,0.5,2011,6,6,FALSE,0.1113746861861
"constant observation effort, matched expected sightings",36,7,2003,"Effort_fixed_alpha","uniform",1.5,0.5,2010,5,5,FALSE,0.0473967760233737
"constant observation effort, matched expected sightings",36,7,2003,"Effort_fixed_alpha","uniform",1.8,0.5,2009,4,4,FALSE,0.0185851480422189
"constant observation effort, matched expected sightings",36,7,2003,"Solow_te_median","uniform",1,-1,2006,1,1,FALSE,-1
"constant observation effort, matched expected sightings",36,7,2003,"Solow_te_median","earlier_beta_1_2",1,-1,2005,0,0,FALSE,-1
"constant observation effort, matched expected sightings",36,7,2003,"Solow_te_median","later_beta_2_1",1,-1,2006,1,1,FALSE,-1
"constant observation effort, matched expected sightings",36,7,2003,"Effort_te_median","uniform",0.6,-1,2007,2,2,FALSE,-1
"constant observation effort, matched expected sightings",36,7,2003,"Effort_te_median","uniform",1,-1,2006,1,1,FALSE,-1
"constant observation effort, matched expected sightings",36,7,2003,"Effort_te_median","uniform",1.5,-1,2005,0,0,FALSE,-1
"constant observation effort, matched expected sightings",36,7,2003,"Effort_te_median","uniform",1.8,-1,2004,-1,1,FALSE,-1
"constant observation effort, matched expected sightings",37,7,2000,"Solow","uniform",1,0.3,2012,7,7,FALSE,0.0869565216947579
"constant observation effort, matched expected sightings",37,7,2000,"Solow","earlier_beta_1_2",1,0.3,2014,9,9,FALSE,0.104166666617333
"constant observation effort, matched expected sightings",37,7,2000,"Solow","later_beta_2_1",1,0.3,2010,5,5,FALSE,0.0746268656315998
"constant observation effort, matched expected sightings",37,7,2000,"Solow","uniform",1,0.4,2010,5,5,FALSE,0.0869565216947579
"constant observation effort, matched expected sightings",37,7,2000,"Solow","earlier_beta_1_2",1,0.4,2013,8,8,FALSE,0.104166666617333
"constant observation effort, matched expected sightings",37,7,2000,"Solow","later_beta_2_1",1,0.4,2008,3,3,FALSE,0.0746268656315998
"constant observation effort, matched expected sightings",37,7,2000,"Solow","uniform",1,0.5,2008,3,3,FALSE,0.0869565216947579
"constant observation effort, matched expected sightings",37,7,2000,"Solow","earlier_beta_1_2",1,0.5,2011,6,6,FALSE,0.104166666617333
"constant observation effort, matched expected sightings",37,7,2000,"Solow","later_beta_2_1",1,0.5,2006,1,1,FALSE,0.0746268656315998
"constant observation effort, matched expected sightings",37,7,2000,"Solow","uniform",1,0.6,2007,2,2,FALSE,0.0869565216947579
"constant observation effort, matched expected sightings",37,7,2000,"Solow","earlier_beta_1_2",1,0.6,2010,5,5,FALSE,0.104166666617333
"constant observation effort, matched expected sightings",37,7,2000,"Solow","later_beta_2_1",1,0.6,2005,0,0,FALSE,0.0746268656315998
"constant observation effort, matched expected sightings",37,7,2000,"Effort_fixed_alpha","uniform",0.6,0.5,2012,7,7,FALSE,0.280958391639662
"constant observation effort, matched expected sightings",37,7,2000,"Effort_fixed_alpha","uniform",0.8,0.5,2010,5,5,FALSE,0.165161868124429
"constant observation effort, matched expected sightings",37,7,2000,"Effort_fixed_alpha","uniform",1,0.5,2008,3,3,FALSE,0.0869565217391304
"constant observation effort, matched expected sightings",37,7,2000,"Effort_fixed_alpha","uniform",1.2,0.5,2007,2,2,FALSE,0.0422140679474958
"constant observation effort, matched expected sightings",37,7,2000,"Effort_fixed_alpha","uniform",1.5,0.5,2006,1,1,FALSE,0.0129679140075107
"constant observation effort, matched expected sightings",37,7,2000,"Effort_fixed_alpha","uniform",1.8,0.5,2005,0,0,FALSE,0.00372417055575344
"constant observation effort, matched expected sightings",37,7,2000,"Solow_te_median","uniform",1,-1,2002,-3,3,FALSE,-1
"constant observation effort, matched expected sightings",37,7,2000,"Solow_te_median","earlier_beta_1_2",1,-1,2002,-3,3,FALSE,-1
"constant observation effort, matched expected sightings",37,7,2000,"Solow_te_median","later_beta_2_1",1,-1,2003,-2,2,FALSE,-1
"constant observation effort, matched expected sightings",37,7,2000,"Effort_te_median","uniform",0.6,-1,2004,-1,1,FALSE,-1
"constant observation effort, matched expected sightings",37,7,2000,"Effort_te_median","uniform",1,-1,2002,-3,3,FALSE,-1
"constant observation effort, matched expected sightings",37,7,2000,"Effort_te_median","uniform",1.5,-1,2002,-3,3,FALSE,-1
"constant observation effort, matched expected sightings",37,7,2000,"Effort_te_median","uniform",1.8,-1,2001,-4,4,FALSE,-1
"constant observation effort, matched expected sightings",38,8,1999,"Solow","uniform",1,0.3,2009,4,4,FALSE,0.0369798032609089
"constant observation effort, matched expected sightings",38,8,1999,"Solow","earlier_beta_1_2",1,0.3,2011,6,6,FALSE,0.0409910079570735
"constant observation effort, matched expected sightings",38,8,1999,"Solow","later_beta_2_1",1,0.3,2007,2,2,FALSE,0.0336836639877942
"constant observation effort, matched expected sightings",38,8,1999,"Solow","uniform",1,0.4,2007,2,2,FALSE,0.0369798032609089
"constant observation effort, matched expected sightings",38,8,1999,"Solow","earlier_beta_1_2",1,0.4,2010,5,5,FALSE,0.0409910079570735
"constant observation effort, matched expected sightings",38,8,1999,"Solow","later_beta_2_1",1,0.4,2006,1,1,FALSE,0.0336836639877942
"constant observation effort, matched expected sightings",38,8,1999,"Solow","uniform",1,0.5,2006,1,1,FALSE,0.0369798032609089
"constant observation effort, matched expected sightings",38,8,1999,"Solow","earlier_beta_1_2",1,0.5,2009,4,4,FALSE,0.0409910079570735
"constant observation effort, matched expected sightings",38,8,1999,"Solow","later_beta_2_1",1,0.5,2004,-1,1,FALSE,0.0336836639877942
"constant observation effort, matched expected sightings",38,8,1999,"Solow","uniform",1,0.6,2005,0,0,FALSE,0.0369798032609089
"constant observation effort, matched expected sightings",38,8,1999,"Solow","earlier_beta_1_2",1,0.6,2008,3,3,FALSE,0.0409910079570735
"constant observation effort, matched expected sightings",38,8,1999,"Solow","later_beta_2_1",1,0.6,2003,-2,2,FALSE,0.0336836639877942
"constant observation effort, matched expected sightings",38,8,1999,"Effort_fixed_alpha","uniform",0.6,0.5,NA,NA,NA,TRUE,NA
"constant observation effort, matched expected sightings",38,8,1999,"Effort_fixed_alpha","uniform",0.8,0.5,NA,NA,NA,TRUE,NA
"constant observation effort, matched expected sightings",38,8,1999,"Effort_fixed_alpha","uniform",1,0.5,NA,NA,NA,TRUE,NA
"constant observation effort, matched expected sightings",38,8,1999,"Effort_fixed_alpha","uniform",1.2,0.5,NA,NA,NA,TRUE,NA
"constant observation effort, matched expected sightings",38,8,1999,"Effort_fixed_alpha","uniform",1.5,0.5,NA,NA,NA,TRUE,NA
"constant observation effort, matched expected sightings",38,8,1999,"Effort_fixed_alpha","uniform",1.8,0.5,NA,NA,NA,TRUE,NA
"constant observation effort, matched expected sightings",38,8,1999,"Solow_te_median","uniform",1,-1,2001,-4,4,FALSE,-1
"constant observation effort, matched expected sightings",38,8,1999,"Solow_te_median","earlier_beta_1_2",1,-1,2001,-4,4,FALSE,-1
"constant observation effort, matched expected sightings",38,8,1999,"Solow_te_median","later_beta_2_1",1,-1,2001,-4,4,FALSE,-1
"constant observation effort, matched expected sightings",38,8,1999,"Effort_te_median","uniform",0.6,-1,NA,NA,NA,TRUE,-1
"constant observation effort, matched expected sightings",38,8,1999,"Effort_te_median","uniform",1,-1,NA,NA,NA,TRUE,-1
"constant observation effort, matched expected sightings",38,8,1999,"Effort_te_median","uniform",1.5,-1,NA,NA,NA,TRUE,-1
"constant observation effort, matched expected sightings",38,8,1999,"Effort_te_median","uniform",1.8,-1,NA,NA,NA,TRUE,-1
"constant observation effort, matched expected sightings",39,8,2004,"Solow","uniform",1,0.3,2017,12,12,FALSE,0.167775378739336
"constant observation effort, matched expected sightings",39,8,2004,"Solow","earlier_beta_1_2",1,0.3,2019,14,14,FALSE,0.243336035218825
"constant observation effort, matched expected sightings",39,8,2004,"Solow","later_beta_2_1",1,0.3,2014,9,9,FALSE,0.128022010050794
"constant observation effort, matched expected sightings",39,8,2004,"Solow","uniform",1,0.4,2015,10,10,FALSE,0.167775378739336
"constant observation effort, matched expected sightings",39,8,2004,"Solow","earlier_beta_1_2",1,0.4,2018,13,13,FALSE,0.243336035218825
"constant observation effort, matched expected sightings",39,8,2004,"Solow","later_beta_2_1",1,0.4,2012,7,7,FALSE,0.128022010050794
"constant observation effort, matched expected sightings",39,8,2004,"Solow","uniform",1,0.5,2013,8,8,FALSE,0.167775378739336
"constant observation effort, matched expected sightings",39,8,2004,"Solow","earlier_beta_1_2",1,0.5,2016,11,11,FALSE,0.243336035218825
"constant observation effort, matched expected sightings",39,8,2004,"Solow","later_beta_2_1",1,0.5,2011,6,6,FALSE,0.128022010050794
"constant observation effort, matched expected sightings",39,8,2004,"Solow","uniform",1,0.6,2011,6,6,FALSE,0.167775378739336
"constant observation effort, matched expected sightings",39,8,2004,"Solow","earlier_beta_1_2",1,0.6,2015,10,10,FALSE,0.243336035218825
"constant observation effort, matched expected sightings",39,8,2004,"Solow","later_beta_2_1",1,0.6,2009,4,4,FALSE,0.128022010050794
"constant observation effort, matched expected sightings",39,8,2004,"Effort_fixed_alpha","uniform",0.6,0.5,2017,12,12,FALSE,0.389078359524375
"constant observation effort, matched expected sightings",39,8,2004,"Effort_fixed_alpha","uniform",0.8,0.5,2014,9,9,FALSE,0.267651303927499
"constant observation effort, matched expected sightings",39,8,2004,"Effort_fixed_alpha","uniform",1,0.5,2013,8,8,FALSE,0.167775378916567
"constant observation effort, matched expected sightings",39,8,2004,"Effort_fixed_alpha","uniform",1.2,0.5,2012,7,7,FALSE,0.0971852203574641
"constant observation effort, matched expected sightings",39,8,2004,"Effort_fixed_alpha","uniform",1.5,0.5,2011,6,6,FALSE,0.0385105256277249
"constant observation effort, matched expected sightings",39,8,2004,"Effort_fixed_alpha","uniform",1.8,0.5,2010,5,5,FALSE,0.0140810617040632
"constant observation effort, matched expected sightings",39,8,2004,"Solow_te_median","uniform",1,-1,2006,1,1,FALSE,-1
"constant observation effort, matched expected sightings",39,8,2004,"Solow_te_median","earlier_beta_1_2",1,-1,2006,1,1,FALSE,-1
"constant observation effort, matched expected sightings",39,8,2004,"Solow_te_median","later_beta_2_1",1,-1,2007,2,2,FALSE,-1
"constant observation effort, matched expected sightings",39,8,2004,"Effort_te_median","uniform",0.6,-1,2008,3,3,FALSE,-1
"constant observation effort, matched expected sightings",39,8,2004,"Effort_te_median","uniform",1,-1,2006,1,1,FALSE,-1
"constant observation effort, matched expected sightings",39,8,2004,"Effort_te_median","uniform",1.5,-1,2006,1,1,FALSE,-1
"constant observation effort, matched expected sightings",39,8,2004,"Effort_te_median","uniform",1.8,-1,2005,0,0,FALSE,-1
"constant observation effort, matched expected sightings",40,5,2004,"Solow","uniform",1,0.3,NA,NA,NA,TRUE,0.373271889406011
"constant observation effort, matched expected sightings",40,5,2004,"Solow","earlier_beta_1_2",1,0.3,NA,NA,NA,TRUE,0.515923566886348
"constant observation effort, matched expected sightings",40,5,2004,"Solow","later_beta_2_1",1,0.3,2020,15,15,FALSE,0.292418772567057
"constant observation effort, matched expected sightings",40,5,2004,"Solow","uniform",1,0.4,2020,15,15,FALSE,0.373271889406011
"constant observation effort, matched expected sightings",40,5,2004,"Solow","earlier_beta_1_2",1,0.4,NA,NA,NA,TRUE,0.515923566886348
"constant observation effort, matched expected sightings",40,5,2004,"Solow","later_beta_2_1",1,0.4,2016,11,11,FALSE,0.292418772567057
"constant observation effort, matched expected sightings",40,5,2004,"Solow","uniform",1,0.5,2016,11,11,FALSE,0.373271889406011
"constant observation effort, matched expected sightings",40,5,2004,"Solow","earlier_beta_1_2",1,0.5,NA,NA,NA,TRUE,0.515923566886348
"constant observation effort, matched expected sightings",40,5,2004,"Solow","later_beta_2_1",1,0.5,2013,8,8,FALSE,0.292418772567057
"constant observation effort, matched expected sightings",40,5,2004,"Solow","uniform",1,0.6,2014,9,9,FALSE,0.373271889406011
"constant observation effort, matched expected sightings",40,5,2004,"Solow","earlier_beta_1_2",1,0.6,2019,14,14,FALSE,0.515923566886348
"constant observation effort, matched expected sightings",40,5,2004,"Solow","later_beta_2_1",1,0.6,2011,6,6,FALSE,0.292418772567057
"constant observation effort, matched expected sightings",40,5,2004,"Effort_fixed_alpha","uniform",0.6,0.5,NA,NA,NA,TRUE,0.529411764705882
"constant observation effort, matched expected sightings",40,5,2004,"Effort_fixed_alpha","uniform",0.8,0.5,2019,14,14,FALSE,0.452513966480447
"constant observation effort, matched expected sightings",40,5,2004,"Effort_fixed_alpha","uniform",1,0.5,2016,11,11,FALSE,0.373271889400922
"constant observation effort, matched expected sightings",40,5,2004,"Effort_fixed_alpha","uniform",1.2,0.5,2015,10,10,FALSE,0.29655845740786
"constant observation effort, matched expected sightings",40,5,2004,"Effort_fixed_alpha","uniform",1.5,0.5,2013,8,8,FALSE,0.195957301726763
"constant observation effort, matched expected sightings",40,5,2004,"Effort_fixed_alpha","uniform",1.8,0.5,2012,7,7,FALSE,0.120233099378768
"constant observation effort, matched expected sightings",40,5,2004,"Solow_te_median","uniform",1,-1,2008,3,3,FALSE,-1
"constant observation effort, matched expected sightings",40,5,2004,"Solow_te_median","earlier_beta_1_2",1,-1,2007,2,2,FALSE,-1
"constant observation effort, matched expected sightings",40,5,2004,"Solow_te_median","later_beta_2_1",1,-1,2008,3,3,FALSE,-1
"constant observation effort, matched expected sightings",40,5,2004,"Effort_te_median","uniform",0.6,-1,2009,4,4,FALSE,-1
"constant observation effort, matched expected sightings",40,5,2004,"Effort_te_median","uniform",1,-1,2008,3,3,FALSE,-1
"constant observation effort, matched expected sightings",40,5,2004,"Effort_te_median","uniform",1.5,-1,2007,2,2,FALSE,-1
"constant observation effort, matched expected sightings",40,5,2004,"Effort_te_median","uniform",1.8,-1,2006,1,1,FALSE,-1
"increasing observation effort",1,14,2003,"Solow","uniform",1,0.3,2010,5,5,FALSE,0.00967673006535015
"increasing observation effort",1,14,2003,"Solow","earlier_beta_1_2",1,0.3,2012,7,7,FALSE,0.0127790997975347
"increasing observation effort",1,14,2003,"Solow","later_beta_2_1",1,0.3,2009,4,4,FALSE,0.00778642675273262
"increasing observation effort",1,14,2003,"Solow","uniform",1,0.4,2010,5,5,FALSE,0.00967673006535015
"increasing observation effort",1,14,2003,"Solow","earlier_beta_1_2",1,0.4,2012,7,7,FALSE,0.0127790997975347
"increasing observation effort",1,14,2003,"Solow","later_beta_2_1",1,0.4,2008,3,3,FALSE,0.00778642675273262
"increasing observation effort",1,14,2003,"Solow","uniform",1,0.5,2009,4,4,FALSE,0.00967673006535015
"increasing observation effort",1,14,2003,"Solow","earlier_beta_1_2",1,0.5,2011,6,6,FALSE,0.0127790997975347
"increasing observation effort",1,14,2003,"Solow","later_beta_2_1",1,0.5,2008,3,3,FALSE,0.00778642675273262
"increasing observation effort",1,14,2003,"Solow","uniform",1,0.6,2008,3,3,FALSE,0.00967673006535015
"increasing observation effort",1,14,2003,"Solow","earlier_beta_1_2",1,0.6,2010,5,5,FALSE,0.0127790997975347
"increasing observation effort",1,14,2003,"Solow","later_beta_2_1",1,0.6,2007,2,2,FALSE,0.00778642675273262
"increasing observation effort",1,14,2003,"Effort_fixed_alpha","uniform",0.6,0.5,NA,NA,NA,TRUE,NA
"increasing observation effort",1,14,2003,"Effort_fixed_alpha","uniform",0.8,0.5,NA,NA,NA,TRUE,NA
"increasing observation effort",1,14,2003,"Effort_fixed_alpha","uniform",1,0.5,NA,NA,NA,TRUE,NA
"increasing observation effort",1,14,2003,"Effort_fixed_alpha","uniform",1.2,0.5,NA,NA,NA,TRUE,NA
"increasing observation effort",1,14,2003,"Effort_fixed_alpha","uniform",1.5,0.5,NA,NA,NA,TRUE,NA
"increasing observation effort",1,14,2003,"Effort_fixed_alpha","uniform",1.8,0.5,NA,NA,NA,TRUE,NA
"increasing observation effort",1,14,2003,"Solow_te_median","uniform",1,-1,2004,-1,1,FALSE,-1
"increasing observation effort",1,14,2003,"Solow_te_median","earlier_beta_1_2",1,-1,2004,-1,1,FALSE,-1
"increasing observation effort",1,14,2003,"Solow_te_median","later_beta_2_1",1,-1,2004,-1,1,FALSE,-1
"increasing observation effort",1,14,2003,"Effort_te_median","uniform",0.6,-1,NA,NA,NA,TRUE,-1
"increasing observation effort",1,14,2003,"Effort_te_median","uniform",1,-1,NA,NA,NA,TRUE,-1
"increasing observation effort",1,14,2003,"Effort_te_median","uniform",1.5,-1,NA,NA,NA,TRUE,-1
"increasing observation effort",1,14,2003,"Effort_te_median","uniform",1.8,-1,NA,NA,NA,TRUE,-1
"increasing observation effort",2,5,2004,"Solow","uniform",1,0.3,NA,NA,NA,TRUE,0.373271889406011
"increasing observation effort",2,5,2004,"Solow","earlier_beta_1_2",1,0.3,NA,NA,NA,TRUE,0.515923566886348
"increasing observation effort",2,5,2004,"Solow","later_beta_2_1",1,0.3,2020,15,15,FALSE,0.292418772567057
"increasing observation effort",2,5,2004,"Solow","uniform",1,0.4,2020,15,15,FALSE,0.373271889406011
"increasing observation effort",2,5,2004,"Solow","earlier_beta_1_2",1,0.4,NA,NA,NA,TRUE,0.515923566886348
"increasing observation effort",2,5,2004,"Solow","later_beta_2_1",1,0.4,2016,11,11,FALSE,0.292418772567057
"increasing observation effort",2,5,2004,"Solow","uniform",1,0.5,2016,11,11,FALSE,0.373271889406011
"increasing observation effort",2,5,2004,"Solow","earlier_beta_1_2",1,0.5,NA,NA,NA,TRUE,0.515923566886348
"increasing observation effort",2,5,2004,"Solow","later_beta_2_1",1,0.5,2013,8,8,FALSE,0.292418772567057
"increasing observation effort",2,5,2004,"Solow","uniform",1,0.6,2014,9,9,FALSE,0.373271889406011
"increasing observation effort",2,5,2004,"Solow","earlier_beta_1_2",1,0.6,2019,14,14,FALSE,0.515923566886348
"increasing observation effort",2,5,2004,"Solow","later_beta_2_1",1,0.6,2011,6,6,FALSE,0.292418772567057
"increasing observation effort",2,5,2004,"Effort_fixed_alpha","uniform",0.6,0.5,NA,NA,NA,TRUE,0.529411764705882
"increasing observation effort",2,5,2004,"Effort_fixed_alpha","uniform",0.8,0.5,2019,14,14,FALSE,0.452513966480447
"increasing observation effort",2,5,2004,"Effort_fixed_alpha","uniform",1,0.5,2016,11,11,FALSE,0.373271889400922
"increasing observation effort",2,5,2004,"Effort_fixed_alpha","uniform",1.2,0.5,2015,10,10,FALSE,0.29655845740786
"increasing observation effort",2,5,2004,"Effort_fixed_alpha","uniform",1.5,0.5,2013,8,8,FALSE,0.195957301726763
"increasing observation effort",2,5,2004,"Effort_fixed_alpha","uniform",1.8,0.5,2012,7,7,FALSE,0.120233099378768
"increasing observation effort",2,5,2004,"Solow_te_median","uniform",1,-1,2008,3,3,FALSE,-1
"increasing observation effort",2,5,2004,"Solow_te_median","earlier_beta_1_2",1,-1,2007,2,2,FALSE,-1
"increasing observation effort",2,5,2004,"Solow_te_median","later_beta_2_1",1,-1,2008,3,3,FALSE,-1
"increasing observation effort",2,5,2004,"Effort_te_median","uniform",0.6,-1,2009,4,4,FALSE,-1
"increasing observation effort",2,5,2004,"Effort_te_median","uniform",1,-1,2008,3,3,FALSE,-1
"increasing observation effort",2,5,2004,"Effort_te_median","uniform",1.5,-1,2007,2,2,FALSE,-1
"increasing observation effort",2,5,2004,"Effort_te_median","uniform",1.8,-1,2006,1,1,FALSE,-1
"increasing observation effort",3,3,2003,"Solow","uniform",1,0.3,NA,NA,NA,TRUE,0.496946923322228
"increasing observation effort",3,3,2003,"Solow","earlier_beta_1_2",1,0.3,NA,NA,NA,TRUE,0.646699266373735
"increasing observation effort",3,3,2003,"Solow","later_beta_2_1",1,0.3,NA,NA,NA,TRUE,0.403508771827442
"increasing observation effort",3,3,2003,"Solow","uniform",1,0.4,NA,NA,NA,TRUE,0.496946923322228
"increasing observation effort",3,3,2003,"Solow","earlier_beta_1_2",1,0.4,NA,NA,NA,TRUE,0.646699266373735
"increasing observation effort",3,3,2003,"Solow","later_beta_2_1",1,0.4,NA,NA,NA,TRUE,0.403508771827442
"increasing observation effort",3,3,2003,"Solow","uniform",1,0.5,2020,15,15,FALSE,0.496946923322228
"increasing observation effort",3,3,2003,"Solow","earlier_beta_1_2",1,0.5,NA,NA,NA,TRUE,0.646699266373735
"increasing observation effort",3,3,2003,"Solow","later_beta_2_1",1,0.5,2015,10,10,FALSE,0.403508771827442
"increasing observation effort",3,3,2003,"Solow","uniform",1,0.6,2016,11,11,FALSE,0.496946923322228
"increasing observation effort",3,3,2003,"Solow","earlier_beta_1_2",1,0.6,NA,NA,NA,TRUE,0.646699266373735
"increasing observation effort",3,3,2003,"Solow","later_beta_2_1",1,0.6,2011,6,6,FALSE,0.403508771827442
"increasing observation effort",3,3,2003,"Effort_fixed_alpha","uniform",0.6,0.5,NA,NA,NA,TRUE,0.589571390915368
"increasing observation effort",3,3,2003,"Effort_fixed_alpha","uniform",0.8,0.5,NA,NA,NA,TRUE,0.544741485886448
"increasing observation effort",3,3,2003,"Effort_fixed_alpha","uniform",1,0.5,2020,15,15,FALSE,0.496946923438234
"increasing observation effort",3,3,2003,"Effort_fixed_alpha","uniform",1.2,0.5,2018,13,13,FALSE,0.447070248808047
"increasing observation effort",3,3,2003,"Effort_fixed_alpha","uniform",1.5,0.5,2016,11,11,FALSE,0.370886320979152
"increasing observation effort",3,3,2003,"Effort_fixed_alpha","uniform",1.8,0.5,2014,9,9,FALSE,0.297003892301891
"increasing observation effort",3,3,2003,"Solow_te_median","uniform",1,-1,2008,3,3,FALSE,-1
"increasing observation effort",3,3,2003,"Solow_te_median","earlier_beta_1_2",1,-1,2006,1,1,FALSE,-1
"increasing observation effort",3,3,2003,"Solow_te_median","later_beta_2_1",1,-1,2009,4,4,FALSE,-1
"increasing observation effort",3,3,2003,"Effort_te_median","uniform",0.6,-1,2009,4,4,FALSE,-1
"increasing observation effort",3,3,2003,"Effort_te_median","uniform",1,-1,2008,3,3,FALSE,-1
"increasing observation effort",3,3,2003,"Effort_te_median","uniform",1.5,-1,2007,2,2,FALSE,-1
"increasing observation effort",3,3,2003,"Effort_te_median","uniform",1.8,-1,2006,1,1,FALSE,-1
"increasing observation effort",4,8,2003,"Solow","uniform",1,0.3,2015,10,10,FALSE,0.129342343189064
"increasing observation effort",4,8,2003,"Solow","earlier_beta_1_2",1,0.3,2018,13,13,FALSE,0.179430614662802
"increasing observation effort",4,8,2003,"Solow","later_beta_2_1",1,0.3,2013,8,8,FALSE,0.101115757970935
"increasing observation effort",4,8,2003,"Solow","uniform",1,0.4,2013,8,8,FALSE,0.129342343189064
"increasing observation effort",4,8,2003,"Solow","earlier_beta_1_2",1,0.4,2016,11,11,FALSE,0.179430614662802
"increasing observation effort",4,8,2003,"Solow","later_beta_2_1",1,0.4,2011,6,6,FALSE,0.101115757970935
"increasing observation effort",4,8,2003,"Solow","uniform",1,0.5,2011,6,6,FALSE,0.129342343189064
"increasing observation effort",4,8,2003,"Solow","earlier_beta_1_2",1,0.5,2015,10,10,FALSE,0.179430614662802
"increasing observation effort",4,8,2003,"Solow","later_beta_2_1",1,0.5,2009,4,4,FALSE,0.101115757970935
"increasing observation effort",4,8,2003,"Solow","uniform",1,0.6,2010,5,5,FALSE,0.129342343189064
"increasing observation effort",4,8,2003,"Solow","earlier_beta_1_2",1,0.6,2013,8,8,FALSE,0.179430614662802
"increasing observation effort",4,8,2003,"Solow","later_beta_2_1",1,0.6,2008,3,3,FALSE,0.101115757970935
"increasing observation effort",4,8,2003,"Effort_fixed_alpha","uniform",0.6,0.5,2015,10,10,FALSE,0.345781762838725
"increasing observation effort",4,8,2003,"Effort_fixed_alpha","uniform",0.8,0.5,2013,8,8,FALSE,0.222666508824722
"increasing observation effort",4,8,2003,"Effort_fixed_alpha","uniform",1,0.5,2011,6,6,FALSE,0.129342343254812
"increasing observation effort",4,8,2003,"Effort_fixed_alpha","uniform",1.2,0.5,2010,5,5,FALSE,0.0692195124307977
"increasing observation effort",4,8,2003,"Effort_fixed_alpha","uniform",1.5,0.5,2009,4,4,FALSE,0.0244333831739038
"increasing observation effort",4,8,2003,"Effort_fixed_alpha","uniform",1.8,0.5,2009,4,4,FALSE,0.0080061622480817
"increasing observation effort",4,8,2003,"Solow_te_median","uniform",1,-1,2005,0,0,FALSE,-1
"increasing observation effort",4,8,2003,"Solow_te_median","earlier_beta_1_2",1,-1,2005,0,0,FALSE,-1
"increasing observation effort",4,8,2003,"Solow_te_median","later_beta_2_1",1,-1,2006,1,1,FALSE,-1
"increasing observation effort",4,8,2003,"Effort_te_median","uniform",0.6,-1,2007,2,2,FALSE,-1
"increasing observation effort",4,8,2003,"Effort_te_median","uniform",1,-1,2005,0,0,FALSE,-1
"increasing observation effort",4,8,2003,"Effort_te_median","uniform",1.5,-1,2004,-1,1,FALSE,-1
"increasing observation effort",4,8,2003,"Effort_te_median","uniform",1.8,-1,2004,-1,1,FALSE,-1
"increasing observation effort",5,12,2004,"Solow","uniform",1,0.3,2013,8,8,FALSE,0.0385105256249653
"increasing observation effort",5,12,2004,"Solow","earlier_beta_1_2",1,0.3,2015,10,10,FALSE,0.0553786201711259
"increasing observation effort",5,12,2004,"Solow","later_beta_2_1",1,0.3,2011,6,6,FALSE,0.0295191245653289
"increasing observation effort",5,12,2004,"Solow","uniform",1,0.4,2012,7,7,FALSE,0.0385105256249653
"increasing observation effort",5,12,2004,"Solow","earlier_beta_1_2",1,0.4,2014,9,9,FALSE,0.0553786201711259
"increasing observation effort",5,12,2004,"Solow","later_beta_2_1",1,0.4,2010,5,5,FALSE,0.0295191245653289
"increasing observation effort",5,12,2004,"Solow","uniform",1,0.5,2011,6,6,FALSE,0.0385105256249653
"increasing observation effort",5,12,2004,"Solow","earlier_beta_1_2",1,0.5,2013,8,8,FALSE,0.0553786201711259
"increasing observation effort",5,12,2004,"Solow","later_beta_2_1",1,0.5,2009,4,4,FALSE,0.0295191245653289
"increasing observation effort",5,12,2004,"Solow","uniform",1,0.6,2010,5,5,FALSE,0.0385105256249653
"increasing observation effort",5,12,2004,"Solow","earlier_beta_1_2",1,0.6,2012,7,7,FALSE,0.0553786201711259
"increasing observation effort",5,12,2004,"Solow","later_beta_2_1",1,0.6,2008,3,3,FALSE,0.0295191245653289
"increasing observation effort",5,12,2004,"Effort_fixed_alpha","uniform",0.6,0.5,2013,8,8,FALSE,0.214243824041151
"increasing observation effort",5,12,2004,"Effort_fixed_alpha","uniform",0.8,0.5,2012,7,7,FALSE,0.0971852203574643
"increasing observation effort",5,12,2004,"Effort_fixed_alpha","uniform",1,0.5,2011,6,6,FALSE,0.0385105256277249
"increasing observation effort",5,12,2004,"Effort_fixed_alpha","uniform",1.2,0.5,2010,5,5,FALSE,0.0140810617040632
"increasing observation effort",5,12,2004,"Effort_fixed_alpha","uniform",1.5,0.5,2009,4,4,FALSE,0.00286976003348114
"increasing observation effort",5,12,2004,"Effort_fixed_alpha","uniform",1.8,0.5,2008,3,3,FALSE,0.000554056398950379
"increasing observation effort",5,12,2004,"Solow_te_median","uniform",1,-1,2006,1,1,FALSE,-1
"increasing observation effort",5,12,2004,"Solow_te_median","earlier_beta_1_2",1,-1,2005,0,0,FALSE,-1
"increasing observation effort",5,12,2004,"Solow_te_median","later_beta_2_1",1,-1,2006,1,1,FALSE,-1
"increasing observation effort",5,12,2004,"Effort_te_median","uniform",0.6,-1,2007,2,2,FALSE,-1
"increasing observation effort",5,12,2004,"Effort_te_median","uniform",1,-1,2006,1,1,FALSE,-1
"increasing observation effort",5,12,2004,"Effort_te_median","uniform",1.5,-1,2005,0,0,FALSE,-1
"increasing observation effort",5,12,2004,"Effort_te_median","uniform",1.8,-1,2005,0,0,FALSE,-1
"increasing observation effort",6,10,2002,"Solow","uniform",1,0.3,2012,7,7,FALSE,0.0399754851479493
"increasing observation effort",6,10,2002,"Solow","earlier_beta_1_2",1,0.3,2014,9,9,FALSE,0.0514821981657603
"increasing observation effort",6,10,2002,"Solow","later_beta_2_1",1,0.3,2010,5,5,FALSE,0.0326728277960123
"increasing observation effort",6,10,2002,"Solow","uniform",1,0.4,2010,5,5,FALSE,0.0399754851479493
"increasing observation effort",6,10,2002,"Solow","earlier_beta_1_2",1,0.4,2013,8,8,FALSE,0.0514821981657603
"increasing observation effort",6,10,2002,"Solow","later_beta_2_1",1,0.4,2009,4,4,FALSE,0.0326728277960123
"increasing observation effort",6,10,2002,"Solow","uniform",1,0.5,2009,4,4,FALSE,0.0399754851479493
"increasing observation effort",6,10,2002,"Solow","earlier_beta_1_2",1,0.5,2011,6,6,FALSE,0.0514821981657603
"increasing observation effort",6,10,2002,"Solow","later_beta_2_1",1,0.5,2007,2,2,FALSE,0.0326728277960123
"increasing observation effort",6,10,2002,"Solow","uniform",1,0.6,2008,3,3,FALSE,0.0399754851479493
"increasing observation effort",6,10,2002,"Solow","earlier_beta_1_2",1,0.6,2011,6,6,FALSE,0.0514821981657603
"increasing observation effort",6,10,2002,"Solow","later_beta_2_1",1,0.6,2006,1,1,FALSE,0.0326728277960123
"increasing observation effort",6,10,2002,"Effort_fixed_alpha","uniform",0.6,0.5,NA,NA,NA,TRUE,NA
"increasing observation effort",6,10,2002,"Effort_fixed_alpha","uniform",0.8,0.5,NA,NA,NA,TRUE,NA
"increasing observation effort",6,10,2002,"Effort_fixed_alpha","uniform",1,0.5,NA,NA,NA,TRUE,NA
"increasing observation effort",6,10,2002,"Effort_fixed_alpha","uniform",1.2,0.5,NA,NA,NA,TRUE,NA
"increasing observation effort",6,10,2002,"Effort_fixed_alpha","uniform",1.5,0.5,NA,NA,NA,TRUE,NA
"increasing observation effort",6,10,2002,"Effort_fixed_alpha","uniform",1.8,0.5,NA,NA,NA,TRUE,NA
"increasing observation effort",6,10,2002,"Solow_te_median","uniform",1,-1,2004,-1,1,FALSE,-1
"increasing observation effort",6,10,2002,"Solow_te_median","earlier_beta_1_2",1,-1,2003,-2,2,FALSE,-1
"increasing observation effort",6,10,2002,"Solow_te_median","later_beta_2_1",1,-1,2004,-1,1,FALSE,-1
"increasing observation effort",6,10,2002,"Effort_te_median","uniform",0.6,-1,NA,NA,NA,TRUE,-1
"increasing observation effort",6,10,2002,"Effort_te_median","uniform",1,-1,NA,NA,NA,TRUE,-1
"increasing observation effort",6,10,2002,"Effort_te_median","uniform",1.5,-1,NA,NA,NA,TRUE,-1
"increasing observation effort",6,10,2002,"Effort_te_median","uniform",1.8,-1,NA,NA,NA,TRUE,-1
"increasing observation effort",7,8,2003,"Solow","uniform",1,0.3,2015,10,10,FALSE,0.129342343189064
"increasing observation effort",7,8,2003,"Solow","earlier_beta_1_2",1,0.3,2018,13,13,FALSE,0.179430614662802
"increasing observation effort",7,8,2003,"Solow","later_beta_2_1",1,0.3,2013,8,8,FALSE,0.101115757970935
"increasing observation effort",7,8,2003,"Solow","uniform",1,0.4,2013,8,8,FALSE,0.129342343189064
"increasing observation effort",7,8,2003,"Solow","earlier_beta_1_2",1,0.4,2016,11,11,FALSE,0.179430614662802
"increasing observation effort",7,8,2003,"Solow","later_beta_2_1",1,0.4,2011,6,6,FALSE,0.101115757970935
"increasing observation effort",7,8,2003,"Solow","uniform",1,0.5,2011,6,6,FALSE,0.129342343189064
"increasing observation effort",7,8,2003,"Solow","earlier_beta_1_2",1,0.5,2015,10,10,FALSE,0.179430614662802
"increasing observation effort",7,8,2003,"Solow","later_beta_2_1",1,0.5,2009,4,4,FALSE,0.101115757970935
"increasing observation effort",7,8,2003,"Solow","uniform",1,0.6,2010,5,5,FALSE,0.129342343189064
"increasing observation effort",7,8,2003,"Solow","earlier_beta_1_2",1,0.6,2013,8,8,FALSE,0.179430614662802
"increasing observation effort",7,8,2003,"Solow","later_beta_2_1",1,0.6,2008,3,3,FALSE,0.101115757970935
"increasing observation effort",7,8,2003,"Effort_fixed_alpha","uniform",0.6,0.5,2015,10,10,FALSE,0.345781762838725
"increasing observation effort",7,8,2003,"Effort_fixed_alpha","uniform",0.8,0.5,2013,8,8,FALSE,0.222666508824723
"increasing observation effort",7,8,2003,"Effort_fixed_alpha","uniform",1,0.5,2011,6,6,FALSE,0.129342343254812
"increasing observation effort",7,8,2003,"Effort_fixed_alpha","uniform",1.2,0.5,2010,5,5,FALSE,0.0692195124307977
"increasing observation effort",7,8,2003,"Effort_fixed_alpha","uniform",1.5,0.5,2009,4,4,FALSE,0.0244333831739038
"increasing observation effort",7,8,2003,"Effort_fixed_alpha","uniform",1.8,0.5,2009,4,4,FALSE,0.0080061622480817
"increasing observation effort",7,8,2003,"Solow_te_median","uniform",1,-1,2005,0,0,FALSE,-1
"increasing observation effort",7,8,2003,"Solow_te_median","earlier_beta_1_2",1,-1,2005,0,0,FALSE,-1
"increasing observation effort",7,8,2003,"Solow_te_median","later_beta_2_1",1,-1,2006,1,1,FALSE,-1
"increasing observation effort",7,8,2003,"Effort_te_median","uniform",0.6,-1,2007,2,2,FALSE,-1
"increasing observation effort",7,8,2003,"Effort_te_median","uniform",1,-1,2005,0,0,FALSE,-1
"increasing observation effort",7,8,2003,"Effort_te_median","uniform",1.5,-1,2004,-1,1,FALSE,-1
"increasing observation effort",7,8,2003,"Effort_te_median","uniform",1.8,-1,2004,-1,1,FALSE,-1
"increasing observation effort",8,11,2004,"Solow","uniform",1,0.3,2014,9,9,FALSE,0.0573454613154728
"increasing observation effort",8,11,2004,"Solow","earlier_beta_1_2",1,0.3,2016,11,11,FALSE,0.0830036014241022
"increasing observation effort",8,11,2004,"Solow","later_beta_2_1",1,0.3,2012,7,7,FALSE,0.0438045603481975
"increasing observation effort",8,11,2004,"Solow","uniform",1,0.4,2012,7,7,FALSE,0.0573454613154728
"increasing observation effort",8,11,2004,"Solow","earlier_beta_1_2",1,0.4,2015,10,10,FALSE,0.0830036014241022
"increasing observation effort",8,11,2004,"Solow","later_beta_2_1",1,0.4,2011,6,6,FALSE,0.0438045603481975
"increasing observation effort",8,11,2004,"Solow","uniform",1,0.5,2011,6,6,FALSE,0.0573454613154728
"increasing observation effort",8,11,2004,"Solow","earlier_beta_1_2",1,0.5,2014,9,9,FALSE,0.0830036014241022
"increasing observation effort",8,11,2004,"Solow","later_beta_2_1",1,0.5,2010,5,5,FALSE,0.0438045603481975
"increasing observation effort",8,11,2004,"Solow","uniform",1,0.6,2010,5,5,FALSE,0.0573454613154728
"increasing observation effort",8,11,2004,"Solow","earlier_beta_1_2",1,0.6,2013,8,8,FALSE,0.0830036014241022
"increasing observation effort",8,11,2004,"Solow","later_beta_2_1",1,0.6,2008,3,3,FALSE,0.0438045603481975
"increasing observation effort",8,11,2004,"Effort_fixed_alpha","uniform",0.6,0.5,2014,9,9,FALSE,0.253710315461743
"increasing observation effort",8,11,2004,"Effort_fixed_alpha","uniform",0.8,0.5,2012,7,7,FALSE,0.128808157629876
"increasing observation effort",8,11,2004,"Effort_fixed_alpha","uniform",1,0.5,2011,6,6,FALSE,0.0573454613187873
"increasing observation effort",8,11,2004,"Effort_fixed_alpha","uniform",1.2,0.5,2010,5,5,FALSE,0.0234611344833588
"increasing observation effort",8,11,2004,"Effort_fixed_alpha","uniform",1.5,0.5,2009,4,4,FALSE,0.00561550249591537
"increasing observation effort",8,11,2004,"Effort_fixed_alpha","uniform",1.8,0.5,2009,4,4,FALSE,0.00126730146582542
"increasing observation effort",8,11,2004,"Solow_te_median","uniform",1,-1,2006,1,1,FALSE,-1
"increasing observation effort",8,11,2004,"Solow_te_median","earlier_beta_1_2",1,-1,2005,0,0,FALSE,-1
"increasing observation effort",8,11,2004,"Solow_te_median","later_beta_2_1",1,-1,2006,1,1,FALSE,-1
"increasing observation effort",8,11,2004,"Effort_te_median","uniform",0.6,-1,2007,2,2,FALSE,-1
"increasing observation effort",8,11,2004,"Effort_te_median","uniform",1,-1,2006,1,1,FALSE,-1
"increasing observation effort",8,11,2004,"Effort_te_median","uniform",1.5,-1,2005,0,0,FALSE,-1
"increasing observation effort",8,11,2004,"Effort_te_median","uniform",1.8,-1,2005,0,0,FALSE,-1
"increasing observation effort",9,12,2004,"Solow","uniform",1,0.3,2013,8,8,FALSE,0.0385105256249653
"increasing observation effort",9,12,2004,"Solow","earlier_beta_1_2",1,0.3,2015,10,10,FALSE,0.0553786201711259
"increasing observation effort",9,12,2004,"Solow","later_beta_2_1",1,0.3,2011,6,6,FALSE,0.0295191245653289
"increasing observation effort",9,12,2004,"Solow","uniform",1,0.4,2012,7,7,FALSE,0.0385105256249653
"increasing observation effort",9,12,2004,"Solow","earlier_beta_1_2",1,0.4,2014,9,9,FALSE,0.0553786201711259
"increasing observation effort",9,12,2004,"Solow","later_beta_2_1",1,0.4,2010,5,5,FALSE,0.0295191245653289
"increasing observation effort",9,12,2004,"Solow","uniform",1,0.5,2011,6,6,FALSE,0.0385105256249653
"increasing observation effort",9,12,2004,"Solow","earlier_beta_1_2",1,0.5,2013,8,8,FALSE,0.0553786201711259
"increasing observation effort",9,12,2004,"Solow","later_beta_2_1",1,0.5,2009,4,4,FALSE,0.0295191245653289
"increasing observation effort",9,12,2004,"Solow","uniform",1,0.6,2010,5,5,FALSE,0.0385105256249653
"increasing observation effort",9,12,2004,"Solow","earlier_beta_1_2",1,0.6,2012,7,7,FALSE,0.0553786201711259
"increasing observation effort",9,12,2004,"Solow","later_beta_2_1",1,0.6,2008,3,3,FALSE,0.0295191245653289
"increasing observation effort",9,12,2004,"Effort_fixed_alpha","uniform",0.6,0.5,2013,8,8,FALSE,0.214243824041151
"increasing observation effort",9,12,2004,"Effort_fixed_alpha","uniform",0.8,0.5,2012,7,7,FALSE,0.0971852203574641
"increasing observation effort",9,12,2004,"Effort_fixed_alpha","uniform",1,0.5,2011,6,6,FALSE,0.0385105256277249
"increasing observation effort",9,12,2004,"Effort_fixed_alpha","uniform",1.2,0.5,2010,5,5,FALSE,0.0140810617040632
"increasing observation effort",9,12,2004,"Effort_fixed_alpha","uniform",1.5,0.5,2009,4,4,FALSE,0.00286976003348115
"increasing observation effort",9,12,2004,"Effort_fixed_alpha","uniform",1.8,0.5,2008,3,3,FALSE,0.000554056398950379
"increasing observation effort",9,12,2004,"Solow_te_median","uniform",1,-1,2006,1,1,FALSE,-1
"increasing observation effort",9,12,2004,"Solow_te_median","earlier_beta_1_2",1,-1,2005,0,0,FALSE,-1
"increasing observation effort",9,12,2004,"Solow_te_median","later_beta_2_1",1,-1,2006,1,1,FALSE,-1
"increasing observation effort",9,12,2004,"Effort_te_median","uniform",0.6,-1,2007,2,2,FALSE,-1
"increasing observation effort",9,12,2004,"Effort_te_median","uniform",1,-1,2006,1,1,FALSE,-1
"increasing observation effort",9,12,2004,"Effort_te_median","uniform",1.5,-1,2005,0,0,FALSE,-1
"increasing observation effort",9,12,2004,"Effort_te_median","uniform",1.8,-1,2005,0,0,FALSE,-1
"increasing observation effort",10,7,2004,"Solow","uniform",1,0.3,2018,13,13,FALSE,0.226984950579949
"increasing observation effort",10,7,2004,"Solow","earlier_beta_1_2",1,0.3,NA,NA,NA,TRUE,0.32603834323064
"increasing observation effort",10,7,2004,"Solow","later_beta_2_1",1,0.3,2016,11,11,FALSE,0.174093709612918
"increasing observation effort",10,7,2004,"Solow","uniform",1,0.4,2016,11,11,FALSE,0.226984950579949
"increasing observation effort",10,7,2004,"Solow","earlier_beta_1_2",1,0.4,2019,14,14,FALSE,0.32603834323064
"increasing observation effort",10,7,2004,"Solow","later_beta_2_1",1,0.4,2013,8,8,FALSE,0.174093709612918
"increasing observation effort",10,7,2004,"Solow","uniform",1,0.5,2014,9,9,FALSE,0.226984950579949
"increasing observation effort",10,7,2004,"Solow","earlier_beta_1_2",1,0.5,2017,12,12,FALSE,0.32603834323064
"increasing observation effort",10,7,2004,"Solow","later_beta_2_1",1,0.5,2011,6,6,FALSE,0.174093709612918
"increasing observation effort",10,7,2004,"Solow","uniform",1,0.6,2012,7,7,FALSE,0.226984950579949
"increasing observation effort",10,7,2004,"Solow","earlier_beta_1_2",1,0.6,2016,11,11,FALSE,0.32603834323064
"increasing observation effort",10,7,2004,"Solow","later_beta_2_1",1,0.6,2010,5,5,FALSE,0.174093709612918
"increasing observation effort",10,7,2004,"Effort_fixed_alpha","uniform",0.6,0.5,2018,13,13,FALSE,0.436703751598268
"increasing observation effort",10,7,2004,"Effort_fixed_alpha","uniform",0.8,0.5,2015,10,10,FALSE,0.326624501953669
"increasing observation effort",10,7,2004,"Effort_fixed_alpha","uniform",1,0.5,2014,9,9,FALSE,0.226984950700571
"increasing observation effort",10,7,2004,"Effort_fixed_alpha","uniform",1.2,0.5,2012,7,7,FALSE,0.147349173634531
"increasing observation effort",10,7,2004,"Effort_fixed_alpha","uniform",1.5,0.5,2011,6,6,FALSE,0.0695440189494214
"increasing observation effort",10,7,2004,"Effort_fixed_alpha","uniform",1.8,0.5,2010,5,5,FALSE,0.0301224729427311
"increasing observation effort",10,7,2004,"Solow_te_median","uniform",1,-1,2007,2,2,FALSE,-1
"increasing observation effort",10,7,2004,"Solow_te_median","earlier_beta_1_2",1,-1,2006,1,1,FALSE,-1
"increasing observation effort",10,7,2004,"Solow_te_median","later_beta_2_1",1,-1,2007,2,2,FALSE,-1
"increasing observation effort",10,7,2004,"Effort_te_median","uniform",0.6,-1,2008,3,3,FALSE,-1
"increasing observation effort",10,7,2004,"Effort_te_median","uniform",1,-1,2007,2,2,FALSE,-1
"increasing observation effort",10,7,2004,"Effort_te_median","uniform",1.5,-1,2006,1,1,FALSE,-1
"increasing observation effort",10,7,2004,"Effort_te_median","uniform",1.8,-1,2005,0,0,FALSE,-1
"increasing observation effort",11,11,2003,"Solow","uniform",1,0.3,2012,7,7,FALSE,0.0381508818502361
"increasing observation effort",11,11,2003,"Solow","earlier_beta_1_2",1,0.3,2014,9,9,FALSE,0.0518056751943147
"increasing observation effort",11,11,2003,"Solow","later_beta_2_1",1,0.3,2011,6,6,FALSE,0.0301927596554064
"increasing observation effort",11,11,2003,"Solow","uniform",1,0.4,2011,6,6,FALSE,0.0381508818502361
"increasing observation effort",11,11,2003,"Solow","earlier_beta_1_2",1,0.4,2013,8,8,FALSE,0.0518056751943147
"increasing observation effort",11,11,2003,"Solow","later_beta_2_1",1,0.4,2009,4,4,FALSE,0.0301927596554064
"increasing observation effort",11,11,2003,"Solow","uniform",1,0.5,2010,5,5,FALSE,0.0381508818502361
"increasing observation effort",11,11,2003,"Solow","earlier_beta_1_2",1,0.5,2012,7,7,FALSE,0.0518056751943147
"increasing observation effort",11,11,2003,"Solow","later_beta_2_1",1,0.5,2008,3,3,FALSE,0.0301927596554064
"increasing observation effort",11,11,2003,"Solow","uniform",1,0.6,2009,4,4,FALSE,0.0381508818502361
"increasing observation effort",11,11,2003,"Solow","earlier_beta_1_2",1,0.6,2011,6,6,FALSE,0.0518056751943147
"increasing observation effort",11,11,2003,"Solow","later_beta_2_1",1,0.6,2007,2,2,FALSE,0.0301927596554064
"increasing observation effort",11,11,2003,"Effort_fixed_alpha","uniform",0.6,0.5,2013,8,8,FALSE,0.209151746210942
"increasing observation effort",11,11,2003,"Effort_fixed_alpha","uniform",0.8,0.5,2011,6,6,FALSE,0.0954492726034925
"increasing observation effort",11,11,2003,"Effort_fixed_alpha","uniform",1,0.5,2010,5,5,FALSE,0.0381508818367485
"increasing observation effort",11,11,2003,"Effort_fixed_alpha","uniform",1.2,0.5,2009,4,4,FALSE,0.014081748560701
"increasing observation effort",11,11,2003,"Effort_fixed_alpha","uniform",1.5,0.5,2008,3,3,FALSE,0.00291071126912975
"increasing observation effort",11,11,2003,"Effort_fixed_alpha","uniform",1.8,0.5,2007,2,2,FALSE,0.000569742991399367
"increasing observation effort",11,11,2003,"Solow_te_median","uniform",1,-1,2005,0,0,FALSE,-1
"increasing observation effort",11,11,2003,"Solow_te_median","earlier_beta_1_2",1,-1,2004,-1,1,FALSE,-1
"increasing observation effort",11,11,2003,"Solow_te_median","later_beta_2_1",1,-1,2005,0,0,FALSE,-1
"increasing observation effort",11,11,2003,"Effort_te_median","uniform",0.6,-1,2006,1,1,FALSE,-1
"increasing observation effort",11,11,2003,"Effort_te_median","uniform",1,-1,2005,0,0,FALSE,-1
"increasing observation effort",11,11,2003,"Effort_te_median","uniform",1.5,-1,2004,-1,1,FALSE,-1
"increasing observation effort",11,11,2003,"Effort_te_median","uniform",1.8,-1,2004,-1,1,FALSE,-1
"increasing observation effort",12,13,2004,"Solow","uniform",1,0.3,2012,7,7,FALSE,0.0255105480169948
"increasing observation effort",12,13,2004,"Solow","earlier_beta_1_2",1,0.3,2014,9,9,FALSE,0.0364098578155541
"increasing observation effort",12,13,2004,"Solow","later_beta_2_1",1,0.3,2011,6,6,FALSE,0.0196333073046619
"increasing observation effort",12,13,2004,"Solow","uniform",1,0.4,2011,6,6,FALSE,0.0255105480169948
"increasing observation effort",12,13,2004,"Solow","earlier_beta_1_2",1,0.4,2013,8,8,FALSE,0.0364098578155541
"increasing observation effort",12,13,2004,"Solow","later_beta_2_1",1,0.4,2010,5,5,FALSE,0.0196333073046619
"increasing observation effort",12,13,2004,"Solow","uniform",1,0.5,2010,5,5,FALSE,0.0255105480169948
"increasing observation effort",12,13,2004,"Solow","earlier_beta_1_2",1,0.5,2013,8,8,FALSE,0.0364098578155541
"increasing observation effort",12,13,2004,"Solow","later_beta_2_1",1,0.5,2009,4,4,FALSE,0.0196333073046619
"increasing observation effort",12,13,2004,"Solow","uniform",1,0.6,2009,4,4,FALSE,0.0255105480169948
"increasing observation effort",12,13,2004,"Solow","earlier_beta_1_2",1,0.6,2012,7,7,FALSE,0.0364098578155541
"increasing observation effort",12,13,2004,"Solow","later_beta_2_1",1,0.6,2008,3,3,FALSE,0.0196333073046619
"increasing observation effort",12,13,2004,"Effort_fixed_alpha","uniform",0.6,0.5,2013,8,8,FALSE,0.178697649992652
"increasing observation effort",12,13,2004,"Effort_fixed_alpha","uniform",0.8,0.5,2011,6,6,FALSE,0.0722384715947228
"increasing observation effort",12,13,2004,"Effort_fixed_alpha","uniform",1,0.5,2010,5,5,FALSE,0.0255105480186056
"increasing observation effort",12,13,2004,"Effort_fixed_alpha","uniform",1.2,0.5,2009,4,4,FALSE,0.00835540916466405
"increasing observation effort",12,13,2004,"Effort_fixed_alpha","uniform",1.5,0.5,2009,4,4,FALSE,0.00145335725452317
"increasing observation effort",12,13,2004,"Effort_fixed_alpha","uniform",1.8,0.5,2008,3,3,FALSE,0.000240290343083822
"increasing observation effort",12,13,2004,"Solow_te_median","uniform",1,-1,2005,0,0,FALSE,-1
"increasing observation effort",12,13,2004,"Solow_te_median","earlier_beta_1_2",1,-1,2005,0,0,FALSE,-1
"increasing observation effort",12,13,2004,"Solow_te_median","later_beta_2_1",1,-1,2006,1,1,FALSE,-1
"increasing observation effort",12,13,2004,"Effort_te_median","uniform",0.6,-1,2006,1,1,FALSE,-1
"increasing observation effort",12,13,2004,"Effort_te_median","uniform",1,-1,2005,0,0,FALSE,-1
"increasing observation effort",12,13,2004,"Effort_te_median","uniform",1.5,-1,2005,0,0,FALSE,-1
"increasing observation effort",12,13,2004,"Effort_te_median","uniform",1.8,-1,2005,0,0,FALSE,-1
"increasing observation effort",13,11,2004,"Solow","uniform",1,0.3,2014,9,9,FALSE,0.0573454613154728
"increasing observation effort",13,11,2004,"Solow","earlier_beta_1_2",1,0.3,2016,11,11,FALSE,0.0830036014241022
"increasing observation effort",13,11,2004,"Solow","later_beta_2_1",1,0.3,2012,7,7,FALSE,0.0438045603481975
"increasing observation effort",13,11,2004,"Solow","uniform",1,0.4,2012,7,7,FALSE,0.0573454613154728
"increasing observation effort",13,11,2004,"Solow","earlier_beta_1_2",1,0.4,2015,10,10,FALSE,0.0830036014241022
"increasing observation effort",13,11,2004,"Solow","later_beta_2_1",1,0.4,2011,6,6,FALSE,0.0438045603481975
"increasing observation effort",13,11,2004,"Solow","uniform",1,0.5,2011,6,6,FALSE,0.0573454613154728
"increasing observation effort",13,11,2004,"Solow","earlier_beta_1_2",1,0.5,2014,9,9,FALSE,0.0830036014241022
"increasing observation effort",13,11,2004,"Solow","later_beta_2_1",1,0.5,2010,5,5,FALSE,0.0438045603481975
"increasing observation effort",13,11,2004,"Solow","uniform",1,0.6,2010,5,5,FALSE,0.0573454613154728
"increasing observation effort",13,11,2004,"Solow","earlier_beta_1_2",1,0.6,2013,8,8,FALSE,0.0830036014241022
"increasing observation effort",13,11,2004,"Solow","later_beta_2_1",1,0.6,2008,3,3,FALSE,0.0438045603481975
"increasing observation effort",13,11,2004,"Effort_fixed_alpha","uniform",0.6,0.5,2014,9,9,FALSE,0.253710315461743
"increasing observation effort",13,11,2004,"Effort_fixed_alpha","uniform",0.8,0.5,2012,7,7,FALSE,0.128808157629876
"increasing observation effort",13,11,2004,"Effort_fixed_alpha","uniform",1,0.5,2011,6,6,FALSE,0.0573454613187873
"increasing observation effort",13,11,2004,"Effort_fixed_alpha","uniform",1.2,0.5,2010,5,5,FALSE,0.0234611344833588
"increasing observation effort",13,11,2004,"Effort_fixed_alpha","uniform",1.5,0.5,2009,4,4,FALSE,0.00561550249591537
"increasing observation effort",13,11,2004,"Effort_fixed_alpha","uniform",1.8,0.5,2009,4,4,FALSE,0.00126730146582542
"increasing observation effort",13,11,2004,"Solow_te_median","uniform",1,-1,2006,1,1,FALSE,-1
"increasing observation effort",13,11,2004,"Solow_te_median","earlier_beta_1_2",1,-1,2005,0,0,FALSE,-1
"increasing observation effort",13,11,2004,"Solow_te_median","later_beta_2_1",1,-1,2006,1,1,FALSE,-1
"increasing observation effort",13,11,2004,"Effort_te_median","uniform",0.6,-1,2007,2,2,FALSE,-1
"increasing observation effort",13,11,2004,"Effort_te_median","uniform",1,-1,2006,1,1,FALSE,-1
"increasing observation effort",13,11,2004,"Effort_te_median","uniform",1.5,-1,2005,0,0,FALSE,-1
"increasing observation effort",13,11,2004,"Effort_te_median","uniform",1.8,-1,2005,0,0,FALSE,-1
"increasing observation effort",14,9,2004,"Solow","uniform",1,0.3,2015,10,10,FALSE,0.120233099376469
"increasing observation effort",14,9,2004,"Solow","earlier_beta_1_2",1,0.3,2018,13,13,FALSE,0.175019339888923
"increasing observation effort",14,9,2004,"Solow","later_beta_2_1",1,0.3,2013,8,8,FALSE,0.0915692197244083
"increasing observation effort",14,9,2004,"Solow","uniform",1,0.4,2014,9,9,FALSE,0.120233099376469
"increasing observation effort",14,9,2004,"Solow","earlier_beta_1_2",1,0.4,2016,11,11,FALSE,0.175019339888923
"increasing observation effort",14,9,2004,"Solow","later_beta_2_1",1,0.4,2012,7,7,FALSE,0.0915692197244083
"increasing observation effort",14,9,2004,"Solow","uniform",1,0.5,2012,7,7,FALSE,0.120233099376469
"increasing observation effort",14,9,2004,"Solow","earlier_beta_1_2",1,0.5,2015,10,10,FALSE,0.175019339888923
"increasing observation effort",14,9,2004,"Solow","later_beta_2_1",1,0.5,2010,5,5,FALSE,0.0915692197244083
"increasing observation effort",14,9,2004,"Solow","uniform",1,0.6,2011,6,6,FALSE,0.120233099376469
"increasing observation effort",14,9,2004,"Solow","earlier_beta_1_2",1,0.6,2014,9,9,FALSE,0.175019339888923
"increasing observation effort",14,9,2004,"Solow","later_beta_2_1",1,0.6,2009,4,4,FALSE,0.0915692197244083
"increasing observation effort",14,9,2004,"Effort_fixed_alpha","uniform",0.6,0.5,2016,11,11,FALSE,0.342005172296748
"increasing observation effort",14,9,2004,"Effort_fixed_alpha","uniform",0.8,0.5,2013,8,8,FALSE,0.214243824041151
"increasing observation effort",14,9,2004,"Effort_fixed_alpha","uniform",1,0.5,2012,7,7,FALSE,0.120233099378768
"increasing observation effort",14,9,2004,"Effort_fixed_alpha","uniform",1.2,0.5,2011,6,6,FALSE,0.0619782760436872
"increasing observation effort",14,9,2004,"Effort_fixed_alpha","uniform",1.5,0.5,2010,5,5,FALSE,0.0206756928139889
"increasing observation effort",14,9,2004,"Effort_fixed_alpha","uniform",1.8,0.5,2009,4,4,FALSE,0.00641405147511721
"increasing observation effort",14,9,2004,"Solow_te_median","uniform",1,-1,2006,1,1,FALSE,-1
"increasing observation effort",14,9,2004,"Solow_te_median","earlier_beta_1_2",1,-1,2006,1,1,FALSE,-1
"increasing observation effort",14,9,2004,"Solow_te_median","later_beta_2_1",1,-1,2006,1,1,FALSE,-1
"increasing observation effort",14,9,2004,"Effort_te_median","uniform",0.6,-1,2007,2,2,FALSE,-1
"increasing observation effort",14,9,2004,"Effort_te_median","uniform",1,-1,2006,1,1,FALSE,-1
"increasing observation effort",14,9,2004,"Effort_te_median","uniform",1.5,-1,2005,0,0,FALSE,-1
"increasing observation effort",14,9,2004,"Effort_te_median","uniform",1.8,-1,2005,0,0,FALSE,-1
"increasing observation effort",15,11,2004,"Solow","uniform",1,0.3,2014,9,9,FALSE,0.0573454613154728
"increasing observation effort",15,11,2004,"Solow","earlier_beta_1_2",1,0.3,2016,11,11,FALSE,0.0830036014241022
"increasing observation effort",15,11,2004,"Solow","later_beta_2_1",1,0.3,2012,7,7,FALSE,0.0438045603481975
"increasing observation effort",15,11,2004,"Solow","uniform",1,0.4,2012,7,7,FALSE,0.0573454613154728
"increasing observation effort",15,11,2004,"Solow","earlier_beta_1_2",1,0.4,2015,10,10,FALSE,0.0830036014241022
"increasing observation effort",15,11,2004,"Solow","later_beta_2_1",1,0.4,2011,6,6,FALSE,0.0438045603481975
"increasing observation effort",15,11,2004,"Solow","uniform",1,0.5,2011,6,6,FALSE,0.0573454613154728
"increasing observation effort",15,11,2004,"Solow","earlier_beta_1_2",1,0.5,2014,9,9,FALSE,0.0830036014241022
"increasing observation effort",15,11,2004,"Solow","later_beta_2_1",1,0.5,2010,5,5,FALSE,0.0438045603481975
"increasing observation effort",15,11,2004,"Solow","uniform",1,0.6,2010,5,5,FALSE,0.0573454613154728
"increasing observation effort",15,11,2004,"Solow","earlier_beta_1_2",1,0.6,2013,8,8,FALSE,0.0830036014241022
"increasing observation effort",15,11,2004,"Solow","later_beta_2_1",1,0.6,2008,3,3,FALSE,0.0438045603481975
"increasing observation effort",15,11,2004,"Effort_fixed_alpha","uniform",0.6,0.5,2014,9,9,FALSE,0.253710315461743
"increasing observation effort",15,11,2004,"Effort_fixed_alpha","uniform",0.8,0.5,2012,7,7,FALSE,0.128808157629876
"increasing observation effort",15,11,2004,"Effort_fixed_alpha","uniform",1,0.5,2011,6,6,FALSE,0.0573454613187873
"increasing observation effort",15,11,2004,"Effort_fixed_alpha","uniform",1.2,0.5,2010,5,5,FALSE,0.0234611344833588
"increasing observation effort",15,11,2004,"Effort_fixed_alpha","uniform",1.5,0.5,2009,4,4,FALSE,0.00561550249591537
"increasing observation effort",15,11,2004,"Effort_fixed_alpha","uniform",1.8,0.5,2009,4,4,FALSE,0.00126730146582542
"increasing observation effort",15,11,2004,"Solow_te_median","uniform",1,-1,2006,1,1,FALSE,-1
"increasing observation effort",15,11,2004,"Solow_te_median","earlier_beta_1_2",1,-1,2005,0,0,FALSE,-1
"increasing observation effort",15,11,2004,"Solow_te_median","later_beta_2_1",1,-1,2006,1,1,FALSE,-1
"increasing observation effort",15,11,2004,"Effort_te_median","uniform",0.6,-1,2007,2,2,FALSE,-1
"increasing observation effort",15,11,2004,"Effort_te_median","uniform",1,-1,2006,1,1,FALSE,-1
"increasing observation effort",15,11,2004,"Effort_te_median","uniform",1.5,-1,2005,0,0,FALSE,-1
"increasing observation effort",15,11,2004,"Effort_te_median","uniform",1.8,-1,2005,0,0,FALSE,-1
"increasing observation effort",16,13,2002,"Solow","uniform",1,0.3,2010,5,5,FALSE,0.00911776623538735
"increasing observation effort",16,13,2002,"Solow","earlier_beta_1_2",1,0.3,2012,7,7,FALSE,0.0113607178459204
"increasing observation effort",16,13,2002,"Solow","later_beta_2_1",1,0.3,2008,3,3,FALSE,0.00761444328803182
"increasing observation effort",16,13,2002,"Solow","uniform",1,0.4,2009,4,4,FALSE,0.00911776623538735
"increasing observation effort",16,13,2002,"Solow","earlier_beta_1_2",1,0.4,2011,6,6,FALSE,0.0113607178459204
"increasing observation effort",16,13,2002,"Solow","later_beta_2_1",1,0.4,2007,2,2,FALSE,0.00761444328803182
"increasing observation effort",16,13,2002,"Solow","uniform",1,0.5,2008,3,3,FALSE,0.00911776623538735
"increasing observation effort",16,13,2002,"Solow","earlier_beta_1_2",1,0.5,2010,5,5,FALSE,0.0113607178459204
"increasing observation effort",16,13,2002,"Solow","later_beta_2_1",1,0.5,2007,2,2,FALSE,0.00761444328803182
"increasing observation effort",16,13,2002,"Solow","uniform",1,0.6,2007,2,2,FALSE,0.00911776623538735
"increasing observation effort",16,13,2002,"Solow","earlier_beta_1_2",1,0.6,2009,4,4,FALSE,0.0113607178459204
"increasing observation effort",16,13,2002,"Solow","later_beta_2_1",1,0.6,2006,1,1,FALSE,0.00761444328803182
"increasing observation effort",16,13,2002,"Effort_fixed_alpha","uniform",0.6,0.5,2010,5,5,FALSE,0.106114204745687
"increasing observation effort",16,13,2002,"Effort_fixed_alpha","uniform",0.8,0.5,2009,4,4,FALSE,0.0330755609474547
"increasing observation effort",16,13,2002,"Effort_fixed_alpha","uniform",1,0.5,2008,3,3,FALSE,0.00911776623571794
"increasing observation effort",16,13,2002,"Effort_fixed_alpha","uniform",1.2,0.5,2007,2,2,FALSE,0.00235880923959874
"increasing observation effort",16,13,2002,"Effort_fixed_alpha","uniform",1.5,0.5,2006,1,1,FALSE,0.00029091221382909
"increasing observation effort",16,13,2002,"Effort_fixed_alpha","uniform",1.8,0.5,2006,1,1,FALSE,3.42261510058447e-05
"increasing observation effort",16,13,2002,"Solow_te_median","uniform",1,-1,2003,-2,2,FALSE,-1
"increasing observation effort",16,13,2002,"Solow_te_median","earlier_beta_1_2",1,-1,2003,-2,2,FALSE,-1
"increasing observation effort",16,13,2002,"Solow_te_median","later_beta_2_1",1,-1,2003,-2,2,FALSE,-1
"increasing observation effort",16,13,2002,"Effort_te_median","uniform",0.6,-1,2004,-1,1,FALSE,-1
"increasing observation effort",16,13,2002,"Effort_te_median","uniform",1,-1,2003,-2,2,FALSE,-1
"increasing observation effort",16,13,2002,"Effort_te_median","uniform",1.5,-1,2003,-2,2,FALSE,-1
"increasing observation effort",16,13,2002,"Effort_te_median","uniform",1.8,-1,2003,-2,2,FALSE,-1
"increasing observation effort",17,6,2004,"Solow","uniform",1,0.3,2020,15,15,FALSE,0.296558457404214
"increasing observation effort",17,6,2004,"Solow","earlier_beta_1_2",1,0.3,NA,NA,NA,TRUE,0.419110037940746
"increasing observation effort",17,6,2004,"Solow","later_beta_2_1",1,0.3,2018,13,13,FALSE,0.229461756370584
"increasing observation effort",17,6,2004,"Solow","uniform",1,0.4,2017,12,12,FALSE,0.296558457404214
"increasing observation effort",17,6,2004,"Solow","earlier_beta_1_2",1,0.4,NA,NA,NA,TRUE,0.419110037940746
"increasing observation effort",17,6,2004,"Solow","later_beta_2_1",1,0.4,2014,9,9,FALSE,0.229461756370584
"increasing observation effort",17,6,2004,"Solow","uniform",1,0.5,2015,10,10,FALSE,0.296558457404214
"increasing observation effort",17,6,2004,"Solow","earlier_beta_1_2",1,0.5,2019,14,14,FALSE,0.419110037940746
"increasing observation effort",17,6,2004,"Solow","later_beta_2_1",1,0.5,2012,7,7,FALSE,0.229461756370584
"increasing observation effort",17,6,2004,"Solow","uniform",1,0.6,2013,8,8,FALSE,0.296558457404214
"increasing observation effort",17,6,2004,"Solow","earlier_beta_1_2",1,0.6,2017,12,12,FALSE,0.419110037940746
"increasing observation effort",17,6,2004,"Solow","later_beta_2_1",1,0.6,2010,5,5,FALSE,0.229461756370584
"increasing observation effort",17,6,2004,"Effort_fixed_alpha","uniform",0.6,0.5,2020,15,15,FALSE,0.483807144746627
"increasing observation effort",17,6,2004,"Effort_fixed_alpha","uniform",0.8,0.5,2017,12,12,FALSE,0.389078359524375
"increasing observation effort",17,6,2004,"Effort_fixed_alpha","uniform",1,0.5,2015,10,10,FALSE,0.29655845740786
"increasing observation effort",17,6,2004,"Effort_fixed_alpha","uniform",1.2,0.5,2013,8,8,FALSE,0.214243824041151
"increasing observation effort",17,6,2004,"Effort_fixed_alpha","uniform",1.5,0.5,2012,7,7,FALSE,0.120233099378768
"increasing observation effort",17,6,2004,"Effort_fixed_alpha","uniform",1.8,0.5,2011,6,6,FALSE,0.0619782760436872
"increasing observation effort",17,6,2004,"Solow_te_median","uniform",1,-1,2007,2,2,FALSE,-1
"increasing observation effort",17,6,2004,"Solow_te_median","earlier_beta_1_2",1,-1,2006,1,1,FALSE,-1
"increasing observation effort",17,6,2004,"Solow_te_median","later_beta_2_1",1,-1,2008,3,3,FALSE,-1
"increasing observation effort",17,6,2004,"Effort_te_median","uniform",0.6,-1,2009,4,4,FALSE,-1
"increasing observation effort",17,6,2004,"Effort_te_median","uniform",1,-1,2007,2,2,FALSE,-1
"increasing observation effort",17,6,2004,"Effort_te_median","uniform",1.5,-1,2006,1,1,FALSE,-1
"increasing observation effort",17,6,2004,"Effort_te_median","uniform",1.8,-1,2006,1,1,FALSE,-1
"increasing observation effort",18,3,2000,"Solow","uniform",1,0.3,NA,NA,NA,TRUE,0.399999999928732
"increasing observation effort",18,3,2000,"Solow","earlier_beta_1_2",1,0.3,NA,NA,NA,TRUE,0.499999999930804
"increasing observation effort",18,3,2000,"Solow","later_beta_2_1",1,0.3,NA,NA,NA,TRUE,0.333333333265104
"increasing observation effort",18,3,2000,"Solow","uniform",1,0.4,2020,15,15,FALSE,0.399999999928732
"increasing observation effort",18,3,2000,"Solow","earlier_beta_1_2",1,0.4,NA,NA,NA,TRUE,0.499999999930804
"increasing observation effort",18,3,2000,"Solow","later_beta_2_1",1,0.4,2015,10,10,FALSE,0.333333333265104
"increasing observation effort",18,3,2000,"Solow","uniform",1,0.5,2015,10,10,FALSE,0.399999999928732
"increasing observation effort",18,3,2000,"Solow","earlier_beta_1_2",1,0.5,2020,15,15,FALSE,0.499999999930804
"increasing observation effort",18,3,2000,"Solow","later_beta_2_1",1,0.5,2010,5,5,FALSE,0.333333333265104
"increasing observation effort",18,3,2000,"Solow","uniform",1,0.6,2011,6,6,FALSE,0.399999999928732
"increasing observation effort",18,3,2000,"Solow","earlier_beta_1_2",1,0.6,2017,12,12,FALSE,0.499999999930804
"increasing observation effort",18,3,2000,"Solow","later_beta_2_1",1,0.6,2007,2,2,FALSE,0.333333333265104
"increasing observation effort",18,3,2000,"Effort_fixed_alpha","uniform",0.6,0.5,NA,NA,NA,TRUE,0.519109347333355
"increasing observation effort",18,3,2000,"Effort_fixed_alpha","uniform",0.8,0.5,2018,13,13,FALSE,0.460675456203414
"increasing observation effort",18,3,2000,"Effort_fixed_alpha","uniform",1,0.5,2015,10,10,FALSE,0.4
"increasing observation effort",18,3,2000,"Effort_fixed_alpha","uniform",1.2,0.5,2013,8,8,FALSE,0.339298626614697
"increasing observation effort",18,3,2000,"Effort_fixed_alpha","uniform",1.5,0.5,2011,6,6,FALSE,0.253371496890732
"increasing observation effort",18,3,2000,"Effort_fixed_alpha","uniform",1.8,0.5,2010,5,5,FALSE,0.179502989551316
"increasing observation effort",18,3,2000,"Solow_te_median","uniform",1,-1,2005,0,0,FALSE,-1
"increasing observation effort",18,3,2000,"Solow_te_median","earlier_beta_1_2",1,-1,2003,-2,2,FALSE,-1
"increasing observation effort",18,3,2000,"Solow_te_median","later_beta_2_1",1,-1,2007,2,2,FALSE,-1
"increasing observation effort",18,3,2000,"Effort_te_median","uniform",0.6,-1,2007,2,2,FALSE,-1
"increasing observation effort",18,3,2000,"Effort_te_median","uniform",1,-1,2005,0,0,FALSE,-1
"increasing observation effort",18,3,2000,"Effort_te_median","uniform",1.5,-1,2004,-1,1,FALSE,-1
"increasing observation effort",18,3,2000,"Effort_te_median","uniform",1.8,-1,2003,-2,2,FALSE,-1
"increasing observation effort",19,9,2003,"Solow","uniform",1,0.3,2014,9,9,FALSE,0.0882156524090715
"increasing observation effort",19,9,2003,"Solow","earlier_beta_1_2",1,0.3,2016,11,11,FALSE,0.121819398902587
"increasing observation effort",19,9,2003,"Solow","later_beta_2_1",1,0.3,2012,7,7,FALSE,0.0691427118070802
"increasing observation effort",19,9,2003,"Solow","uniform",1,0.4,2012,7,7,FALSE,0.0882156524090715
"increasing observation effort",19,9,2003,"Solow","earlier_beta_1_2",1,0.4,2015,10,10,FALSE,0.121819398902587
"increasing observation effort",19,9,2003,"Solow","later_beta_2_1",1,0.4,2010,5,5,FALSE,0.0691427118070802
"increasing observation effort",19,9,2003,"Solow","uniform",1,0.5,2011,6,6,FALSE,0.0882156524090715
"increasing observation effort",19,9,2003,"Solow","earlier_beta_1_2",1,0.5,2014,9,9,FALSE,0.121819398902587
"increasing observation effort",19,9,2003,"Solow","later_beta_2_1",1,0.5,2009,4,4,FALSE,0.0691427118070802
"increasing observation effort",19,9,2003,"Solow","uniform",1,0.6,2009,4,4,FALSE,0.0882156524090715
"increasing observation effort",19,9,2003,"Solow","earlier_beta_1_2",1,0.6,2013,8,8,FALSE,0.121819398902587
"increasing observation effort",19,9,2003,"Solow","later_beta_2_1",1,0.6,2008,3,3,FALSE,0.0691427118070802
"increasing observation effort",19,9,2003,"Effort_fixed_alpha","uniform",0.6,0.5,2014,9,9,FALSE,0.297003892301891
"increasing observation effort",19,9,2003,"Effort_fixed_alpha","uniform",0.8,0.5,2012,7,7,FALSE,0.171711006681176
"increasing observation effort",19,9,2003,"Effort_fixed_alpha","uniform",1,0.5,2011,6,6,FALSE,0.0882156524116602
"increasing observation effort",19,9,2003,"Effort_fixed_alpha","uniform",1.2,0.5,2010,5,5,FALSE,0.0416317073335047
"increasing observation effort",19,9,2003,"Effort_fixed_alpha","uniform",1.5,0.5,2009,4,4,FALSE,0.0122416276797763
"increasing observation effort",19,9,2003,"Effort_fixed_alpha","uniform",1.8,0.5,2008,3,3,FALSE,0.00336841838718026
"increasing observation effort",19,9,2003,"Solow_te_median","uniform",1,-1,2005,0,0,FALSE,-1
"increasing observation effort",19,9,2003,"Solow_te_median","earlier_beta_1_2",1,-1,2005,0,0,FALSE,-1
"increasing observation effort",19,9,2003,"Solow_te_median","later_beta_2_1",1,-1,2005,0,0,FALSE,-1
"increasing observation effort",19,9,2003,"Effort_te_median","uniform",0.6,-1,2006,1,1,FALSE,-1
"increasing observation effort",19,9,2003,"Effort_te_median","uniform",1,-1,2005,0,0,FALSE,-1
"increasing observation effort",19,9,2003,"Effort_te_median","uniform",1.5,-1,2004,-1,1,FALSE,-1
"increasing observation effort",19,9,2003,"Effort_te_median","uniform",1.8,-1,2004,-1,1,FALSE,-1
"increasing observation effort",20,6,2003,"Solow","uniform",1,0.3,2019,14,14,FALSE,0.25113443034043
"increasing observation effort",20,6,2003,"Solow","earlier_beta_1_2",1,0.3,NA,NA,NA,TRUE,0.346040368531553
"increasing observation effort",20,6,2003,"Solow","later_beta_2_1",1,0.3,2016,11,11,FALSE,0.197082160573849
"increasing observation effort",20,6,2003,"Solow","uniform",1,0.4,2016,11,11,FALSE,0.25113443034043
"increasing observation effort",20,6,2003,"Solow","earlier_beta_1_2",1,0.4,2019,14,14,FALSE,0.346040368531553
"increasing observation effort",20,6,2003,"Solow","later_beta_2_1",1,0.4,2013,8,8,FALSE,0.197082160573849
"increasing observation effort",20,6,2003,"Solow","uniform",1,0.5,2013,8,8,FALSE,0.25113443034043
"increasing observation effort",20,6,2003,"Solow","earlier_beta_1_2",1,0.5,2017,12,12,FALSE,0.346040368531553
"increasing observation effort",20,6,2003,"Solow","later_beta_2_1",1,0.5,2011,6,6,FALSE,0.197082160573849
"increasing observation effort",20,6,2003,"Solow","uniform",1,0.6,2011,6,6,FALSE,0.25113443034043
"increasing observation effort",20,6,2003,"Solow","earlier_beta_1_2",1,0.6,2015,10,10,FALSE,0.346040368531553
"increasing observation effort",20,6,2003,"Solow","later_beta_2_1",1,0.6,2009,4,4,FALSE,0.197082160573849
"increasing observation effort",20,6,2003,"Effort_fixed_alpha","uniform",0.6,0.5,2018,13,13,FALSE,0.447070248808047
"increasing observation effort",20,6,2003,"Effort_fixed_alpha","uniform",0.8,0.5,2015,10,10,FALSE,0.345781762838725
"increasing observation effort",20,6,2003,"Effort_fixed_alpha","uniform",1,0.5,2013,8,8,FALSE,0.251134430356174
"increasing observation effort",20,6,2003,"Effort_fixed_alpha","uniform",1.2,0.5,2012,7,7,FALSE,0.171711006681176
"increasing observation effort",20,6,2003,"Effort_fixed_alpha","uniform",1.5,0.5,2011,6,6,FALSE,0.0882156524116602
"increasing observation effort",20,6,2003,"Effort_fixed_alpha","uniform",1.8,0.5,2010,5,5,FALSE,0.0416317073335046
"increasing observation effort",20,6,2003,"Solow_te_median","uniform",1,-1,2006,1,1,FALSE,-1
"increasing observation effort",20,6,2003,"Solow_te_median","earlier_beta_1_2",1,-1,2005,0,0,FALSE,-1
"increasing observation effort",20,6,2003,"Solow_te_median","later_beta_2_1",1,-1,2007,2,2,FALSE,-1
"increasing observation effort",20,6,2003,"Effort_te_median","uniform",0.6,-1,2008,3,3,FALSE,-1
"increasing observation effort",20,6,2003,"Effort_te_median","uniform",1,-1,2006,1,1,FALSE,-1
"increasing observation effort",20,6,2003,"Effort_te_median","uniform",1.5,-1,2005,0,0,FALSE,-1
"increasing observation effort",20,6,2003,"Effort_te_median","uniform",1.8,-1,2005,0,0,FALSE,-1
"increasing observation effort",21,8,2002,"Solow","uniform",1,0.3,2014,9,9,FALSE,0.0976504749695193
"increasing observation effort",21,8,2002,"Solow","earlier_beta_1_2",1,0.3,2016,11,11,FALSE,0.128659825102385
"increasing observation effort",21,8,2002,"Solow","later_beta_2_1",1,0.3,2012,7,7,FALSE,0.0786857764639434
"increasing observation effort",21,8,2002,"Solow","uniform",1,0.4,2012,7,7,FALSE,0.0976504749695193
"increasing observation effort",21,8,2002,"Solow","earlier_beta_1_2",1,0.4,2014,9,9,FALSE,0.128659825102385
"increasing observation effort",21,8,2002,"Solow","later_beta_2_1",1,0.4,2010,5,5,FALSE,0.0786857764639434
"increasing observation effort",21,8,2002,"Solow","uniform",1,0.5,2010,5,5,FALSE,0.0976504749695193
"increasing observation effort",21,8,2002,"Solow","earlier_beta_1_2",1,0.5,2013,8,8,FALSE,0.128659825102385
"increasing observation effort",21,8,2002,"Solow","later_beta_2_1",1,0.5,2008,3,3,FALSE,0.0786857764639434
"increasing observation effort",21,8,2002,"Solow","uniform",1,0.6,2009,4,4,FALSE,0.0976504749695193
"increasing observation effort",21,8,2002,"Solow","earlier_beta_1_2",1,0.6,2012,7,7,FALSE,0.128659825102385
"increasing observation effort",21,8,2002,"Solow","later_beta_2_1",1,0.6,2007,2,2,FALSE,0.0786857764639434
"increasing observation effort",21,8,2002,"Effort_fixed_alpha","uniform",0.6,0.5,2014,9,9,FALSE,0.304081461317722
"increasing observation effort",21,8,2002,"Effort_fixed_alpha","uniform",0.8,0.5,2012,7,7,FALSE,0.182203337235297
"increasing observation effort",21,8,2002,"Effort_fixed_alpha","uniform",1,0.5,2010,5,5,FALSE,0.0976504749804304
"increasing observation effort",21,8,2002,"Effort_fixed_alpha","uniform",1.2,0.5,2009,4,4,FALSE,0.0481645306184642
"increasing observation effort",21,8,2002,"Effort_fixed_alpha","uniform",1.5,0.5,2008,3,3,FALSE,0.0151138033779806
"increasing observation effort",21,8,2002,"Effort_fixed_alpha","uniform",1.8,0.5,2007,2,2,FALSE,0.00442773625767585
"increasing observation effort",21,8,2002,"Solow_te_median","uniform",1,-1,2004,-1,1,FALSE,-1
"increasing observation effort",21,8,2002,"Solow_te_median","earlier_beta_1_2",1,-1,2004,-1,1,FALSE,-1
"increasing observation effort",21,8,2002,"Solow_te_median","later_beta_2_1",1,-1,2005,0,0,FALSE,-1
"increasing observation effort",21,8,2002,"Effort_te_median","uniform",0.6,-1,2006,1,1,FALSE,-1
"increasing observation effort",21,8,2002,"Effort_te_median","uniform",1,-1,2004,-1,1,FALSE,-1
"increasing observation effort",21,8,2002,"Effort_te_median","uniform",1.5,-1,2003,-2,2,FALSE,-1
"increasing observation effort",21,8,2002,"Effort_te_median","uniform",1.8,-1,2003,-2,2,FALSE,-1
"increasing observation effort",22,9,2004,"Solow","uniform",1,0.3,2015,10,10,FALSE,0.120233099376469
"increasing observation effort",22,9,2004,"Solow","earlier_beta_1_2",1,0.3,2018,13,13,FALSE,0.175019339888923
"increasing observation effort",22,9,2004,"Solow","later_beta_2_1",1,0.3,2013,8,8,FALSE,0.0915692197244083
"increasing observation effort",22,9,2004,"Solow","uniform",1,0.4,2014,9,9,FALSE,0.120233099376469
"increasing observation effort",22,9,2004,"Solow","earlier_beta_1_2",1,0.4,2016,11,11,FALSE,0.175019339888923
"increasing observation effort",22,9,2004,"Solow","later_beta_2_1",1,0.4,2012,7,7,FALSE,0.0915692197244083
"increasing observation effort",22,9,2004,"Solow","uniform",1,0.5,2012,7,7,FALSE,0.120233099376469
"increasing observation effort",22,9,2004,"Solow","earlier_beta_1_2",1,0.5,2015,10,10,FALSE,0.175019339888923
"increasing observation effort",22,9,2004,"Solow","later_beta_2_1",1,0.5,2010,5,5,FALSE,0.0915692197244083
"increasing observation effort",22,9,2004,"Solow","uniform",1,0.6,2011,6,6,FALSE,0.120233099376469
"increasing observation effort",22,9,2004,"Solow","earlier_beta_1_2",1,0.6,2014,9,9,FALSE,0.175019339888923
"increasing observation effort",22,9,2004,"Solow","later_beta_2_1",1,0.6,2009,4,4,FALSE,0.0915692197244083
"increasing observation effort",22,9,2004,"Effort_fixed_alpha","uniform",0.6,0.5,2016,11,11,FALSE,0.342005172296748
"increasing observation effort",22,9,2004,"Effort_fixed_alpha","uniform",0.8,0.5,2013,8,8,FALSE,0.214243824041151
"increasing observation effort",22,9,2004,"Effort_fixed_alpha","uniform",1,0.5,2012,7,7,FALSE,0.120233099378768
"increasing observation effort",22,9,2004,"Effort_fixed_alpha","uniform",1.2,0.5,2011,6,6,FALSE,0.0619782760436873
"increasing observation effort",22,9,2004,"Effort_fixed_alpha","uniform",1.5,0.5,2010,5,5,FALSE,0.0206756928139889
"increasing observation effort",22,9,2004,"Effort_fixed_alpha","uniform",1.8,0.5,2009,4,4,FALSE,0.00641405147511721
"increasing observation effort",22,9,2004,"Solow_te_median","uniform",1,-1,2006,1,1,FALSE,-1
"increasing observation effort",22,9,2004,"Solow_te_median","earlier_beta_1_2",1,-1,2006,1,1,FALSE,-1
"increasing observation effort",22,9,2004,"Solow_te_median","later_beta_2_1",1,-1,2006,1,1,FALSE,-1
"increasing observation effort",22,9,2004,"Effort_te_median","uniform",0.6,-1,2007,2,2,FALSE,-1
"increasing observation effort",22,9,2004,"Effort_te_median","uniform",1,-1,2006,1,1,FALSE,-1
"increasing observation effort",22,9,2004,"Effort_te_median","uniform",1.5,-1,2005,0,0,FALSE,-1
"increasing observation effort",22,9,2004,"Effort_te_median","uniform",1.8,-1,2005,0,0,FALSE,-1
"increasing observation effort",23,7,2004,"Solow","uniform",1,0.3,2018,13,13,FALSE,0.226984950579949
"increasing observation effort",23,7,2004,"Solow","earlier_beta_1_2",1,0.3,NA,NA,NA,TRUE,0.32603834323064
"increasing observation effort",23,7,2004,"Solow","later_beta_2_1",1,0.3,2016,11,11,FALSE,0.174093709612918
"increasing observation effort",23,7,2004,"Solow","uniform",1,0.4,2016,11,11,FALSE,0.226984950579949
"increasing observation effort",23,7,2004,"Solow","earlier_beta_1_2",1,0.4,2019,14,14,FALSE,0.32603834323064
"increasing observation effort",23,7,2004,"Solow","later_beta_2_1",1,0.4,2013,8,8,FALSE,0.174093709612918
"increasing observation effort",23,7,2004,"Solow","uniform",1,0.5,2014,9,9,FALSE,0.226984950579949
"increasing observation effort",23,7,2004,"Solow","earlier_beta_1_2",1,0.5,2017,12,12,FALSE,0.32603834323064
"increasing observation effort",23,7,2004,"Solow","later_beta_2_1",1,0.5,2011,6,6,FALSE,0.174093709612918
"increasing observation effort",23,7,2004,"Solow","uniform",1,0.6,2012,7,7,FALSE,0.226984950579949
"increasing observation effort",23,7,2004,"Solow","earlier_beta_1_2",1,0.6,2016,11,11,FALSE,0.32603834323064
"increasing observation effort",23,7,2004,"Solow","later_beta_2_1",1,0.6,2010,5,5,FALSE,0.174093709612918
"increasing observation effort",23,7,2004,"Effort_fixed_alpha","uniform",0.6,0.5,2018,13,13,FALSE,0.436703751598268
"increasing observation effort",23,7,2004,"Effort_fixed_alpha","uniform",0.8,0.5,2015,10,10,FALSE,0.326624501953669
"increasing observation effort",23,7,2004,"Effort_fixed_alpha","uniform",1,0.5,2014,9,9,FALSE,0.226984950700571
"increasing observation effort",23,7,2004,"Effort_fixed_alpha","uniform",1.2,0.5,2012,7,7,FALSE,0.147349173634531
"increasing observation effort",23,7,2004,"Effort_fixed_alpha","uniform",1.5,0.5,2011,6,6,FALSE,0.0695440189494214
"increasing observation effort",23,7,2004,"Effort_fixed_alpha","uniform",1.8,0.5,2010,5,5,FALSE,0.0301224729427311
"increasing observation effort",23,7,2004,"Solow_te_median","uniform",1,-1,2007,2,2,FALSE,-1
"increasing observation effort",23,7,2004,"Solow_te_median","earlier_beta_1_2",1,-1,2006,1,1,FALSE,-1
"increasing observation effort",23,7,2004,"Solow_te_median","later_beta_2_1",1,-1,2007,2,2,FALSE,-1
"increasing observation effort",23,7,2004,"Effort_te_median","uniform",0.6,-1,2008,3,3,FALSE,-1
"increasing observation effort",23,7,2004,"Effort_te_median","uniform",1,-1,2007,2,2,FALSE,-1
"increasing observation effort",23,7,2004,"Effort_te_median","uniform",1.5,-1,2006,1,1,FALSE,-1
"increasing observation effort",23,7,2004,"Effort_te_median","uniform",1.8,-1,2005,0,0,FALSE,-1
"increasing observation effort",24,7,2001,"Solow","uniform",1,0.3,2013,8,8,FALSE,0.113727290695148
"increasing observation effort",24,7,2001,"Solow","earlier_beta_1_2",1,0.3,2016,11,11,FALSE,0.143744383776925
"increasing observation effort",24,7,2001,"Solow","later_beta_2_1",1,0.3,2011,6,6,FALSE,0.0940810334668524
"increasing observation effort",24,7,2001,"Solow","uniform",1,0.4,2011,6,6,FALSE,0.113727290695148
"increasing observation effort",24,7,2001,"Solow","earlier_beta_1_2",1,0.4,2014,9,9,FALSE,0.143744383776925
"increasing observation effort",24,7,2001,"Solow","later_beta_2_1",1,0.4,2009,4,4,FALSE,0.0940810334668524
"increasing observation effort",24,7,2001,"Solow","uniform",1,0.5,2010,5,5,FALSE,0.113727290695148
"increasing observation effort",24,7,2001,"Solow","earlier_beta_1_2",1,0.5,2013,8,8,FALSE,0.143744383776925
"increasing observation effort",24,7,2001,"Solow","later_beta_2_1",1,0.5,2007,2,2,FALSE,0.0940810334668524
"increasing observation effort",24,7,2001,"Solow","uniform",1,0.6,2008,3,3,FALSE,0.113727290695148
"increasing observation effort",24,7,2001,"Solow","earlier_beta_1_2",1,0.6,2011,6,6,FALSE,0.143744383776925
"increasing observation effort",24,7,2001,"Solow","later_beta_2_1",1,0.6,2006,1,1,FALSE,0.0940810334668524
"increasing observation effort",24,7,2001,"Effort_fixed_alpha","uniform",0.6,0.5,2013,8,8,FALSE,0.318052720783105
"increasing observation effort",24,7,2001,"Effort_fixed_alpha","uniform",0.8,0.5,2011,6,6,FALSE,0.200207716821289
"increasing observation effort",24,7,2001,"Effort_fixed_alpha","uniform",1,0.5,2010,5,5,FALSE,0.113727290792138
"increasing observation effort",24,7,2001,"Effort_fixed_alpha","uniform",1.2,0.5,2008,3,3,FALSE,0.0596235116319601
"increasing observation effort",24,7,2001,"Effort_fixed_alpha","uniform",1.5,0.5,2007,2,2,FALSE,0.0204742195533309
"increasing observation effort",24,7,2001,"Effort_fixed_alpha","uniform",1.8,0.5,2007,2,2,FALSE,0.0065418704856805
"increasing observation effort",24,7,2001,"Solow_te_median","uniform",1,-1,2003,-2,2,FALSE,-1
"increasing observation effort",24,7,2001,"Solow_te_median","earlier_beta_1_2",1,-1,2003,-2,2,FALSE,-1
"increasing observation effort",24,7,2001,"Solow_te_median","later_beta_2_1",1,-1,2004,-1,1,FALSE,-1
"increasing observation effort",24,7,2001,"Effort_te_median","uniform",0.6,-1,2005,0,0,FALSE,-1
"increasing observation effort",24,7,2001,"Effort_te_median","uniform",1,-1,2003,-2,2,FALSE,-1
"increasing observation effort",24,7,2001,"Effort_te_median","uniform",1.5,-1,2003,-2,2,FALSE,-1
"increasing observation effort",24,7,2001,"Effort_te_median","uniform",1.8,-1,2002,-3,3,FALSE,-1
"increasing observation effort",25,4,2004,"Solow","uniform",1,0.3,NA,NA,NA,TRUE,0.452513966691796
"increasing observation effort",25,4,2004,"Solow","earlier_beta_1_2",1,0.3,NA,NA,NA,TRUE,0.609022556601432
"increasing observation effort",25,4,2004,"Solow","later_beta_2_1",1,0.3,NA,NA,NA,TRUE,0.360000000193994
"increasing observation effort",25,4,2004,"Solow","uniform",1,0.4,NA,NA,NA,TRUE,0.452513966691796
"increasing observation effort",25,4,2004,"Solow","earlier_beta_1_2",1,0.4,NA,NA,NA,TRUE,0.609022556601432
"increasing observation effort",25,4,2004,"Solow","later_beta_2_1",1,0.4,2018,13,13,FALSE,0.360000000193994
"increasing observation effort",25,4,2004,"Solow","uniform",1,0.5,2019,14,14,FALSE,0.452513966691796
"increasing observation effort",25,4,2004,"Solow","earlier_beta_1_2",1,0.5,NA,NA,NA,TRUE,0.609022556601432
"increasing observation effort",25,4,2004,"Solow","later_beta_2_1",1,0.5,2014,9,9,FALSE,0.360000000193994
"increasing observation effort",25,4,2004,"Solow","uniform",1,0.6,2015,10,10,FALSE,0.452513966691796
"increasing observation effort",25,4,2004,"Solow","earlier_beta_1_2",1,0.6,NA,NA,NA,TRUE,0.609022556601432
"increasing observation effort",25,4,2004,"Solow","later_beta_2_1",1,0.6,2011,6,6,FALSE,0.360000000193994
"increasing observation effort",25,4,2004,"Effort_fixed_alpha","uniform",0.6,0.5,NA,NA,NA,TRUE,0.572713005133088
"increasing observation effort",25,4,2004,"Effort_fixed_alpha","uniform",0.8,0.5,NA,NA,NA,TRUE,0.514430575514518
"increasing observation effort",25,4,2004,"Effort_fixed_alpha","uniform",1,0.5,2019,14,14,FALSE,0.452513966480447
"increasing observation effort",25,4,2004,"Effort_fixed_alpha","uniform",1.2,0.5,2017,12,12,FALSE,0.389078359524375
"increasing observation effort",25,4,2004,"Effort_fixed_alpha","uniform",1.5,0.5,2015,10,10,FALSE,0.296558457407859
"increasing observation effort",25,4,2004,"Effort_fixed_alpha","uniform",1.8,0.5,2013,8,8,FALSE,0.214243824041151
"increasing observation effort",25,4,2004,"Solow_te_median","uniform",1,-1,2008,3,3,FALSE,-1
"increasing observation effort",25,4,2004,"Solow_te_median","earlier_beta_1_2",1,-1,2007,2,2,FALSE,-1
"increasing observation effort",25,4,2004,"Solow_te_median","later_beta_2_1",1,-1,2009,4,4,FALSE,-1
"increasing observation effort",25,4,2004,"Effort_te_median","uniform",0.6,-1,2010,5,5,FALSE,-1
"increasing observation effort",25,4,2004,"Effort_te_median","uniform",1,-1,2008,3,3,FALSE,-1
"increasing observation effort",25,4,2004,"Effort_te_median","uniform",1.5,-1,2007,2,2,FALSE,-1
"increasing observation effort",25,4,2004,"Effort_te_median","uniform",1.8,-1,2007,2,2,FALSE,-1
"increasing observation effort",26,8,2004,"Solow","uniform",1,0.3,2017,12,12,FALSE,0.167775378739336
"increasing observation effort",26,8,2004,"Solow","earlier_beta_1_2",1,0.3,2019,14,14,FALSE,0.243336035218825
"increasing observation effort",26,8,2004,"Solow","later_beta_2_1",1,0.3,2014,9,9,FALSE,0.128022010050794
"increasing observation effort",26,8,2004,"Solow","uniform",1,0.4,2015,10,10,FALSE,0.167775378739336
"increasing observation effort",26,8,2004,"Solow","earlier_beta_1_2",1,0.4,2018,13,13,FALSE,0.243336035218825
"increasing observation effort",26,8,2004,"Solow","later_beta_2_1",1,0.4,2012,7,7,FALSE,0.128022010050794
"increasing observation effort",26,8,2004,"Solow","uniform",1,0.5,2013,8,8,FALSE,0.167775378739336
"increasing observation effort",26,8,2004,"Solow","earlier_beta_1_2",1,0.5,2016,11,11,FALSE,0.243336035218825
"increasing observation effort",26,8,2004,"Solow","later_beta_2_1",1,0.5,2011,6,6,FALSE,0.128022010050794
"increasing observation effort",26,8,2004,"Solow","uniform",1,0.6,2011,6,6,FALSE,0.167775378739336
"increasing observation effort",26,8,2004,"Solow","earlier_beta_1_2",1,0.6,2015,10,10,FALSE,0.243336035218825
"increasing observation effort",26,8,2004,"Solow","later_beta_2_1",1,0.6,2009,4,4,FALSE,0.128022010050794
"increasing observation effort",26,8,2004,"Effort_fixed_alpha","uniform",0.6,0.5,2017,12,12,FALSE,0.389078359524375
"increasing observation effort",26,8,2004,"Effort_fixed_alpha","uniform",0.8,0.5,2014,9,9,FALSE,0.267651303927499
"increasing observation effort",26,8,2004,"Effort_fixed_alpha","uniform",1,0.5,2013,8,8,FALSE,0.167775378916567
"increasing observation effort",26,8,2004,"Effort_fixed_alpha","uniform",1.2,0.5,2012,7,7,FALSE,0.0971852203574641
"increasing observation effort",26,8,2004,"Effort_fixed_alpha","uniform",1.5,0.5,2011,6,6,FALSE,0.0385105256277249
"increasing observation effort",26,8,2004,"Effort_fixed_alpha","uniform",1.8,0.5,2010,5,5,FALSE,0.0140810617040632
"increasing observation effort",26,8,2004,"Solow_te_median","uniform",1,-1,2006,1,1,FALSE,-1
"increasing observation effort",26,8,2004,"Solow_te_median","earlier_beta_1_2",1,-1,2006,1,1,FALSE,-1
"increasing observation effort",26,8,2004,"Solow_te_median","later_beta_2_1",1,-1,2007,2,2,FALSE,-1
"increasing observation effort",26,8,2004,"Effort_te_median","uniform",0.6,-1,2008,3,3,FALSE,-1
"increasing observation effort",26,8,2004,"Effort_te_median","uniform",1,-1,2006,1,1,FALSE,-1
"increasing observation effort",26,8,2004,"Effort_te_median","uniform",1.5,-1,2006,1,1,FALSE,-1
"increasing observation effort",26,8,2004,"Effort_te_median","uniform",1.8,-1,2005,0,0,FALSE,-1
"increasing observation effort",27,6,2004,"Solow","uniform",1,0.3,2020,15,15,FALSE,0.296558457404214
"increasing observation effort",27,6,2004,"Solow","earlier_beta_1_2",1,0.3,NA,NA,NA,TRUE,0.419110037940746
"increasing observation effort",27,6,2004,"Solow","later_beta_2_1",1,0.3,2018,13,13,FALSE,0.229461756370584
"increasing observation effort",27,6,2004,"Solow","uniform",1,0.4,2017,12,12,FALSE,0.296558457404214
"increasing observation effort",27,6,2004,"Solow","earlier_beta_1_2",1,0.4,NA,NA,NA,TRUE,0.419110037940746
"increasing observation effort",27,6,2004,"Solow","later_beta_2_1",1,0.4,2014,9,9,FALSE,0.229461756370584
"increasing observation effort",27,6,2004,"Solow","uniform",1,0.5,2015,10,10,FALSE,0.296558457404214
"increasing observation effort",27,6,2004,"Solow","earlier_beta_1_2",1,0.5,2019,14,14,FALSE,0.419110037940746
"increasing observation effort",27,6,2004,"Solow","later_beta_2_1",1,0.5,2012,7,7,FALSE,0.229461756370584
"increasing observation effort",27,6,2004,"Solow","uniform",1,0.6,2013,8,8,FALSE,0.296558457404214
"increasing observation effort",27,6,2004,"Solow","earlier_beta_1_2",1,0.6,2017,12,12,FALSE,0.419110037940746
"increasing observation effort",27,6,2004,"Solow","later_beta_2_1",1,0.6,2010,5,5,FALSE,0.229461756370584
"increasing observation effort",27,6,2004,"Effort_fixed_alpha","uniform",0.6,0.5,2020,15,15,FALSE,0.483807144746627
"increasing observation effort",27,6,2004,"Effort_fixed_alpha","uniform",0.8,0.5,2017,12,12,FALSE,0.389078359524375
"increasing observation effort",27,6,2004,"Effort_fixed_alpha","uniform",1,0.5,2015,10,10,FALSE,0.29655845740786
"increasing observation effort",27,6,2004,"Effort_fixed_alpha","uniform",1.2,0.5,2013,8,8,FALSE,0.214243824041151
"increasing observation effort",27,6,2004,"Effort_fixed_alpha","uniform",1.5,0.5,2012,7,7,FALSE,0.120233099378768
"increasing observation effort",27,6,2004,"Effort_fixed_alpha","uniform",1.8,0.5,2011,6,6,FALSE,0.0619782760436871
"increasing observation effort",27,6,2004,"Solow_te_median","uniform",1,-1,2007,2,2,FALSE,-1
"increasing observation effort",27,6,2004,"Solow_te_median","earlier_beta_1_2",1,-1,2006,1,1,FALSE,-1
"increasing observation effort",27,6,2004,"Solow_te_median","later_beta_2_1",1,-1,2008,3,3,FALSE,-1
"increasing observation effort",27,6,2004,"Effort_te_median","uniform",0.6,-1,2009,4,4,FALSE,-1
"increasing observation effort",27,6,2004,"Effort_te_median","uniform",1,-1,2007,2,2,FALSE,-1
"increasing observation effort",27,6,2004,"Effort_te_median","uniform",1.5,-1,2006,1,1,FALSE,-1
"increasing observation effort",27,6,2004,"Effort_te_median","uniform",1.8,-1,2006,1,1,FALSE,-1
"increasing observation effort",28,5,2000,"Solow","uniform",1,0.3,2016,11,11,FALSE,0.210526315655962
"increasing observation effort",28,5,2000,"Solow","earlier_beta_1_2",1,0.3,2019,14,14,FALSE,0.260869565107136
"increasing observation effort",28,5,2000,"Solow","later_beta_2_1",1,0.3,2014,9,9,FALSE,0.176470588098127
"increasing observation effort",28,5,2000,"Solow","uniform",1,0.4,2013,8,8,FALSE,0.210526315655962
"increasing observation effort",28,5,2000,"Solow","earlier_beta_1_2",1,0.4,2016,11,11,FALSE,0.260869565107136
"increasing observation effort",28,5,2000,"Solow","later_beta_2_1",1,0.4,2010,5,5,FALSE,0.176470588098127
"increasing observation effort",28,5,2000,"Solow","uniform",1,0.5,2010,5,5,FALSE,0.210526315655962
"increasing observation effort",28,5,2000,"Solow","earlier_beta_1_2",1,0.5,2014,9,9,FALSE,0.260869565107136
"increasing observation effort",28,5,2000,"Solow","later_beta_2_1",1,0.5,2008,3,3,FALSE,0.176470588098127
"increasing observation effort",28,5,2000,"Solow","uniform",1,0.6,2008,3,3,FALSE,0.210526315655962
"increasing observation effort",28,5,2000,"Solow","earlier_beta_1_2",1,0.6,2012,7,7,FALSE,0.260869565107136
"increasing observation effort",28,5,2000,"Solow","later_beta_2_1",1,0.6,2006,1,1,FALSE,0.176470588098127
"increasing observation effort",28,5,2000,"Effort_fixed_alpha","uniform",0.6,0.5,2015,10,10,FALSE,0.4
"increasing observation effort",28,5,2000,"Effort_fixed_alpha","uniform",0.8,0.5,2012,7,7,FALSE,0.3
"increasing observation effort",28,5,2000,"Effort_fixed_alpha","uniform",1,0.5,2010,5,5,FALSE,0.210526315789474
"increasing observation effort",28,5,2000,"Effort_fixed_alpha","uniform",1.2,0.5,2009,4,4,FALSE,0.138888888888889
"increasing observation effort",28,5,2000,"Effort_fixed_alpha","uniform",1.5,0.5,2008,3,3,FALSE,0.0677015152322979
"increasing observation effort",28,5,2000,"Effort_fixed_alpha","uniform",1.8,0.5,2007,2,2,FALSE,0.0304182509505703
"increasing observation effort",28,5,2000,"Solow_te_median","uniform",1,-1,2003,-2,2,FALSE,-1
"increasing observation effort",28,5,2000,"Solow_te_median","earlier_beta_1_2",1,-1,2002,-3,3,FALSE,-1
"increasing observation effort",28,5,2000,"Solow_te_median","later_beta_2_1",1,-1,2004,-1,1,FALSE,-1
"increasing observation effort",28,5,2000,"Effort_te_median","uniform",0.6,-1,2005,0,0,FALSE,-1
"increasing observation effort",28,5,2000,"Effort_te_median","uniform",1,-1,2003,-2,2,FALSE,-1
"increasing observation effort",28,5,2000,"Effort_te_median","uniform",1.5,-1,2002,-3,3,FALSE,-1
"increasing observation effort",28,5,2000,"Effort_te_median","uniform",1.8,-1,2002,-3,3,FALSE,-1
"increasing observation effort",29,13,2003,"Solow","uniform",1,0.3,2011,6,6,FALSE,0.0154525334851987
"increasing observation effort",29,13,2003,"Solow","earlier_beta_1_2",1,0.3,2013,8,8,FALSE,0.0205874027865887
"increasing observation effort",29,13,2003,"Solow","later_beta_2_1",1,0.3,2010,5,5,FALSE,0.0123677850014545
"increasing observation effort",29,13,2003,"Solow","uniform",1,0.4,2010,5,5,FALSE,0.0154525334851987
"increasing observation effort",29,13,2003,"Solow","earlier_beta_1_2",1,0.4,2012,7,7,FALSE,0.0205874027865887
"increasing observation effort",29,13,2003,"Solow","later_beta_2_1",1,0.4,2009,4,4,FALSE,0.0123677850014545
"increasing observation effort",29,13,2003,"Solow","uniform",1,0.5,2009,4,4,FALSE,0.0154525334851987
"increasing observation effort",29,13,2003,"Solow","earlier_beta_1_2",1,0.5,2011,6,6,FALSE,0.0205874027865887
"increasing observation effort",29,13,2003,"Solow","later_beta_2_1",1,0.5,2008,3,3,FALSE,0.0123677850014545
"increasing observation effort",29,13,2003,"Solow","uniform",1,0.6,2008,3,3,FALSE,0.0154525334851987
"increasing observation effort",29,13,2003,"Solow","earlier_beta_1_2",1,0.6,2010,5,5,FALSE,0.0205874027865887
"increasing observation effort",29,13,2003,"Solow","later_beta_2_1",1,0.6,2007,2,2,FALSE,0.0123677850014545
"increasing observation effort",29,13,2003,"Effort_fixed_alpha","uniform",0.6,0.5,NA,NA,NA,TRUE,NA
"increasing observation effort",29,13,2003,"Effort_fixed_alpha","uniform",0.8,0.5,NA,NA,NA,TRUE,NA
"increasing observation effort",29,13,2003,"Effort_fixed_alpha","uniform",1,0.5,NA,NA,NA,TRUE,NA
"increasing observation effort",29,13,2003,"Effort_fixed_alpha","uniform",1.2,0.5,NA,NA,NA,TRUE,NA
"increasing observation effort",29,13,2003,"Effort_fixed_alpha","uniform",1.5,0.5,NA,NA,NA,TRUE,NA
"increasing observation effort",29,13,2003,"Effort_fixed_alpha","uniform",1.8,0.5,NA,NA,NA,TRUE,NA
"increasing observation effort",29,13,2003,"Solow_te_median","uniform",1,-1,2004,-1,1,FALSE,-1
"increasing observation effort",29,13,2003,"Solow_te_median","earlier_beta_1_2",1,-1,2004,-1,1,FALSE,-1
"increasing observation effort",29,13,2003,"Solow_te_median","later_beta_2_1",1,-1,2004,-1,1,FALSE,-1
"increasing observation effort",29,13,2003,"Effort_te_median","uniform",0.6,-1,NA,NA,NA,TRUE,-1
"increasing observation effort",29,13,2003,"Effort_te_median","uniform",1,-1,NA,NA,NA,TRUE,-1
"increasing observation effort",29,13,2003,"Effort_te_median","uniform",1.5,-1,NA,NA,NA,TRUE,-1
"increasing observation effort",29,13,2003,"Effort_te_median","uniform",1.8,-1,NA,NA,NA,TRUE,-1
"increasing observation effort",30,14,2004,"Solow","uniform",1,0.3,2012,7,7,FALSE,0.0167169010246679
"increasing observation effort",30,14,2004,"Solow","earlier_beta_1_2",1,0.3,2014,9,9,FALSE,0.0236739865785074
"increasing observation effort",30,14,2004,"Solow","later_beta_2_1",1,0.3,2011,6,6,FALSE,0.0129200730807688
"increasing observation effort",30,14,2004,"Solow","uniform",1,0.4,2011,6,6,FALSE,0.0167169010246679
"increasing observation effort",30,14,2004,"Solow","earlier_beta_1_2",1,0.4,2013,8,8,FALSE,0.0236739865785074
"increasing observation effort",30,14,2004,"Solow","later_beta_2_1",1,0.4,2010,5,5,FALSE,0.0129200730807688
"increasing observation effort",30,14,2004,"Solow","uniform",1,0.5,2010,5,5,FALSE,0.0167169010246679
"increasing observation effort",30,14,2004,"Solow","earlier_beta_1_2",1,0.5,2012,7,7,FALSE,0.0236739865785074
"increasing observation effort",30,14,2004,"Solow","later_beta_2_1",1,0.5,2009,4,4,FALSE,0.0129200730807688
"increasing observation effort",30,14,2004,"Solow","uniform",1,0.6,2009,4,4,FALSE,0.0167169010246679
"increasing observation effort",30,14,2004,"Solow","earlier_beta_1_2",1,0.6,2011,6,6,FALSE,0.0236739865785074
"increasing observation effort",30,14,2004,"Solow","later_beta_2_1",1,0.6,2008,3,3,FALSE,0.0129200730807688
"increasing observation effort",30,14,2004,"Effort_fixed_alpha","uniform",0.6,0.5,2012,7,7,FALSE,0.147349173634531
"increasing observation effort",30,14,2004,"Effort_fixed_alpha","uniform",0.8,0.5,2011,6,6,FALSE,0.0530224834021966
"increasing observation effort",30,14,2004,"Effort_fixed_alpha","uniform",1,0.5,2010,5,5,FALSE,0.016716901025768
"increasing observation effort",30,14,2004,"Effort_fixed_alpha","uniform",1.2,0.5,2009,4,4,FALSE,0.00491409037253408
"increasing observation effort",30,14,2004,"Effort_fixed_alpha","uniform",1.5,0.5,2008,3,3,FALSE,0.000730724075843118
"increasing observation effort",30,14,2004,"Effort_fixed_alpha","uniform",1.8,0.5,2008,3,3,FALSE,0.000103521968566533
"increasing observation effort",30,14,2004,"Solow_te_median","uniform",1,-1,2005,0,0,FALSE,-1
"increasing observation effort",30,14,2004,"Solow_te_median","earlier_beta_1_2",1,-1,2005,0,0,FALSE,-1
"increasing observation effort",30,14,2004,"Solow_te_median","later_beta_2_1",1,-1,2005,0,0,FALSE,-1
"increasing observation effort",30,14,2004,"Effort_te_median","uniform",0.6,-1,2006,1,1,FALSE,-1
"increasing observation effort",30,14,2004,"Effort_te_median","uniform",1,-1,2005,0,0,FALSE,-1
"increasing observation effort",30,14,2004,"Effort_te_median","uniform",1.5,-1,2005,0,0,FALSE,-1
"increasing observation effort",30,14,2004,"Effort_te_median","uniform",1.8,-1,2005,0,0,FALSE,-1
"increasing observation effort",31,11,2004,"Solow","uniform",1,0.3,2014,9,9,FALSE,0.0573454613154728
"increasing observation effort",31,11,2004,"Solow","earlier_beta_1_2",1,0.3,2016,11,11,FALSE,0.0830036014241022
"increasing observation effort",31,11,2004,"Solow","later_beta_2_1",1,0.3,2012,7,7,FALSE,0.0438045603481975
"increasing observation effort",31,11,2004,"Solow","uniform",1,0.4,2012,7,7,FALSE,0.0573454613154728
"increasing observation effort",31,11,2004,"Solow","earlier_beta_1_2",1,0.4,2015,10,10,FALSE,0.0830036014241022
"increasing observation effort",31,11,2004,"Solow","later_beta_2_1",1,0.4,2011,6,6,FALSE,0.0438045603481975
"increasing observation effort",31,11,2004,"Solow","uniform",1,0.5,2011,6,6,FALSE,0.0573454613154728
"increasing observation effort",31,11,2004,"Solow","earlier_beta_1_2",1,0.5,2014,9,9,FALSE,0.0830036014241022
"increasing observation effort",31,11,2004,"Solow","later_beta_2_1",1,0.5,2010,5,5,FALSE,0.0438045603481975
"increasing observation effort",31,11,2004,"Solow","uniform",1,0.6,2010,5,5,FALSE,0.0573454613154728
"increasing observation effort",31,11,2004,"Solow","earlier_beta_1_2",1,0.6,2013,8,8,FALSE,0.0830036014241022
"increasing observation effort",31,11,2004,"Solow","later_beta_2_1",1,0.6,2008,3,3,FALSE,0.0438045603481975
"increasing observation effort",31,11,2004,"Effort_fixed_alpha","uniform",0.6,0.5,2014,9,9,FALSE,0.253710315461743
"increasing observation effort",31,11,2004,"Effort_fixed_alpha","uniform",0.8,0.5,2012,7,7,FALSE,0.128808157629876
"increasing observation effort",31,11,2004,"Effort_fixed_alpha","uniform",1,0.5,2011,6,6,FALSE,0.0573454613187873
"increasing observation effort",31,11,2004,"Effort_fixed_alpha","uniform",1.2,0.5,2010,5,5,FALSE,0.0234611344833588
"increasing observation effort",31,11,2004,"Effort_fixed_alpha","uniform",1.5,0.5,2009,4,4,FALSE,0.00561550249591537
"increasing observation effort",31,11,2004,"Effort_fixed_alpha","uniform",1.8,0.5,2009,4,4,FALSE,0.00126730146582542
"increasing observation effort",31,11,2004,"Solow_te_median","uniform",1,-1,2006,1,1,FALSE,-1
"increasing observation effort",31,11,2004,"Solow_te_median","earlier_beta_1_2",1,-1,2005,0,0,FALSE,-1
"increasing observation effort",31,11,2004,"Solow_te_median","later_beta_2_1",1,-1,2006,1,1,FALSE,-1
"increasing observation effort",31,11,2004,"Effort_te_median","uniform",0.6,-1,2007,2,2,FALSE,-1
"increasing observation effort",31,11,2004,"Effort_te_median","uniform",1,-1,2006,1,1,FALSE,-1
"increasing observation effort",31,11,2004,"Effort_te_median","uniform",1.5,-1,2005,0,0,FALSE,-1
"increasing observation effort",31,11,2004,"Effort_te_median","uniform",1.8,-1,2005,0,0,FALSE,-1
"increasing observation effort",32,8,2002,"Solow","uniform",1,0.3,2014,9,9,FALSE,0.0976504749695193
"increasing observation effort",32,8,2002,"Solow","earlier_beta_1_2",1,0.3,2016,11,11,FALSE,0.128659825102385
"increasing observation effort",32,8,2002,"Solow","later_beta_2_1",1,0.3,2012,7,7,FALSE,0.0786857764639434
"increasing observation effort",32,8,2002,"Solow","uniform",1,0.4,2012,7,7,FALSE,0.0976504749695193
"increasing observation effort",32,8,2002,"Solow","earlier_beta_1_2",1,0.4,2014,9,9,FALSE,0.128659825102385
"increasing observation effort",32,8,2002,"Solow","later_beta_2_1",1,0.4,2010,5,5,FALSE,0.0786857764639434
"increasing observation effort",32,8,2002,"Solow","uniform",1,0.5,2010,5,5,FALSE,0.0976504749695193
"increasing observation effort",32,8,2002,"Solow","earlier_beta_1_2",1,0.5,2013,8,8,FALSE,0.128659825102385
"increasing observation effort",32,8,2002,"Solow","later_beta_2_1",1,0.5,2008,3,3,FALSE,0.0786857764639434
"increasing observation effort",32,8,2002,"Solow","uniform",1,0.6,2009,4,4,FALSE,0.0976504749695193
"increasing observation effort",32,8,2002,"Solow","earlier_beta_1_2",1,0.6,2012,7,7,FALSE,0.128659825102385
"increasing observation effort",32,8,2002,"Solow","later_beta_2_1",1,0.6,2007,2,2,FALSE,0.0786857764639434
"increasing observation effort",32,8,2002,"Effort_fixed_alpha","uniform",0.6,0.5,2014,9,9,FALSE,0.304081461317722
"increasing observation effort",32,8,2002,"Effort_fixed_alpha","uniform",0.8,0.5,2012,7,7,FALSE,0.182203337235297
"increasing observation effort",32,8,2002,"Effort_fixed_alpha","uniform",1,0.5,2010,5,5,FALSE,0.0976504749804304
"increasing observation effort",32,8,2002,"Effort_fixed_alpha","uniform",1.2,0.5,2009,4,4,FALSE,0.0481645306184642
"increasing observation effort",32,8,2002,"Effort_fixed_alpha","uniform",1.5,0.5,2008,3,3,FALSE,0.0151138033779806
"increasing observation effort",32,8,2002,"Effort_fixed_alpha","uniform",1.8,0.5,2007,2,2,FALSE,0.00442773625767585
"increasing observation effort",32,8,2002,"Solow_te_median","uniform",1,-1,2004,-1,1,FALSE,-1
"increasing observation effort",32,8,2002,"Solow_te_median","earlier_beta_1_2",1,-1,2004,-1,1,FALSE,-1
"increasing observation effort",32,8,2002,"Solow_te_median","later_beta_2_1",1,-1,2005,0,0,FALSE,-1
"increasing observation effort",32,8,2002,"Effort_te_median","uniform",0.6,-1,2006,1,1,FALSE,-1
"increasing observation effort",32,8,2002,"Effort_te_median","uniform",1,-1,2004,-1,1,FALSE,-1
"increasing observation effort",32,8,2002,"Effort_te_median","uniform",1.5,-1,2003,-2,2,FALSE,-1
"increasing observation effort",32,8,2002,"Effort_te_median","uniform",1.8,-1,2003,-2,2,FALSE,-1
"increasing observation effort",33,8,2004,"Solow","uniform",1,0.3,2017,12,12,FALSE,0.167775378739336
"increasing observation effort",33,8,2004,"Solow","earlier_beta_1_2",1,0.3,2019,14,14,FALSE,0.243336035218825
"increasing observation effort",33,8,2004,"Solow","later_beta_2_1",1,0.3,2014,9,9,FALSE,0.128022010050794
"increasing observation effort",33,8,2004,"Solow","uniform",1,0.4,2015,10,10,FALSE,0.167775378739336
"increasing observation effort",33,8,2004,"Solow","earlier_beta_1_2",1,0.4,2018,13,13,FALSE,0.243336035218825
"increasing observation effort",33,8,2004,"Solow","later_beta_2_1",1,0.4,2012,7,7,FALSE,0.128022010050794
"increasing observation effort",33,8,2004,"Solow","uniform",1,0.5,2013,8,8,FALSE,0.167775378739336
"increasing observation effort",33,8,2004,"Solow","earlier_beta_1_2",1,0.5,2016,11,11,FALSE,0.243336035218825
"increasing observation effort",33,8,2004,"Solow","later_beta_2_1",1,0.5,2011,6,6,FALSE,0.128022010050794
"increasing observation effort",33,8,2004,"Solow","uniform",1,0.6,2011,6,6,FALSE,0.167775378739336
"increasing observation effort",33,8,2004,"Solow","earlier_beta_1_2",1,0.6,2015,10,10,FALSE,0.243336035218825
"increasing observation effort",33,8,2004,"Solow","later_beta_2_1",1,0.6,2009,4,4,FALSE,0.128022010050794
"increasing observation effort",33,8,2004,"Effort_fixed_alpha","uniform",0.6,0.5,2017,12,12,FALSE,0.389078359524375
"increasing observation effort",33,8,2004,"Effort_fixed_alpha","uniform",0.8,0.5,2014,9,9,FALSE,0.267651303927499
"increasing observation effort",33,8,2004,"Effort_fixed_alpha","uniform",1,0.5,2013,8,8,FALSE,0.167775378916567
"increasing observation effort",33,8,2004,"Effort_fixed_alpha","uniform",1.2,0.5,2012,7,7,FALSE,0.0971852203574642
"increasing observation effort",33,8,2004,"Effort_fixed_alpha","uniform",1.5,0.5,2011,6,6,FALSE,0.0385105256277249
"increasing observation effort",33,8,2004,"Effort_fixed_alpha","uniform",1.8,0.5,2010,5,5,FALSE,0.0140810617040632
"increasing observation effort",33,8,2004,"Solow_te_median","uniform",1,-1,2006,1,1,FALSE,-1
"increasing observation effort",33,8,2004,"Solow_te_median","earlier_beta_1_2",1,-1,2006,1,1,FALSE,-1
"increasing observation effort",33,8,2004,"Solow_te_median","later_beta_2_1",1,-1,2007,2,2,FALSE,-1
"increasing observation effort",33,8,2004,"Effort_te_median","uniform",0.6,-1,2008,3,3,FALSE,-1
"increasing observation effort",33,8,2004,"Effort_te_median","uniform",1,-1,2006,1,1,FALSE,-1
"increasing observation effort",33,8,2004,"Effort_te_median","uniform",1.5,-1,2006,1,1,FALSE,-1
"increasing observation effort",33,8,2004,"Effort_te_median","uniform",1.8,-1,2005,0,0,FALSE,-1
"increasing observation effort",34,9,2004,"Solow","uniform",1,0.3,2015,10,10,FALSE,0.120233099376469
"increasing observation effort",34,9,2004,"Solow","earlier_beta_1_2",1,0.3,2018,13,13,FALSE,0.175019339888923
"increasing observation effort",34,9,2004,"Solow","later_beta_2_1",1,0.3,2013,8,8,FALSE,0.0915692197244083
"increasing observation effort",34,9,2004,"Solow","uniform",1,0.4,2014,9,9,FALSE,0.120233099376469
"increasing observation effort",34,9,2004,"Solow","earlier_beta_1_2",1,0.4,2016,11,11,FALSE,0.175019339888923
"increasing observation effort",34,9,2004,"Solow","later_beta_2_1",1,0.4,2012,7,7,FALSE,0.0915692197244083
"increasing observation effort",34,9,2004,"Solow","uniform",1,0.5,2012,7,7,FALSE,0.120233099376469
"increasing observation effort",34,9,2004,"Solow","earlier_beta_1_2",1,0.5,2015,10,10,FALSE,0.175019339888923
"increasing observation effort",34,9,2004,"Solow","later_beta_2_1",1,0.5,2010,5,5,FALSE,0.0915692197244083
"increasing observation effort",34,9,2004,"Solow","uniform",1,0.6,2011,6,6,FALSE,0.120233099376469
"increasing observation effort",34,9,2004,"Solow","earlier_beta_1_2",1,0.6,2014,9,9,FALSE,0.175019339888923
"increasing observation effort",34,9,2004,"Solow","later_beta_2_1",1,0.6,2009,4,4,FALSE,0.0915692197244083
"increasing observation effort",34,9,2004,"Effort_fixed_alpha","uniform",0.6,0.5,2016,11,11,FALSE,0.342005172296748
"increasing observation effort",34,9,2004,"Effort_fixed_alpha","uniform",0.8,0.5,2013,8,8,FALSE,0.214243824041151
"increasing observation effort",34,9,2004,"Effort_fixed_alpha","uniform",1,0.5,2012,7,7,FALSE,0.120233099378768
"increasing observation effort",34,9,2004,"Effort_fixed_alpha","uniform",1.2,0.5,2011,6,6,FALSE,0.0619782760436872
"increasing observation effort",34,9,2004,"Effort_fixed_alpha","uniform",1.5,0.5,2010,5,5,FALSE,0.0206756928139889
"increasing observation effort",34,9,2004,"Effort_fixed_alpha","uniform",1.8,0.5,2009,4,4,FALSE,0.00641405147511721
"increasing observation effort",34,9,2004,"Solow_te_median","uniform",1,-1,2006,1,1,FALSE,-1
"increasing observation effort",34,9,2004,"Solow_te_median","earlier_beta_1_2",1,-1,2006,1,1,FALSE,-1
"increasing observation effort",34,9,2004,"Solow_te_median","later_beta_2_1",1,-1,2006,1,1,FALSE,-1
"increasing observation effort",34,9,2004,"Effort_te_median","uniform",0.6,-1,2007,2,2,FALSE,-1
"increasing observation effort",34,9,2004,"Effort_te_median","uniform",1,-1,2006,1,1,FALSE,-1
"increasing observation effort",34,9,2004,"Effort_te_median","uniform",1.5,-1,2005,0,0,FALSE,-1
"increasing observation effort",34,9,2004,"Effort_te_median","uniform",1.8,-1,2005,0,0,FALSE,-1
"increasing observation effort",35,12,2004,"Solow","uniform",1,0.3,2013,8,8,FALSE,0.0385105256249653
"increasing observation effort",35,12,2004,"Solow","earlier_beta_1_2",1,0.3,2015,10,10,FALSE,0.0553786201711259
"increasing observation effort",35,12,2004,"Solow","later_beta_2_1",1,0.3,2011,6,6,FALSE,0.0295191245653289
"increasing observation effort",35,12,2004,"Solow","uniform",1,0.4,2012,7,7,FALSE,0.0385105256249653
"increasing observation effort",35,12,2004,"Solow","earlier_beta_1_2",1,0.4,2014,9,9,FALSE,0.0553786201711259
"increasing observation effort",35,12,2004,"Solow","later_beta_2_1",1,0.4,2010,5,5,FALSE,0.0295191245653289
"increasing observation effort",35,12,2004,"Solow","uniform",1,0.5,2011,6,6,FALSE,0.0385105256249653
"increasing observation effort",35,12,2004,"Solow","earlier_beta_1_2",1,0.5,2013,8,8,FALSE,0.0553786201711259
"increasing observation effort",35,12,2004,"Solow","later_beta_2_1",1,0.5,2009,4,4,FALSE,0.0295191245653289
"increasing observation effort",35,12,2004,"Solow","uniform",1,0.6,2010,5,5,FALSE,0.0385105256249653
"increasing observation effort",35,12,2004,"Solow","earlier_beta_1_2",1,0.6,2012,7,7,FALSE,0.0553786201711259
"increasing observation effort",35,12,2004,"Solow","later_beta_2_1",1,0.6,2008,3,3,FALSE,0.0295191245653289
"increasing observation effort",35,12,2004,"Effort_fixed_alpha","uniform",0.6,0.5,2013,8,8,FALSE,0.214243824041151
"increasing observation effort",35,12,2004,"Effort_fixed_alpha","uniform",0.8,0.5,2012,7,7,FALSE,0.097185220357464
"increasing observation effort",35,12,2004,"Effort_fixed_alpha","uniform",1,0.5,2011,6,6,FALSE,0.0385105256277249
"increasing observation effort",35,12,2004,"Effort_fixed_alpha","uniform",1.2,0.5,2010,5,5,FALSE,0.0140810617040632
"increasing observation effort",35,12,2004,"Effort_fixed_alpha","uniform",1.5,0.5,2009,4,4,FALSE,0.00286976003348115
"increasing observation effort",35,12,2004,"Effort_fixed_alpha","uniform",1.8,0.5,2008,3,3,FALSE,0.000554056398950379
"increasing observation effort",35,12,2004,"Solow_te_median","uniform",1,-1,2006,1,1,FALSE,-1
"increasing observation effort",35,12,2004,"Solow_te_median","earlier_beta_1_2",1,-1,2005,0,0,FALSE,-1
"increasing observation effort",35,12,2004,"Solow_te_median","later_beta_2_1",1,-1,2006,1,1,FALSE,-1
"increasing observation effort",35,12,2004,"Effort_te_median","uniform",0.6,-1,2007,2,2,FALSE,-1
"increasing observation effort",35,12,2004,"Effort_te_median","uniform",1,-1,2006,1,1,FALSE,-1
"increasing observation effort",35,12,2004,"Effort_te_median","uniform",1.5,-1,2005,0,0,FALSE,-1
"increasing observation effort",35,12,2004,"Effort_te_median","uniform",1.8,-1,2005,0,0,FALSE,-1
"increasing observation effort",36,8,2004,"Solow","uniform",1,0.3,2017,12,12,FALSE,0.167775378739336
"increasing observation effort",36,8,2004,"Solow","earlier_beta_1_2",1,0.3,2019,14,14,FALSE,0.243336035218825
"increasing observation effort",36,8,2004,"Solow","later_beta_2_1",1,0.3,2014,9,9,FALSE,0.128022010050794
"increasing observation effort",36,8,2004,"Solow","uniform",1,0.4,2015,10,10,FALSE,0.167775378739336
"increasing observation effort",36,8,2004,"Solow","earlier_beta_1_2",1,0.4,2018,13,13,FALSE,0.243336035218825
"increasing observation effort",36,8,2004,"Solow","later_beta_2_1",1,0.4,2012,7,7,FALSE,0.128022010050794
"increasing observation effort",36,8,2004,"Solow","uniform",1,0.5,2013,8,8,FALSE,0.167775378739336
"increasing observation effort",36,8,2004,"Solow","earlier_beta_1_2",1,0.5,2016,11,11,FALSE,0.243336035218825
"increasing observation effort",36,8,2004,"Solow","later_beta_2_1",1,0.5,2011,6,6,FALSE,0.128022010050794
"increasing observation effort",36,8,2004,"Solow","uniform",1,0.6,2011,6,6,FALSE,0.167775378739336
"increasing observation effort",36,8,2004,"Solow","earlier_beta_1_2",1,0.6,2015,10,10,FALSE,0.243336035218825
"increasing observation effort",36,8,2004,"Solow","later_beta_2_1",1,0.6,2009,4,4,FALSE,0.128022010050794
"increasing observation effort",36,8,2004,"Effort_fixed_alpha","uniform",0.6,0.5,2017,12,12,FALSE,0.389078359524375
"increasing observation effort",36,8,2004,"Effort_fixed_alpha","uniform",0.8,0.5,2014,9,9,FALSE,0.267651303927499
"increasing observation effort",36,8,2004,"Effort_fixed_alpha","uniform",1,0.5,2013,8,8,FALSE,0.167775378916567
"increasing observation effort",36,8,2004,"Effort_fixed_alpha","uniform",1.2,0.5,2012,7,7,FALSE,0.0971852203574642
"increasing observation effort",36,8,2004,"Effort_fixed_alpha","uniform",1.5,0.5,2011,6,6,FALSE,0.0385105256277249
"increasing observation effort",36,8,2004,"Effort_fixed_alpha","uniform",1.8,0.5,2010,5,5,FALSE,0.0140810617040632
"increasing observation effort",36,8,2004,"Solow_te_median","uniform",1,-1,2006,1,1,FALSE,-1
"increasing observation effort",36,8,2004,"Solow_te_median","earlier_beta_1_2",1,-1,2006,1,1,FALSE,-1
"increasing observation effort",36,8,2004,"Solow_te_median","later_beta_2_1",1,-1,2007,2,2,FALSE,-1
"increasing observation effort",36,8,2004,"Effort_te_median","uniform",0.6,-1,2008,3,3,FALSE,-1
"increasing observation effort",36,8,2004,"Effort_te_median","uniform",1,-1,2006,1,1,FALSE,-1
"increasing observation effort",36,8,2004,"Effort_te_median","uniform",1.5,-1,2006,1,1,FALSE,-1
"increasing observation effort",36,8,2004,"Effort_te_median","uniform",1.8,-1,2005,0,0,FALSE,-1
"increasing observation effort",37,9,2003,"Solow","uniform",1,0.3,2014,9,9,FALSE,0.0882156524090715
"increasing observation effort",37,9,2003,"Solow","earlier_beta_1_2",1,0.3,2016,11,11,FALSE,0.121819398902587
"increasing observation effort",37,9,2003,"Solow","later_beta_2_1",1,0.3,2012,7,7,FALSE,0.0691427118070802
"increasing observation effort",37,9,2003,"Solow","uniform",1,0.4,2012,7,7,FALSE,0.0882156524090715
"increasing observation effort",37,9,2003,"Solow","earlier_beta_1_2",1,0.4,2015,10,10,FALSE,0.121819398902587
"increasing observation effort",37,9,2003,"Solow","later_beta_2_1",1,0.4,2010,5,5,FALSE,0.0691427118070802
"increasing observation effort",37,9,2003,"Solow","uniform",1,0.5,2011,6,6,FALSE,0.0882156524090715
"increasing observation effort",37,9,2003,"Solow","earlier_beta_1_2",1,0.5,2014,9,9,FALSE,0.121819398902587
"increasing observation effort",37,9,2003,"Solow","later_beta_2_1",1,0.5,2009,4,4,FALSE,0.0691427118070802
"increasing observation effort",37,9,2003,"Solow","uniform",1,0.6,2009,4,4,FALSE,0.0882156524090715
"increasing observation effort",37,9,2003,"Solow","earlier_beta_1_2",1,0.6,2013,8,8,FALSE,0.121819398902587
"increasing observation effort",37,9,2003,"Solow","later_beta_2_1",1,0.6,2008,3,3,FALSE,0.0691427118070802
"increasing observation effort",37,9,2003,"Effort_fixed_alpha","uniform",0.6,0.5,2014,9,9,FALSE,0.297003892301891
"increasing observation effort",37,9,2003,"Effort_fixed_alpha","uniform",0.8,0.5,2012,7,7,FALSE,0.171711006681176
"increasing observation effort",37,9,2003,"Effort_fixed_alpha","uniform",1,0.5,2011,6,6,FALSE,0.0882156524116602
"increasing observation effort",37,9,2003,"Effort_fixed_alpha","uniform",1.2,0.5,2010,5,5,FALSE,0.0416317073335046
"increasing observation effort",37,9,2003,"Effort_fixed_alpha","uniform",1.5,0.5,2009,4,4,FALSE,0.0122416276797763
"increasing observation effort",37,9,2003,"Effort_fixed_alpha","uniform",1.8,0.5,2008,3,3,FALSE,0.00336841838718026
"increasing observation effort",37,9,2003,"Solow_te_median","uniform",1,-1,2005,0,0,FALSE,-1
"increasing observation effort",37,9,2003,"Solow_te_median","earlier_beta_1_2",1,-1,2005,0,0,FALSE,-1
"increasing observation effort",37,9,2003,"Solow_te_median","later_beta_2_1",1,-1,2005,0,0,FALSE,-1
"increasing observation effort",37,9,2003,"Effort_te_median","uniform",0.6,-1,2006,1,1,FALSE,-1
"increasing observation effort",37,9,2003,"Effort_te_median","uniform",1,-1,2005,0,0,FALSE,-1
"increasing observation effort",37,9,2003,"Effort_te_median","uniform",1.5,-1,2004,-1,1,FALSE,-1
"increasing observation effort",37,9,2003,"Effort_te_median","uniform",1.8,-1,2004,-1,1,FALSE,-1
"increasing observation effort",38,9,2004,"Solow","uniform",1,0.3,2015,10,10,FALSE,0.120233099376469
"increasing observation effort",38,9,2004,"Solow","earlier_beta_1_2",1,0.3,2018,13,13,FALSE,0.175019339888923
"increasing observation effort",38,9,2004,"Solow","later_beta_2_1",1,0.3,2013,8,8,FALSE,0.0915692197244083
"increasing observation effort",38,9,2004,"Solow","uniform",1,0.4,2014,9,9,FALSE,0.120233099376469
"increasing observation effort",38,9,2004,"Solow","earlier_beta_1_2",1,0.4,2016,11,11,FALSE,0.175019339888923
"increasing observation effort",38,9,2004,"Solow","later_beta_2_1",1,0.4,2012,7,7,FALSE,0.0915692197244083
"increasing observation effort",38,9,2004,"Solow","uniform",1,0.5,2012,7,7,FALSE,0.120233099376469
"increasing observation effort",38,9,2004,"Solow","earlier_beta_1_2",1,0.5,2015,10,10,FALSE,0.175019339888923
"increasing observation effort",38,9,2004,"Solow","later_beta_2_1",1,0.5,2010,5,5,FALSE,0.0915692197244083
"increasing observation effort",38,9,2004,"Solow","uniform",1,0.6,2011,6,6,FALSE,0.120233099376469
"increasing observation effort",38,9,2004,"Solow","earlier_beta_1_2",1,0.6,2014,9,9,FALSE,0.175019339888923
"increasing observation effort",38,9,2004,"Solow","later_beta_2_1",1,0.6,2009,4,4,FALSE,0.0915692197244083
"increasing observation effort",38,9,2004,"Effort_fixed_alpha","uniform",0.6,0.5,2016,11,11,FALSE,0.342005172296748
"increasing observation effort",38,9,2004,"Effort_fixed_alpha","uniform",0.8,0.5,2013,8,8,FALSE,0.214243824041151
"increasing observation effort",38,9,2004,"Effort_fixed_alpha","uniform",1,0.5,2012,7,7,FALSE,0.120233099378768
"increasing observation effort",38,9,2004,"Effort_fixed_alpha","uniform",1.2,0.5,2011,6,6,FALSE,0.0619782760436872
"increasing observation effort",38,9,2004,"Effort_fixed_alpha","uniform",1.5,0.5,2010,5,5,FALSE,0.0206756928139889
"increasing observation effort",38,9,2004,"Effort_fixed_alpha","uniform",1.8,0.5,2009,4,4,FALSE,0.00641405147511721
"increasing observation effort",38,9,2004,"Solow_te_median","uniform",1,-1,2006,1,1,FALSE,-1
"increasing observation effort",38,9,2004,"Solow_te_median","earlier_beta_1_2",1,-1,2006,1,1,FALSE,-1
"increasing observation effort",38,9,2004,"Solow_te_median","later_beta_2_1",1,-1,2006,1,1,FALSE,-1
"increasing observation effort",38,9,2004,"Effort_te_median","uniform",0.6,-1,2007,2,2,FALSE,-1
"increasing observation effort",38,9,2004,"Effort_te_median","uniform",1,-1,2006,1,1,FALSE,-1
"increasing observation effort",38,9,2004,"Effort_te_median","uniform",1.5,-1,2005,0,0,FALSE,-1
"increasing observation effort",38,9,2004,"Effort_te_median","uniform",1.8,-1,2005,0,0,FALSE,-1
"increasing observation effort",39,9,2003,"Solow","uniform",1,0.3,2014,9,9,FALSE,0.0882156524090715
"increasing observation effort",39,9,2003,"Solow","earlier_beta_1_2",1,0.3,2016,11,11,FALSE,0.121819398902587
"increasing observation effort",39,9,2003,"Solow","later_beta_2_1",1,0.3,2012,7,7,FALSE,0.0691427118070802
"increasing observation effort",39,9,2003,"Solow","uniform",1,0.4,2012,7,7,FALSE,0.0882156524090715
"increasing observation effort",39,9,2003,"Solow","earlier_beta_1_2",1,0.4,2015,10,10,FALSE,0.121819398902587
"increasing observation effort",39,9,2003,"Solow","later_beta_2_1",1,0.4,2010,5,5,FALSE,0.0691427118070802
"increasing observation effort",39,9,2003,"Solow","uniform",1,0.5,2011,6,6,FALSE,0.0882156524090715
"increasing observation effort",39,9,2003,"Solow","earlier_beta_1_2",1,0.5,2014,9,9,FALSE,0.121819398902587
"increasing observation effort",39,9,2003,"Solow","later_beta_2_1",1,0.5,2009,4,4,FALSE,0.0691427118070802
"increasing observation effort",39,9,2003,"Solow","uniform",1,0.6,2009,4,4,FALSE,0.0882156524090715
"increasing observation effort",39,9,2003,"Solow","earlier_beta_1_2",1,0.6,2013,8,8,FALSE,0.121819398902587
"increasing observation effort",39,9,2003,"Solow","later_beta_2_1",1,0.6,2008,3,3,FALSE,0.0691427118070802
"increasing observation effort",39,9,2003,"Effort_fixed_alpha","uniform",0.6,0.5,2014,9,9,FALSE,0.297003892301891
"increasing observation effort",39,9,2003,"Effort_fixed_alpha","uniform",0.8,0.5,2012,7,7,FALSE,0.171711006681176
"increasing observation effort",39,9,2003,"Effort_fixed_alpha","uniform",1,0.5,2011,6,6,FALSE,0.0882156524116602
"increasing observation effort",39,9,2003,"Effort_fixed_alpha","uniform",1.2,0.5,2010,5,5,FALSE,0.0416317073335046
"increasing observation effort",39,9,2003,"Effort_fixed_alpha","uniform",1.5,0.5,2009,4,4,FALSE,0.0122416276797763
"increasing observation effort",39,9,2003,"Effort_fixed_alpha","uniform",1.8,0.5,2008,3,3,FALSE,0.00336841838718026
"increasing observation effort",39,9,2003,"Solow_te_median","uniform",1,-1,2005,0,0,FALSE,-1
"increasing observation effort",39,9,2003,"Solow_te_median","earlier_beta_1_2",1,-1,2005,0,0,FALSE,-1
"increasing observation effort",39,9,2003,"Solow_te_median","later_beta_2_1",1,-1,2005,0,0,FALSE,-1
"increasing observation effort",39,9,2003,"Effort_te_median","uniform",0.6,-1,2006,1,1,FALSE,-1
"increasing observation effort",39,9,2003,"Effort_te_median","uniform",1,-1,2005,0,0,FALSE,-1
"increasing observation effort",39,9,2003,"Effort_te_median","uniform",1.5,-1,2004,-1,1,FALSE,-1
"increasing observation effort",39,9,2003,"Effort_te_median","uniform",1.8,-1,2004,-1,1,FALSE,-1
"increasing observation effort",40,6,2001,"Solow","uniform",1,0.3,2015,10,10,FALSE,0.171981837971002
"increasing observation effort",40,6,2001,"Solow","earlier_beta_1_2",1,0.3,2018,13,13,FALSE,0.219900312710889
"increasing observation effort",40,6,2001,"Solow","later_beta_2_1",1,0.3,2013,8,8,FALSE,0.141210630928451
"increasing observation effort",40,6,2001,"Solow","uniform",1,0.4,2013,8,8,FALSE,0.171981837971002
"increasing observation effort",40,6,2001,"Solow","earlier_beta_1_2",1,0.4,2016,11,11,FALSE,0.219900312710889
"increasing observation effort",40,6,2001,"Solow","later_beta_2_1",1,0.4,2010,5,5,FALSE,0.141210630928451
"increasing observation effort",40,6,2001,"Solow","uniform",1,0.5,2011,6,6,FALSE,0.171981837971002
"increasing observation effort",40,6,2001,"Solow","earlier_beta_1_2",1,0.5,2014,9,9,FALSE,0.219900312710889
"increasing observation effort",40,6,2001,"Solow","later_beta_2_1",1,0.5,2008,3,3,FALSE,0.141210630928451
"increasing observation effort",40,6,2001,"Solow","uniform",1,0.6,2009,4,4,FALSE,0.171981837971002
"increasing observation effort",40,6,2001,"Solow","earlier_beta_1_2",1,0.6,2012,7,7,FALSE,0.219900312710889
"increasing observation effort",40,6,2001,"Solow","later_beta_2_1",1,0.6,2006,1,1,FALSE,0.141210630928451
"increasing observation effort",40,6,2001,"Effort_fixed_alpha","uniform",0.6,0.5,2015,10,10,FALSE,0.374610197011166
"increasing observation effort",40,6,2001,"Effort_fixed_alpha","uniform",0.8,0.5,2012,7,7,FALSE,0.264409759845563
"increasing observation effort",40,6,2001,"Effort_fixed_alpha","uniform",1,0.5,2011,6,6,FALSE,0.17198183802164
"increasing observation effort",40,6,2001,"Effort_fixed_alpha","uniform",1.2,0.5,2009,4,4,FALSE,0.104155162498531
"increasing observation effort",40,6,2001,"Effort_fixed_alpha","uniform",1.5,0.5,2008,3,3,FALSE,0.0443776618129503
"increasing observation effort",40,6,2001,"Effort_fixed_alpha","uniform",1.8,0.5,2007,2,2,FALSE,0.0174552534600929
"increasing observation effort",40,6,2001,"Solow_te_median","uniform",1,-1,2004,-1,1,FALSE,-1
"increasing observation effort",40,6,2001,"Solow_te_median","earlier_beta_1_2",1,-1,2003,-2,2,FALSE,-1
"increasing observation effort",40,6,2001,"Solow_te_median","later_beta_2_1",1,-1,2005,0,0,FALSE,-1
"increasing observation effort",40,6,2001,"Effort_te_median","uniform",0.6,-1,2006,1,1,FALSE,-1
"increasing observation effort",40,6,2001,"Effort_te_median","uniform",1,-1,2004,-1,1,FALSE,-1
"increasing observation effort",40,6,2001,"Effort_te_median","uniform",1.5,-1,2003,-2,2,FALSE,-1
"increasing observation effort",40,6,2001,"Effort_te_median","uniform",1.8,-1,2003,-2,2,FALSE,-1
"decreasing observation effort",1,2,1992,"Solow","uniform",1,0.3,2020,15,15,FALSE,0.299999999447346
"decreasing observation effort",1,2,1992,"Solow","earlier_beta_1_2",1,0.3,NA,NA,NA,TRUE,0.30686885437616
"decreasing observation effort",1,2,1992,"Solow","later_beta_2_1",1,0.3,2019,14,14,FALSE,0.293431912750298
"decreasing observation effort",1,2,1992,"Solow","uniform",1,0.4,2010,5,5,FALSE,0.299999999447346
"decreasing observation effort",1,2,1992,"Solow","earlier_beta_1_2",1,0.4,2014,9,9,FALSE,0.30686885437616
"decreasing observation effort",1,2,1992,"Solow","later_beta_2_1",1,0.4,2006,1,1,FALSE,0.293431912750298
"decreasing observation effort",1,2,1992,"Solow","uniform",1,0.5,2005,0,0,FALSE,0.299999999447346
"decreasing observation effort",1,2,1992,"Solow","earlier_beta_1_2",1,0.5,2009,4,4,FALSE,0.30686885437616
"decreasing observation effort",1,2,1992,"Solow","later_beta_2_1",1,0.5,2000,-5,5,FALSE,0.293431912750298
"decreasing observation effort",1,2,1992,"Solow","uniform",1,0.6,2000,-5,5,FALSE,0.299999999447346
"decreasing observation effort",1,2,1992,"Solow","earlier_beta_1_2",1,0.6,2005,0,0,FALSE,0.30686885437616
"decreasing observation effort",1,2,1992,"Solow","later_beta_2_1",1,0.6,1997,-8,8,FALSE,0.293431912750298
"decreasing observation effort",1,2,1992,"Effort_fixed_alpha","uniform",0.6,0.5,NA,NA,NA,TRUE,NA
"decreasing observation effort",1,2,1992,"Effort_fixed_alpha","uniform",0.8,0.5,NA,NA,NA,TRUE,NA
"decreasing observation effort",1,2,1992,"Effort_fixed_alpha","uniform",1,0.5,NA,NA,NA,TRUE,NA
"decreasing observation effort",1,2,1992,"Effort_fixed_alpha","uniform",1.2,0.5,NA,NA,NA,TRUE,NA
"decreasing observation effort",1,2,1992,"Effort_fixed_alpha","uniform",1.5,0.5,NA,NA,NA,TRUE,NA
"decreasing observation effort",1,2,1992,"Effort_fixed_alpha","uniform",1.8,0.5,NA,NA,NA,TRUE,NA
"decreasing observation effort",1,2,1992,"Solow_te_median","uniform",1,-1,1998,-7,7,FALSE,-1
"decreasing observation effort",1,2,1992,"Solow_te_median","earlier_beta_1_2",1,-1,1996,-9,9,FALSE,-1
"decreasing observation effort",1,2,1992,"Solow_te_median","later_beta_2_1",1,-1,2002,-3,3,FALSE,-1
"decreasing observation effort",1,2,1992,"Effort_te_median","uniform",0.6,-1,NA,NA,NA,TRUE,-1
"decreasing observation effort",1,2,1992,"Effort_te_median","uniform",1,-1,NA,NA,NA,TRUE,-1
"decreasing observation effort",1,2,1992,"Effort_te_median","uniform",1.5,-1,NA,NA,NA,TRUE,-1
"decreasing observation effort",1,2,1992,"Effort_te_median","uniform",1.8,-1,NA,NA,NA,TRUE,-1
"decreasing observation effort",2,2,1999,"Solow","uniform",1,0.3,NA,NA,NA,TRUE,0.474999999934083
"decreasing observation effort",2,2,1999,"Solow","earlier_beta_1_2",1,0.3,NA,NA,NA,TRUE,0.580839712795921
"decreasing observation effort",2,2,1999,"Solow","later_beta_2_1",1,0.3,NA,NA,NA,TRUE,0.401786995839429
"decreasing observation effort",2,2,1999,"Solow","uniform",1,0.4,NA,NA,NA,TRUE,0.474999999934083
"decreasing observation effort",2,2,1999,"Solow","earlier_beta_1_2",1,0.4,NA,NA,NA,TRUE,0.580839712795921
"decreasing observation effort",2,2,1999,"Solow","later_beta_2_1",1,0.4,NA,NA,NA,TRUE,0.401786995839429
"decreasing observation effort",2,2,1999,"Solow","uniform",1,0.5,2019,14,14,FALSE,0.474999999934083
"decreasing observation effort",2,2,1999,"Solow","earlier_beta_1_2",1,0.5,NA,NA,NA,TRUE,0.580839712795921
"decreasing observation effort",2,2,1999,"Solow","later_beta_2_1",1,0.5,2012,7,7,FALSE,0.401786995839429
"decreasing observation effort",2,2,1999,"Solow","uniform",1,0.6,2012,7,7,FALSE,0.474999999934083
"decreasing observation effort",2,2,1999,"Solow","earlier_beta_1_2",1,0.6,2019,14,14,FALSE,0.580839712795921
"decreasing observation effort",2,2,1999,"Solow","later_beta_2_1",1,0.6,2007,2,2,FALSE,0.401786995839429
"decreasing observation effort",2,2,1999,"Effort_fixed_alpha","uniform",0.6,0.5,NA,NA,NA,TRUE,0.554718683292472
"decreasing observation effort",2,2,1999,"Effort_fixed_alpha","uniform",0.8,0.5,NA,NA,NA,TRUE,0.515867455921852
"decreasing observation effort",2,2,1999,"Effort_fixed_alpha","uniform",1,0.5,2018,13,13,FALSE,0.475
"decreasing observation effort",2,2,1999,"Effort_fixed_alpha","uniform",1.2,0.5,2016,11,11,FALSE,0.432700352947542
"decreasing observation effort",2,2,1999,"Effort_fixed_alpha","uniform",1.5,0.5,2013,8,8,FALSE,0.368179500254972
"decreasing observation effort",2,2,1999,"Effort_fixed_alpha","uniform",1.8,0.5,2012,7,7,FALSE,0.304884472698678
"decreasing observation effort",2,2,1999,"Solow_te_median","uniform",1,-1,2006,1,1,FALSE,-1
"decreasing observation effort",2,2,1999,"Solow_te_median","earlier_beta_1_2",1,-1,2003,-2,2,FALSE,-1
"decreasing observation effort",2,2,1999,"Solow_te_median","later_beta_2_1",1,-1,2008,3,3,FALSE,-1
"decreasing observation effort",2,2,1999,"Effort_te_median","uniform",0.6,-1,2007,2,2,FALSE,-1
"decreasing observation effort",2,2,1999,"Effort_te_median","uniform",1,-1,2006,1,1,FALSE,-1
"decreasing observation effort",2,2,1999,"Effort_te_median","uniform",1.5,-1,2004,-1,1,FALSE,-1
"decreasing observation effort",2,2,1999,"Effort_te_median","uniform",1.8,-1,2004,-1,1,FALSE,-1
"decreasing observation effort",3,3,1995,"Solow","uniform",1,0.3,2016,11,11,FALSE,0.24657534248521
"decreasing observation effort",3,3,1995,"Solow","earlier_beta_1_2",1,0.3,2018,13,13,FALSE,0.264705882375662
"decreasing observation effort",3,3,1995,"Solow","later_beta_2_1",1,0.3,2013,8,8,FALSE,0.230769230786047
"decreasing observation effort",3,3,1995,"Solow","uniform",1,0.4,2010,5,5,FALSE,0.24657534248521
"decreasing observation effort",3,3,1995,"Solow","earlier_beta_1_2",1,0.4,2014,9,9,FALSE,0.264705882375662
"decreasing observation effort",3,3,1995,"Solow","later_beta_2_1",1,0.4,2007,2,2,FALSE,0.230769230786047
"decreasing observation effort",3,3,1995,"Solow","uniform",1,0.5,2006,1,1,FALSE,0.24657534248521
"decreasing observation effort",3,3,1995,"Solow","earlier_beta_1_2",1,0.5,2010,5,5,FALSE,0.264705882375662
"decreasing observation effort",3,3,1995,"Solow","later_beta_2_1",1,0.5,2003,-2,2,FALSE,0.230769230786047
"decreasing observation effort",3,3,1995,"Solow","uniform",1,0.6,2003,-2,2,FALSE,0.24657534248521
"decreasing observation effort",3,3,1995,"Solow","earlier_beta_1_2",1,0.6,2008,3,3,FALSE,0.264705882375662
"decreasing observation effort",3,3,1995,"Solow","later_beta_2_1",1,0.6,2001,-4,4,FALSE,0.230769230786047
"decreasing observation effort",3,3,1995,"Effort_fixed_alpha","uniform",0.6,0.5,NA,NA,NA,TRUE,NA
"decreasing observation effort",3,3,1995,"Effort_fixed_alpha","uniform",0.8,0.5,NA,NA,NA,TRUE,NA
"decreasing observation effort",3,3,1995,"Effort_fixed_alpha","uniform",1,0.5,NA,NA,NA,TRUE,NA
"decreasing observation effort",3,3,1995,"Effort_fixed_alpha","uniform",1.2,0.5,NA,NA,NA,TRUE,NA
"decreasing observation effort",3,3,1995,"Effort_fixed_alpha","uniform",1.5,0.5,NA,NA,NA,TRUE,NA
"decreasing observation effort",3,3,1995,"Effort_fixed_alpha","uniform",1.8,0.5,NA,NA,NA,TRUE,NA
"decreasing observation effort",3,3,1995,"Solow_te_median","uniform",1,-1,2000,-5,5,FALSE,-1
"decreasing observation effort",3,3,1995,"Solow_te_median","earlier_beta_1_2",1,-1,1998,-7,7,FALSE,-1
"decreasing observation effort",3,3,1995,"Solow_te_median","later_beta_2_1",1,-1,2002,-3,3,FALSE,-1
"decreasing observation effort",3,3,1995,"Effort_te_median","uniform",0.6,-1,NA,NA,NA,TRUE,-1
"decreasing observation effort",3,3,1995,"Effort_te_median","uniform",1,-1,NA,NA,NA,TRUE,-1
"decreasing observation effort",3,3,1995,"Effort_te_median","uniform",1.5,-1,NA,NA,NA,TRUE,-1
"decreasing observation effort",3,3,1995,"Effort_te_median","uniform",1.8,-1,NA,NA,NA,TRUE,-1
"decreasing observation effort",4,2,1997,"Solow","uniform",1,0.3,NA,NA,NA,TRUE,0.424999999941026
"decreasing observation effort",4,2,1997,"Solow","earlier_beta_1_2",1,0.3,NA,NA,NA,TRUE,0.501366189502271
"decreasing observation effort",4,2,1997,"Solow","later_beta_2_1",1,0.3,NA,NA,NA,TRUE,0.36882237906467
"decreasing observation effort",4,2,1997,"Solow","uniform",1,0.4,NA,NA,NA,TRUE,0.424999999941026
"decreasing observation effort",4,2,1997,"Solow","earlier_beta_1_2",1,0.4,NA,NA,NA,TRUE,0.501366189502271
"decreasing observation effort",4,2,1997,"Solow","later_beta_2_1",1,0.4,2016,11,11,FALSE,0.36882237906467
"decreasing observation effort",4,2,1997,"Solow","uniform",1,0.5,2015,10,10,FALSE,0.424999999941026
"decreasing observation effort",4,2,1997,"Solow","earlier_beta_1_2",1,0.5,NA,NA,NA,TRUE,0.501366189502271
"decreasing observation effort",4,2,1997,"Solow","later_beta_2_1",1,0.5,2009,4,4,FALSE,0.36882237906467
"decreasing observation effort",4,2,1997,"Solow","uniform",1,0.6,2009,4,4,FALSE,0.424999999941026
"decreasing observation effort",4,2,1997,"Solow","earlier_beta_1_2",1,0.6,2015,10,10,FALSE,0.501366189502271
"decreasing observation effort",4,2,1997,"Solow","later_beta_2_1",1,0.6,2004,-1,1,FALSE,0.36882237906467
"decreasing observation effort",4,2,1997,"Effort_fixed_alpha","uniform",0.6,0.5,NA,NA,NA,TRUE,0.517265245435463
"decreasing observation effort",4,2,1997,"Effort_fixed_alpha","uniform",0.8,0.5,2018,13,13,FALSE,0.472083253249443
"decreasing observation effort",4,2,1997,"Effort_fixed_alpha","uniform",1,0.5,2014,9,9,FALSE,0.425
"decreasing observation effort",4,2,1997,"Effort_fixed_alpha","uniform",1.2,0.5,2012,7,7,FALSE,0.377027209530419
"decreasing observation effort",4,2,1997,"Effort_fixed_alpha","uniform",1.5,0.5,2010,5,5,FALSE,0.305982001058761
"decreasing observation effort",4,2,1997,"Effort_fixed_alpha","uniform",1.8,0.5,2008,3,3,FALSE,0.239609205137134
"decreasing observation effort",4,2,1997,"Solow_te_median","uniform",1,-1,2004,-1,1,FALSE,-1
"decreasing observation effort",4,2,1997,"Solow_te_median","earlier_beta_1_2",1,-1,2001,-4,4,FALSE,-1
"decreasing observation effort",4,2,1997,"Solow_te_median","later_beta_2_1",1,-1,2006,1,1,FALSE,-1
"decreasing observation effort",4,2,1997,"Effort_te_median","uniform",0.6,-1,2006,1,1,FALSE,-1
"decreasing observation effort",4,2,1997,"Effort_te_median","uniform",1,-1,2004,-1,1,FALSE,-1
"decreasing observation effort",4,2,1997,"Effort_te_median","uniform",1.5,-1,2002,-3,3,FALSE,-1
"decreasing observation effort",4,2,1997,"Effort_te_median","uniform",1.8,-1,2001,-4,4,FALSE,-1
"decreasing observation effort",5,4,2002,"Solow","uniform",1,0.3,NA,NA,NA,TRUE,0.374507597278777
"decreasing observation effort",5,4,2002,"Solow","earlier_beta_1_2",1,0.3,NA,NA,NA,TRUE,0.491506647198309
"decreasing observation effort",5,4,2002,"Solow","later_beta_2_1",1,0.3,NA,NA,NA,TRUE,0.302500000181822
"decreasing observation effort",5,4,2002,"Solow","uniform",1,0.4,2019,14,14,FALSE,0.374507597278777
"decreasing observation effort",5,4,2002,"Solow","earlier_beta_1_2",1,0.4,NA,NA,NA,TRUE,0.491506647198309
"decreasing observation effort",5,4,2002,"Solow","later_beta_2_1",1,0.4,2015,10,10,FALSE,0.302500000181822
"decreasing observation effort",5,4,2002,"Solow","uniform",1,0.5,2015,10,10,FALSE,0.374507597278777
"decreasing observation effort",5,4,2002,"Solow","earlier_beta_1_2",1,0.5,2020,15,15,FALSE,0.491506647198309
"decreasing observation effort",5,4,2002,"Solow","later_beta_2_1",1,0.5,2012,7,7,FALSE,0.302500000181822
"decreasing observation effort",5,4,2002,"Solow","uniform",1,0.6,2012,7,7,FALSE,0.374507597278777
"decreasing observation effort",5,4,2002,"Solow","earlier_beta_1_2",1,0.6,2017,12,12,FALSE,0.491506647198309
"decreasing observation effort",5,4,2002,"Solow","later_beta_2_1",1,0.6,2009,4,4,FALSE,0.302500000181822
"decreasing observation effort",5,4,2002,"Effort_fixed_alpha","uniform",0.6,0.5,NA,NA,NA,TRUE,0.516726593641732
"decreasing observation effort",5,4,2002,"Effort_fixed_alpha","uniform",0.8,0.5,2018,13,13,FALSE,0.44664153688647
"decreasing observation effort",5,4,2002,"Effort_fixed_alpha","uniform",1,0.5,2015,10,10,FALSE,0.37450759707372
"decreasing observation effort",5,4,2002,"Effort_fixed_alpha","uniform",1.2,0.5,2014,9,9,FALSE,0.304081461317722
"decreasing observation effort",5,4,2002,"Effort_fixed_alpha","uniform",1.5,0.5,2012,7,7,FALSE,0.209472494175647
"decreasing observation effort",5,4,2002,"Effort_fixed_alpha","uniform",1.8,0.5,2011,6,6,FALSE,0.135032983139703
"decreasing observation effort",5,4,2002,"Solow_te_median","uniform",1,-1,2006,1,1,FALSE,-1
"decreasing observation effort",5,4,2002,"Solow_te_median","earlier_beta_1_2",1,-1,2005,0,0,FALSE,-1
"decreasing observation effort",5,4,2002,"Solow_te_median","later_beta_2_1",1,-1,2007,2,2,FALSE,-1
"decreasing observation effort",5,4,2002,"Effort_te_median","uniform",0.6,-1,2008,3,3,FALSE,-1
"decreasing observation effort",5,4,2002,"Effort_te_median","uniform",1,-1,2006,1,1,FALSE,-1
"decreasing observation effort",5,4,2002,"Effort_te_median","uniform",1.5,-1,2005,0,0,FALSE,-1
"decreasing observation effort",5,4,2002,"Effort_te_median","uniform",1.8,-1,2005,0,0,FALSE,-1
"decreasing observation effort",6,3,2002,"Solow","uniform",1,0.3,NA,NA,NA,TRUE,0.464491362681942
"decreasing observation effort",6,3,2002,"Solow","earlier_beta_1_2",1,0.3,NA,NA,NA,TRUE,0.599009900904175
"decreasing observation effort",6,3,2002,"Solow","later_beta_2_1",1,0.3,NA,NA,NA,TRUE,0.379310344752711
"decreasing observation effort",6,3,2002,"Solow","uniform",1,0.4,NA,NA,NA,TRUE,0.464491362681942
"decreasing observation effort",6,3,2002,"Solow","earlier_beta_1_2",1,0.4,NA,NA,NA,TRUE,0.599009900904175
"decreasing observation effort",6,3,2002,"Solow","later_beta_2_1",1,0.4,2019,14,14,FALSE,0.379310344752711
"decreasing observation effort",6,3,2002,"Solow","uniform",1,0.5,2019,14,14,FALSE,0.464491362681942
"decreasing observation effort",6,3,2002,"Solow","earlier_beta_1_2",1,0.5,NA,NA,NA,TRUE,0.599009900904175
"decreasing observation effort",6,3,2002,"Solow","later_beta_2_1",1,0.5,2013,8,8,FALSE,0.379310344752711
"decreasing observation effort",6,3,2002,"Solow","uniform",1,0.6,2014,9,9,FALSE,0.464491362681942
"decreasing observation effort",6,3,2002,"Solow","earlier_beta_1_2",1,0.6,2020,15,15,FALSE,0.599009900904175
"decreasing observation effort",6,3,2002,"Solow","later_beta_2_1",1,0.6,2010,5,5,FALSE,0.379310344752711
"decreasing observation effort",6,3,2002,"Effort_fixed_alpha","uniform",0.6,0.5,NA,NA,NA,TRUE,0.566058949927942
"decreasing observation effort",6,3,2002,"Effort_fixed_alpha","uniform",0.8,0.5,NA,NA,NA,TRUE,0.516726593641732
"decreasing observation effort",6,3,2002,"Effort_fixed_alpha","uniform",1,0.5,2019,14,14,FALSE,0.464491362763916
"decreasing observation effort",6,3,2002,"Effort_fixed_alpha","uniform",1.2,0.5,2017,12,12,FALSE,0.410604090132145
"decreasing observation effort",6,3,2002,"Effort_fixed_alpha","uniform",1.5,0.5,2014,9,9,FALSE,0.330046031888413
"decreasing observation effort",6,3,2002,"Effort_fixed_alpha","uniform",1.8,0.5,2013,8,8,FALSE,0.254622706756412
"decreasing observation effort",6,3,2002,"Solow_te_median","uniform",1,-1,2007,2,2,FALSE,-1
"decreasing observation effort",6,3,2002,"Solow_te_median","earlier_beta_1_2",1,-1,2005,0,0,FALSE,-1
"decreasing observation effort",6,3,2002,"Solow_te_median","later_beta_2_1",1,-1,2008,3,3,FALSE,-1
"decreasing observation effort",6,3,2002,"Effort_te_median","uniform",0.6,-1,2009,4,4,FALSE,-1
"decreasing observation effort",6,3,2002,"Effort_te_median","uniform",1,-1,2007,2,2,FALSE,-1
"decreasing observation effort",6,3,2002,"Effort_te_median","uniform",1.5,-1,2006,1,1,FALSE,-1
"decreasing observation effort",6,3,2002,"Effort_te_median","uniform",1.8,-1,2005,0,0,FALSE,-1
"decreasing observation effort",7,2,1993,"Solow","uniform",1,0.3,NA,NA,NA,TRUE,0.3249999999801
"decreasing observation effort",7,2,1993,"Solow","earlier_beta_1_2",1,0.3,NA,NA,NA,TRUE,0.344117285331086
"decreasing observation effort",7,2,1993,"Solow","later_beta_2_1",1,0.3,NA,NA,NA,TRUE,0.307895026389554
"decreasing observation effort",7,2,1993,"Solow","uniform",1,0.4,2013,8,8,FALSE,0.3249999999801
"decreasing observation effort",7,2,1993,"Solow","earlier_beta_1_2",1,0.4,2016,11,11,FALSE,0.344117285331086
"decreasing observation effort",7,2,1993,"Solow","later_beta_2_1",1,0.4,2008,3,3,FALSE,0.307895026389554
"decreasing observation effort",7,2,1993,"Solow","uniform",1,0.5,2007,2,2,FALSE,0.3249999999801
"decreasing observation effort",7,2,1993,"Solow","earlier_beta_1_2",1,0.5,2011,6,6,FALSE,0.344117285331086
"decreasing observation effort",7,2,1993,"Solow","later_beta_2_1",1,0.5,2002,-3,3,FALSE,0.307895026389554
"decreasing observation effort",7,2,1993,"Solow","uniform",1,0.6,2002,-3,3,FALSE,0.3249999999801
"decreasing observation effort",7,2,1993,"Solow","earlier_beta_1_2",1,0.6,2007,2,2,FALSE,0.344117285331086
"decreasing observation effort",7,2,1993,"Solow","later_beta_2_1",1,0.6,1999,-6,6,FALSE,0.307895026389554
"decreasing observation effort",7,2,1993,"Effort_fixed_alpha","uniform",0.6,0.5,2013,8,8,FALSE,0.442424264458106
"decreasing observation effort",7,2,1993,"Effort_fixed_alpha","uniform",0.8,0.5,2009,4,4,FALSE,0.383933021124265
"decreasing observation effort",7,2,1993,"Effort_fixed_alpha","uniform",1,0.5,2006,1,1,FALSE,0.325
"decreasing observation effort",7,2,1993,"Effort_fixed_alpha","uniform",1.2,0.5,2005,0,0,FALSE,0.268018950551267
"decreasing observation effort",7,2,1993,"Effort_fixed_alpha","uniform",1.5,0.5,2003,-2,2,FALSE,0.191068400226116
"decreasing observation effort",7,2,1993,"Effort_fixed_alpha","uniform",1.8,0.5,2002,-3,3,FALSE,0.128824716996176
"decreasing observation effort",7,2,1993,"Solow_te_median","uniform",1,-1,2000,-5,5,FALSE,-1
"decreasing observation effort",7,2,1993,"Solow_te_median","earlier_beta_1_2",1,-1,1997,-8,8,FALSE,-1
"decreasing observation effort",7,2,1993,"Solow_te_median","later_beta_2_1",1,-1,2003,-2,2,FALSE,-1
"decreasing observation effort",7,2,1993,"Effort_te_median","uniform",0.6,-1,2002,-3,3,FALSE,-1
"decreasing observation effort",7,2,1993,"Effort_te_median","uniform",1,-1,2000,-5,5,FALSE,-1
"decreasing observation effort",7,2,1993,"Effort_te_median","uniform",1.5,-1,1997,-8,8,FALSE,-1
"decreasing observation effort",7,2,1993,"Effort_te_median","uniform",1.8,-1,1997,-8,8,FALSE,-1
"decreasing observation effort",8,3,2002,"Solow","uniform",1,0.3,NA,NA,NA,TRUE,0.464491362681942
"decreasing observation effort",8,3,2002,"Solow","earlier_beta_1_2",1,0.3,NA,NA,NA,TRUE,0.599009900904175
"decreasing observation effort",8,3,2002,"Solow","later_beta_2_1",1,0.3,NA,NA,NA,TRUE,0.379310344752711
"decreasing observation effort",8,3,2002,"Solow","uniform",1,0.4,NA,NA,NA,TRUE,0.464491362681942
"decreasing observation effort",8,3,2002,"Solow","earlier_beta_1_2",1,0.4,NA,NA,NA,TRUE,0.599009900904175
"decreasing observation effort",8,3,2002,"Solow","later_beta_2_1",1,0.4,2019,14,14,FALSE,0.379310344752711
"decreasing observation effort",8,3,2002,"Solow","uniform",1,0.5,2019,14,14,FALSE,0.464491362681942
"decreasing observation effort",8,3,2002,"Solow","earlier_beta_1_2",1,0.5,NA,NA,NA,TRUE,0.599009900904175
"decreasing observation effort",8,3,2002,"Solow","later_beta_2_1",1,0.5,2013,8,8,FALSE,0.379310344752711
"decreasing observation effort",8,3,2002,"Solow","uniform",1,0.6,2014,9,9,FALSE,0.464491362681942
"decreasing observation effort",8,3,2002,"Solow","earlier_beta_1_2",1,0.6,2020,15,15,FALSE,0.599009900904175
"decreasing observation effort",8,3,2002,"Solow","later_beta_2_1",1,0.6,2010,5,5,FALSE,0.379310344752711
"decreasing observation effort",8,3,2002,"Effort_fixed_alpha","uniform",0.6,0.5,NA,NA,NA,TRUE,NA
"decreasing observation effort",8,3,2002,"Effort_fixed_alpha","uniform",0.8,0.5,NA,NA,NA,TRUE,NA
"decreasing observation effort",8,3,2002,"Effort_fixed_alpha","uniform",1,0.5,NA,NA,NA,TRUE,NA
"decreasing observation effort",8,3,2002,"Effort_fixed_alpha","uniform",1.2,0.5,NA,NA,NA,TRUE,NA
"decreasing observation effort",8,3,2002,"Effort_fixed_alpha","uniform",1.5,0.5,NA,NA,NA,TRUE,NA
"decreasing observation effort",8,3,2002,"Effort_fixed_alpha","uniform",1.8,0.5,NA,NA,NA,TRUE,NA
"decreasing observation effort",8,3,2002,"Solow_te_median","uniform",1,-1,2007,2,2,FALSE,-1
"decreasing observation effort",8,3,2002,"Solow_te_median","earlier_beta_1_2",1,-1,2005,0,0,FALSE,-1
"decreasing observation effort",8,3,2002,"Solow_te_median","later_beta_2_1",1,-1,2008,3,3,FALSE,-1
"decreasing observation effort",8,3,2002,"Effort_te_median","uniform",0.6,-1,NA,NA,NA,TRUE,-1
"decreasing observation effort",8,3,2002,"Effort_te_median","uniform",1,-1,NA,NA,NA,TRUE,-1
"decreasing observation effort",8,3,2002,"Effort_te_median","uniform",1.5,-1,NA,NA,NA,TRUE,-1
"decreasing observation effort",8,3,2002,"Effort_te_median","uniform",1.8,-1,NA,NA,NA,TRUE,-1
"decreasing observation effort",9,3,2000,"Solow","uniform",1,0.3,NA,NA,NA,TRUE,0.399999999928732
"decreasing observation effort",9,3,2000,"Solow","earlier_beta_1_2",1,0.3,NA,NA,NA,TRUE,0.499999999930804
"decreasing observation effort",9,3,2000,"Solow","later_beta_2_1",1,0.3,NA,NA,NA,TRUE,0.333333333265104
"decreasing observation effort",9,3,2000,"Solow","uniform",1,0.4,2020,15,15,FALSE,0.399999999928732
"decreasing observation effort",9,3,2000,"Solow","earlier_beta_1_2",1,0.4,NA,NA,NA,TRUE,0.499999999930804
"decreasing observation effort",9,3,2000,"Solow","later_beta_2_1",1,0.4,2015,10,10,FALSE,0.333333333265104
"decreasing observation effort",9,3,2000,"Solow","uniform",1,0.5,2015,10,10,FALSE,0.399999999928732
"decreasing observation effort",9,3,2000,"Solow","earlier_beta_1_2",1,0.5,2020,15,15,FALSE,0.499999999930804
"decreasing observation effort",9,3,2000,"Solow","later_beta_2_1",1,0.5,2010,5,5,FALSE,0.333333333265104
"decreasing observation effort",9,3,2000,"Solow","uniform",1,0.6,2011,6,6,FALSE,0.399999999928732
"decreasing observation effort",9,3,2000,"Solow","earlier_beta_1_2",1,0.6,2017,12,12,FALSE,0.499999999930804
"decreasing observation effort",9,3,2000,"Solow","later_beta_2_1",1,0.6,2007,2,2,FALSE,0.333333333265104
"decreasing observation effort",9,3,2000,"Effort_fixed_alpha","uniform",0.6,0.5,NA,NA,NA,TRUE,NA
"decreasing observation effort",9,3,2000,"Effort_fixed_alpha","uniform",0.8,0.5,NA,NA,NA,TRUE,NA
"decreasing observation effort",9,3,2000,"Effort_fixed_alpha","uniform",1,0.5,NA,NA,NA,TRUE,NA
"decreasing observation effort",9,3,2000,"Effort_fixed_alpha","uniform",1.2,0.5,NA,NA,NA,TRUE,NA
"decreasing observation effort",9,3,2000,"Effort_fixed_alpha","uniform",1.5,0.5,NA,NA,NA,TRUE,NA
"decreasing observation effort",9,3,2000,"Effort_fixed_alpha","uniform",1.8,0.5,NA,NA,NA,TRUE,NA
"decreasing observation effort",9,3,2000,"Solow_te_median","uniform",1,-1,2005,0,0,FALSE,-1
"decreasing observation effort",9,3,2000,"Solow_te_median","earlier_beta_1_2",1,-1,2003,-2,2,FALSE,-1
"decreasing observation effort",9,3,2000,"Solow_te_median","later_beta_2_1",1,-1,2007,2,2,FALSE,-1
"decreasing observation effort",9,3,2000,"Effort_te_median","uniform",0.6,-1,NA,NA,NA,TRUE,-1
"decreasing observation effort",9,3,2000,"Effort_te_median","uniform",1,-1,NA,NA,NA,TRUE,-1
"decreasing observation effort",9,3,2000,"Effort_te_median","uniform",1.5,-1,NA,NA,NA,TRUE,-1
"decreasing observation effort",9,3,2000,"Effort_te_median","uniform",1.8,-1,NA,NA,NA,TRUE,-1
"decreasing observation effort",10,3,1994,"Solow","uniform",1,0.3,2014,9,9,FALSE,0.21826330792601
"decreasing observation effort",10,3,1994,"Solow","earlier_beta_1_2",1,0.3,2016,11,11,FALSE,0.224771309738319
"decreasing observation effort",10,3,1994,"Solow","later_beta_2_1",1,0.3,2011,6,6,FALSE,0.212121565311769
"decreasing observation effort",10,3,1994,"Solow","uniform",1,0.4,2008,3,3,FALSE,0.21826330792601
"decreasing observation effort",10,3,1994,"Solow","earlier_beta_1_2",1,0.4,2012,7,7,FALSE,0.224771309738319
"decreasing observation effort",10,3,1994,"Solow","later_beta_2_1",1,0.4,2005,0,0,FALSE,0.212121565311769
"decreasing observation effort",10,3,1994,"Solow","uniform",1,0.5,2005,0,0,FALSE,0.21826330792601
"decreasing observation effort",10,3,1994,"Solow","earlier_beta_1_2",1,0.5,2008,3,3,FALSE,0.224771309738319
"decreasing observation effort",10,3,1994,"Solow","later_beta_2_1",1,0.5,2001,-4,4,FALSE,0.212121565311769
"decreasing observation effort",10,3,1994,"Solow","uniform",1,0.6,2002,-3,3,FALSE,0.21826330792601
"decreasing observation effort",10,3,1994,"Solow","earlier_beta_1_2",1,0.6,2006,1,1,FALSE,0.224771309738319
"decreasing observation effort",10,3,1994,"Solow","later_beta_2_1",1,0.6,1999,-6,6,FALSE,0.212121565311769
"decreasing observation effort",10,3,1994,"Effort_fixed_alpha","uniform",0.6,0.5,NA,NA,NA,TRUE,NA
"decreasing observation effort",10,3,1994,"Effort_fixed_alpha","uniform",0.8,0.5,NA,NA,NA,TRUE,NA
"decreasing observation effort",10,3,1994,"Effort_fixed_alpha","uniform",1,0.5,NA,NA,NA,TRUE,NA
"decreasing observation effort",10,3,1994,"Effort_fixed_alpha","uniform",1.2,0.5,NA,NA,NA,TRUE,NA
"decreasing observation effort",10,3,1994,"Effort_fixed_alpha","uniform",1.5,0.5,NA,NA,NA,TRUE,NA
"decreasing observation effort",10,3,1994,"Effort_fixed_alpha","uniform",1.8,0.5,NA,NA,NA,TRUE,NA
"decreasing observation effort",10,3,1994,"Solow_te_median","uniform",1,-1,1999,-6,6,FALSE,-1
"decreasing observation effort",10,3,1994,"Solow_te_median","earlier_beta_1_2",1,-1,1997,-8,8,FALSE,-1
"decreasing observation effort",10,3,1994,"Solow_te_median","later_beta_2_1",1,-1,2001,-4,4,FALSE,-1
"decreasing observation effort",10,3,1994,"Effort_te_median","uniform",0.6,-1,NA,NA,NA,TRUE,-1
"decreasing observation effort",10,3,1994,"Effort_te_median","uniform",1,-1,NA,NA,NA,TRUE,-1
"decreasing observation effort",10,3,1994,"Effort_te_median","uniform",1.5,-1,NA,NA,NA,TRUE,-1
"decreasing observation effort",10,3,1994,"Effort_te_median","uniform",1.8,-1,NA,NA,NA,TRUE,-1
"decreasing observation effort",11,3,2003,"Solow","uniform",1,0.3,NA,NA,NA,TRUE,0.496946923322228
"decreasing observation effort",11,3,2003,"Solow","earlier_beta_1_2",1,0.3,NA,NA,NA,TRUE,0.646699266373735
"decreasing observation effort",11,3,2003,"Solow","later_beta_2_1",1,0.3,NA,NA,NA,TRUE,0.403508771827442
"decreasing observation effort",11,3,2003,"Solow","uniform",1,0.4,NA,NA,NA,TRUE,0.496946923322228
"decreasing observation effort",11,3,2003,"Solow","earlier_beta_1_2",1,0.4,NA,NA,NA,TRUE,0.646699266373735
"decreasing observation effort",11,3,2003,"Solow","later_beta_2_1",1,0.4,NA,NA,NA,TRUE,0.403508771827442
"decreasing observation effort",11,3,2003,"Solow","uniform",1,0.5,2020,15,15,FALSE,0.496946923322228
"decreasing observation effort",11,3,2003,"Solow","earlier_beta_1_2",1,0.5,NA,NA,NA,TRUE,0.646699266373735
"decreasing observation effort",11,3,2003,"Solow","later_beta_2_1",1,0.5,2015,10,10,FALSE,0.403508771827442
"decreasing observation effort",11,3,2003,"Solow","uniform",1,0.6,2016,11,11,FALSE,0.496946923322228
"decreasing observation effort",11,3,2003,"Solow","earlier_beta_1_2",1,0.6,NA,NA,NA,TRUE,0.646699266373735
"decreasing observation effort",11,3,2003,"Solow","later_beta_2_1",1,0.6,2011,6,6,FALSE,0.403508771827442
"decreasing observation effort",11,3,2003,"Effort_fixed_alpha","uniform",0.6,0.5,NA,NA,NA,TRUE,0.589571390915368
"decreasing observation effort",11,3,2003,"Effort_fixed_alpha","uniform",0.8,0.5,NA,NA,NA,TRUE,0.544741485886448
"decreasing observation effort",11,3,2003,"Effort_fixed_alpha","uniform",1,0.5,2020,15,15,FALSE,0.496946923438234
"decreasing observation effort",11,3,2003,"Effort_fixed_alpha","uniform",1.2,0.5,2018,13,13,FALSE,0.447070248808047
"decreasing observation effort",11,3,2003,"Effort_fixed_alpha","uniform",1.5,0.5,2016,11,11,FALSE,0.370886320979152
"decreasing observation effort",11,3,2003,"Effort_fixed_alpha","uniform",1.8,0.5,2014,9,9,FALSE,0.297003892301891
"decreasing observation effort",11,3,2003,"Solow_te_median","uniform",1,-1,2008,3,3,FALSE,-1
"decreasing observation effort",11,3,2003,"Solow_te_median","earlier_beta_1_2",1,-1,2006,1,1,FALSE,-1
"decreasing observation effort",11,3,2003,"Solow_te_median","later_beta_2_1",1,-1,2009,4,4,FALSE,-1
"decreasing observation effort",11,3,2003,"Effort_te_median","uniform",0.6,-1,2009,4,4,FALSE,-1
"decreasing observation effort",11,3,2003,"Effort_te_median","uniform",1,-1,2008,3,3,FALSE,-1
"decreasing observation effort",11,3,2003,"Effort_te_median","uniform",1.5,-1,2007,2,2,FALSE,-1
"decreasing observation effort",11,3,2003,"Effort_te_median","uniform",1.8,-1,2006,1,1,FALSE,-1
"decreasing observation effort",12,3,2004,"Solow","uniform",1,0.3,NA,NA,NA,TRUE,0.529411764584833
"decreasing observation effort",12,3,2004,"Solow","earlier_beta_1_2",1,0.3,NA,NA,NA,TRUE,0.692307692166604
"decreasing observation effort",12,3,2004,"Solow","later_beta_2_1",1,0.3,NA,NA,NA,TRUE,0.428571428466842
"decreasing observation effort",12,3,2004,"Solow","uniform",1,0.4,NA,NA,NA,TRUE,0.529411764584833
"decreasing observation effort",12,3,2004,"Solow","earlier_beta_1_2",1,0.4,NA,NA,NA,TRUE,0.692307692166604
"decreasing observation effort",12,3,2004,"Solow","later_beta_2_1",1,0.4,NA,NA,NA,TRUE,0.428571428466842
"decreasing observation effort",12,3,2004,"Solow","uniform",1,0.5,NA,NA,NA,TRUE,0.529411764584833
"decreasing observation effort",12,3,2004,"Solow","earlier_beta_1_2",1,0.5,NA,NA,NA,TRUE,0.692307692166604
"decreasing observation effort",12,3,2004,"Solow","later_beta_2_1",1,0.5,2016,11,11,FALSE,0.428571428466842
"decreasing observation effort",12,3,2004,"Solow","uniform",1,0.6,2017,12,12,FALSE,0.529411764584833
"decreasing observation effort",12,3,2004,"Solow","earlier_beta_1_2",1,0.6,NA,NA,NA,TRUE,0.692307692166604
"decreasing observation effort",12,3,2004,"Solow","later_beta_2_1",1,0.6,2013,8,8,FALSE,0.428571428466842
"decreasing observation effort",12,3,2004,"Effort_fixed_alpha","uniform",0.6,0.5,NA,NA,NA,TRUE,0.613120431238957
"decreasing observation effort",12,3,2004,"Effort_fixed_alpha","uniform",0.8,0.5,NA,NA,NA,TRUE,0.572713005133088
"decreasing observation effort",12,3,2004,"Effort_fixed_alpha","uniform",1,0.5,NA,NA,NA,TRUE,0.529411764705882
"decreasing observation effort",12,3,2004,"Effort_fixed_alpha","uniform",1.2,0.5,2020,15,15,FALSE,0.483807144746627
"decreasing observation effort",12,3,2004,"Effort_fixed_alpha","uniform",1.5,0.5,2017,12,12,FALSE,0.412890383431787
"decreasing observation effort",12,3,2004,"Effort_fixed_alpha","uniform",1.8,0.5,2016,11,11,FALSE,0.342005172296748
"decreasing observation effort",12,3,2004,"Solow_te_median","uniform",1,-1,2009,4,4,FALSE,-1
"decreasing observation effort",12,3,2004,"Solow_te_median","earlier_beta_1_2",1,-1,2007,2,2,FALSE,-1
"decreasing observation effort",12,3,2004,"Solow_te_median","later_beta_2_1",1,-1,2010,5,5,FALSE,-1
"decreasing observation effort",12,3,2004,"Effort_te_median","uniform",0.6,-1,2010,5,5,FALSE,-1
"decreasing observation effort",12,3,2004,"Effort_te_median","uniform",1,-1,2009,4,4,FALSE,-1
"decreasing observation effort",12,3,2004,"Effort_te_median","uniform",1.5,-1,2008,3,3,FALSE,-1
"decreasing observation effort",12,3,2004,"Effort_te_median","uniform",1.8,-1,2007,2,2,FALSE,-1
"decreasing observation effort",13,2,2002,"Solow","uniform",1,0.3,NA,NA,NA,TRUE,0.549999999909738
"decreasing observation effort",13,2,2002,"Solow","earlier_beta_1_2",1,0.3,NA,NA,NA,TRUE,0.694112024991642
"decreasing observation effort",13,2,2002,"Solow","later_beta_2_1",1,0.3,NA,NA,NA,TRUE,0.455441016813172
"decreasing observation effort",13,2,2002,"Solow","uniform",1,0.4,NA,NA,NA,TRUE,0.549999999909738
"decreasing observation effort",13,2,2002,"Solow","earlier_beta_1_2",1,0.4,NA,NA,NA,TRUE,0.694112024991642
"decreasing observation effort",13,2,2002,"Solow","later_beta_2_1",1,0.4,NA,NA,NA,TRUE,0.455441016813172
"decreasing observation effort",13,2,2002,"Solow","uniform",1,0.5,NA,NA,NA,TRUE,0.549999999909738
"decreasing observation effort",13,2,2002,"Solow","earlier_beta_1_2",1,0.5,NA,NA,NA,TRUE,0.694112024991642
"decreasing observation effort",13,2,2002,"Solow","later_beta_2_1",1,0.5,2017,12,12,FALSE,0.455441016813172
"decreasing observation effort",13,2,2002,"Solow","uniform",1,0.6,2017,12,12,FALSE,0.549999999909738
"decreasing observation effort",13,2,2002,"Solow","earlier_beta_1_2",1,0.6,NA,NA,NA,TRUE,0.694112024991642
"decreasing observation effort",13,2,2002,"Solow","later_beta_2_1",1,0.6,2011,6,6,FALSE,0.455441016813172
"decreasing observation effort",13,2,2002,"Effort_fixed_alpha","uniform",0.6,0.5,NA,NA,NA,TRUE,0.611603583987549
"decreasing observation effort",13,2,2002,"Effort_fixed_alpha","uniform",0.8,0.5,NA,NA,NA,TRUE,0.581693835085435
"decreasing observation effort",13,2,2002,"Effort_fixed_alpha","uniform",1,0.5,NA,NA,NA,TRUE,0.55
"decreasing observation effort",13,2,2002,"Effort_fixed_alpha","uniform",1.2,0.5,NA,NA,NA,TRUE,0.516726593641732
"decreasing observation effort",13,2,2002,"Effort_fixed_alpha","uniform",1.5,0.5,2019,14,14,FALSE,0.464491362763916
"decreasing observation effort",13,2,2002,"Effort_fixed_alpha","uniform",1.8,0.5,2017,12,12,FALSE,0.410604090132145
"decreasing observation effort",13,2,2002,"Solow_te_median","uniform",1,-1,2008,3,3,FALSE,-1
"decreasing observation effort",13,2,2002,"Solow_te_median","earlier_beta_1_2",1,-1,2006,1,1,FALSE,-1
"decreasing observation effort",13,2,2002,"Solow_te_median","later_beta_2_1",1,-1,2010,5,5,FALSE,-1
"decreasing observation effort",13,2,2002,"Effort_te_median","uniform",0.6,-1,2009,4,4,FALSE,-1
"decreasing observation effort",13,2,2002,"Effort_te_median","uniform",1,-1,2008,3,3,FALSE,-1
"decreasing observation effort",13,2,2002,"Effort_te_median","uniform",1.5,-1,2007,2,2,FALSE,-1
"decreasing observation effort",13,2,2002,"Effort_te_median","uniform",1.8,-1,2007,2,2,FALSE,-1
"decreasing observation effort",14,3,1998,"Solow","uniform",1,0.3,NA,NA,NA,TRUE,0.336798336542671
"decreasing observation effort",14,3,1998,"Solow","earlier_beta_1_2",1,0.3,NA,NA,NA,TRUE,0.40099009861067
"decreasing observation effort",14,3,1998,"Solow","later_beta_2_1",1,0.3,2019,14,14,FALSE,0.290322580474489
"decreasing observation effort",14,3,1998,"Solow","uniform",1,0.4,2016,11,11,FALSE,0.336798336542671
"decreasing observation effort",14,3,1998,"Solow","earlier_beta_1_2",1,0.4,NA,NA,NA,TRUE,0.40099009861067
"decreasing observation effort",14,3,1998,"Solow","later_beta_2_1",1,0.4,2012,7,7,FALSE,0.290322580474489
"decreasing observation effort",14,3,1998,"Solow","uniform",1,0.5,2012,7,7,FALSE,0.336798336542671
"decreasing observation effort",14,3,1998,"Solow","earlier_beta_1_2",1,0.5,2016,11,11,FALSE,0.40099009861067
"decreasing observation effort",14,3,1998,"Solow","later_beta_2_1",1,0.5,2007,2,2,FALSE,0.290322580474489
"decreasing observation effort",14,3,1998,"Solow","uniform",1,0.6,2008,3,3,FALSE,0.336798336542671
"decreasing observation effort",14,3,1998,"Solow","earlier_beta_1_2",1,0.6,2013,8,8,FALSE,0.40099009861067
"decreasing observation effort",14,3,1998,"Solow","later_beta_2_1",1,0.6,2005,0,0,FALSE,0.290322580474489
"decreasing observation effort",14,3,1998,"Effort_fixed_alpha","uniform",0.6,0.5,2018,13,13,FALSE,0.472194215098452
"decreasing observation effort",14,3,1998,"Effort_fixed_alpha","uniform",0.8,0.5,2014,9,9,FALSE,0.404804717809103
"decreasing observation effort",14,3,1998,"Effort_fixed_alpha","uniform",1,0.5,2012,7,7,FALSE,0.336798336798337
"decreasing observation effort",14,3,1998,"Effort_fixed_alpha","uniform",1.2,0.5,2010,5,5,FALSE,0.271583814768941
"decreasing observation effort",14,3,1998,"Effort_fixed_alpha","uniform",1.5,0.5,2008,3,3,FALSE,0.18558798712724
"decreasing observation effort",14,3,1998,"Effort_fixed_alpha","uniform",1.8,0.5,2007,2,2,FALSE,0.119036919920868
"decreasing observation effort",14,3,1998,"Solow_te_median","uniform",1,-1,2003,-2,2,FALSE,-1
"decreasing observation effort",14,3,1998,"Solow_te_median","earlier_beta_1_2",1,-1,2001,-4,4,FALSE,-1
"decreasing observation effort",14,3,1998,"Solow_te_median","later_beta_2_1",1,-1,2005,0,0,FALSE,-1
"decreasing observation effort",14,3,1998,"Effort_te_median","uniform",0.6,-1,2005,0,0,FALSE,-1
"decreasing observation effort",14,3,1998,"Effort_te_median","uniform",1,-1,2003,-2,2,FALSE,-1
"decreasing observation effort",14,3,1998,"Effort_te_median","uniform",1.5,-1,2002,-3,3,FALSE,-1
"decreasing observation effort",14,3,1998,"Effort_te_median","uniform",1.8,-1,2001,-4,4,FALSE,-1
"decreasing observation effort",15,3,1997,"Solow","uniform",1,0.3,NA,NA,NA,TRUE,0.305982000993917
"decreasing observation effort",15,3,1997,"Solow","earlier_beta_1_2",1,0.3,NA,NA,NA,TRUE,0.353300733442194
"decreasing observation effort",15,3,1997,"Solow","later_beta_2_1",1,0.3,2017,12,12,FALSE,0.26984126977199
"decreasing observation effort",15,3,1997,"Solow","uniform",1,0.4,2014,9,9,FALSE,0.305982000993917
"decreasing observation effort",15,3,1997,"Solow","earlier_beta_1_2",1,0.4,2018,13,13,FALSE,0.353300733442194
"decreasing observation effort",15,3,1997,"Solow","later_beta_2_1",1,0.4,2010,5,5,FALSE,0.26984126977199
"decreasing observation effort",15,3,1997,"Solow","uniform",1,0.5,2010,5,5,FALSE,0.305982000993917
"decreasing observation effort",15,3,1997,"Solow","earlier_beta_1_2",1,0.5,2014,9,9,FALSE,0.353300733442194
"decreasing observation effort",15,3,1997,"Solow","later_beta_2_1",1,0.5,2006,1,1,FALSE,0.26984126977199
"decreasing observation effort",15,3,1997,"Solow","uniform",1,0.6,2006,1,1,FALSE,0.305982000993917
"decreasing observation effort",15,3,1997,"Solow","earlier_beta_1_2",1,0.6,2011,6,6,FALSE,0.353300733442194
"decreasing observation effort",15,3,1997,"Solow","later_beta_2_1",1,0.6,2003,-2,2,FALSE,0.26984126977199
"decreasing observation effort",15,3,1997,"Effort_fixed_alpha","uniform",0.6,0.5,2016,11,11,FALSE,0.448720902124142
"decreasing observation effort",15,3,1997,"Effort_fixed_alpha","uniform",0.8,0.5,2012,7,7,FALSE,0.377027209530419
"decreasing observation effort",15,3,1997,"Effort_fixed_alpha","uniform",1,0.5,2010,5,5,FALSE,0.305982001058761
"decreasing observation effort",15,3,1997,"Effort_fixed_alpha","uniform",1.2,0.5,2008,3,3,FALSE,0.239609205137134
"decreasing observation effort",15,3,1997,"Effort_fixed_alpha","uniform",1.5,0.5,2007,2,2,FALSE,0.155680166482299
"decreasing observation effort",15,3,1997,"Effort_fixed_alpha","uniform",1.8,0.5,2005,0,0,FALSE,0.0945002514473329
"decreasing observation effort",15,3,1997,"Solow_te_median","uniform",1,-1,2002,-3,3,FALSE,-1
"decreasing observation effort",15,3,1997,"Solow_te_median","earlier_beta_1_2",1,-1,2000,-5,5,FALSE,-1
"decreasing observation effort",15,3,1997,"Solow_te_median","later_beta_2_1",1,-1,2004,-1,1,FALSE,-1
"decreasing observation effort",15,3,1997,"Effort_te_median","uniform",0.6,-1,2004,-1,1,FALSE,-1
"decreasing observation effort",15,3,1997,"Effort_te_median","uniform",1,-1,2002,-3,3,FALSE,-1
"decreasing observation effort",15,3,1997,"Effort_te_median","uniform",1.5,-1,2000,-5,5,FALSE,-1
"decreasing observation effort",15,3,1997,"Effort_te_median","uniform",1.8,-1,2000,-5,5,FALSE,-1
"decreasing observation effort",16,2,1988,"Solow","uniform",1,0.3,2007,2,2,FALSE,0.199999999850068
"decreasing observation effort",16,2,1988,"Solow","earlier_beta_1_2",1,0.3,2008,3,3,FALSE,0.172976737624608
"decreasing observation effort",16,2,1988,"Solow","later_beta_2_1",1,0.3,2006,1,1,FALSE,0.237029967284965
"decreasing observation effort",16,2,1988,"Solow","uniform",1,0.4,2000,-5,5,FALSE,0.199999999850068
"decreasing observation effort",16,2,1988,"Solow","earlier_beta_1_2",1,0.4,2003,-2,2,FALSE,0.172976737624608
"decreasing observation effort",16,2,1988,"Solow","later_beta_2_1",1,0.4,1997,-8,8,FALSE,0.237029967284965
"decreasing observation effort",16,2,1988,"Solow","uniform",1,0.5,1997,-8,8,FALSE,0.199999999850068
"decreasing observation effort",16,2,1988,"Solow","earlier_beta_1_2",1,0.5,1999,-6,6,FALSE,0.172976737624608
"decreasing observation effort",16,2,1988,"Solow","later_beta_2_1",1,0.5,1994,-11,11,FALSE,0.237029967284965
"decreasing observation effort",16,2,1988,"Solow","uniform",1,0.6,1994,-11,11,FALSE,0.199999999850068
"decreasing observation effort",16,2,1988,"Solow","earlier_beta_1_2",1,0.6,1997,-8,8,FALSE,0.172976737624608
"decreasing observation effort",16,2,1988,"Solow","later_beta_2_1",1,0.6,1992,-13,13,FALSE,0.237029967284965
"decreasing observation effort",16,2,1988,"Effort_fixed_alpha","uniform",0.6,0.5,2000,-5,5,FALSE,0.344988385613904
"decreasing observation effort",16,2,1988,"Effort_fixed_alpha","uniform",0.8,0.5,1998,-7,7,FALSE,0.269477883372163
"decreasing observation effort",16,2,1988,"Effort_fixed_alpha","uniform",1,0.5,1996,-9,9,FALSE,0.199999999999996
"decreasing observation effort",16,2,1988,"Effort_fixed_alpha","uniform",1.2,0.5,1995,-10,10,FALSE,0.141153653132281
"decreasing observation effort",16,2,1988,"Effort_fixed_alpha","uniform",1.5,0.5,1994,-11,11,FALSE,0.0769230769230564
"decreasing observation effort",16,2,1988,"Effort_fixed_alpha","uniform",1.8,0.5,1994,-11,11,FALSE,0.0386541257182589
"decreasing observation effort",16,2,1988,"Solow_te_median","uniform",1,-1,1993,-12,12,FALSE,-1
"decreasing observation effort",16,2,1988,"Solow_te_median","earlier_beta_1_2",1,-1,1992,-13,13,FALSE,-1
"decreasing observation effort",16,2,1988,"Solow_te_median","later_beta_2_1",1,-1,1998,-7,7,FALSE,-1
"decreasing observation effort",16,2,1988,"Effort_te_median","uniform",0.6,-1,1997,-8,8,FALSE,-1
"decreasing observation effort",16,2,1988,"Effort_te_median","uniform",1,-1,1993,-12,12,FALSE,-1
"decreasing observation effort",16,2,1988,"Effort_te_median","uniform",1.5,-1,1991,-14,14,FALSE,-1
"decreasing observation effort",16,2,1988,"Effort_te_median","uniform",1.8,-1,1990,-15,15,FALSE,-1
"decreasing observation effort",17,2,2002,"Solow","uniform",1,0.3,NA,NA,NA,TRUE,0.549999999909738
"decreasing observation effort",17,2,2002,"Solow","earlier_beta_1_2",1,0.3,NA,NA,NA,TRUE,0.694112024991642
"decreasing observation effort",17,2,2002,"Solow","later_beta_2_1",1,0.3,NA,NA,NA,TRUE,0.455441016813172
"decreasing observation effort",17,2,2002,"Solow","uniform",1,0.4,NA,NA,NA,TRUE,0.549999999909738
"decreasing observation effort",17,2,2002,"Solow","earlier_beta_1_2",1,0.4,NA,NA,NA,TRUE,0.694112024991642
"decreasing observation effort",17,2,2002,"Solow","later_beta_2_1",1,0.4,NA,NA,NA,TRUE,0.455441016813172
"decreasing observation effort",17,2,2002,"Solow","uniform",1,0.5,NA,NA,NA,TRUE,0.549999999909738
"decreasing observation effort",17,2,2002,"Solow","earlier_beta_1_2",1,0.5,NA,NA,NA,TRUE,0.694112024991642
"decreasing observation effort",17,2,2002,"Solow","later_beta_2_1",1,0.5,2017,12,12,FALSE,0.455441016813172
"decreasing observation effort",17,2,2002,"Solow","uniform",1,0.6,2017,12,12,FALSE,0.549999999909738
"decreasing observation effort",17,2,2002,"Solow","earlier_beta_1_2",1,0.6,NA,NA,NA,TRUE,0.694112024991642
"decreasing observation effort",17,2,2002,"Solow","later_beta_2_1",1,0.6,2011,6,6,FALSE,0.455441016813172
"decreasing observation effort",17,2,2002,"Effort_fixed_alpha","uniform",0.6,0.5,NA,NA,NA,TRUE,0.611603583987549
"decreasing observation effort",17,2,2002,"Effort_fixed_alpha","uniform",0.8,0.5,NA,NA,NA,TRUE,0.581693835085435
"decreasing observation effort",17,2,2002,"Effort_fixed_alpha","uniform",1,0.5,NA,NA,NA,TRUE,0.55
"decreasing observation effort",17,2,2002,"Effort_fixed_alpha","uniform",1.2,0.5,NA,NA,NA,TRUE,0.516726593641732
"decreasing observation effort",17,2,2002,"Effort_fixed_alpha","uniform",1.5,0.5,2019,14,14,FALSE,0.464491362763916
"decreasing observation effort",17,2,2002,"Effort_fixed_alpha","uniform",1.8,0.5,2017,12,12,FALSE,0.410604090132145
"decreasing observation effort",17,2,2002,"Solow_te_median","uniform",1,-1,2008,3,3,FALSE,-1
"decreasing observation effort",17,2,2002,"Solow_te_median","earlier_beta_1_2",1,-1,2006,1,1,FALSE,-1
"decreasing observation effort",17,2,2002,"Solow_te_median","later_beta_2_1",1,-1,2010,5,5,FALSE,-1
"decreasing observation effort",17,2,2002,"Effort_te_median","uniform",0.6,-1,2009,4,4,FALSE,-1
"decreasing observation effort",17,2,2002,"Effort_te_median","uniform",1,-1,2008,3,3,FALSE,-1
"decreasing observation effort",17,2,2002,"Effort_te_median","uniform",1.5,-1,2007,2,2,FALSE,-1
"decreasing observation effort",17,2,2002,"Effort_te_median","uniform",1.8,-1,2007,2,2,FALSE,-1
"decreasing observation effort",18,3,2001,"Solow","uniform",1,0.3,NA,NA,NA,TRUE,0.432141107079679
"decreasing observation effort",18,3,2001,"Solow","earlier_beta_1_2",1,0.3,NA,NA,NA,TRUE,0.549875311555505
"decreasing observation effort",18,3,2001,"Solow","later_beta_2_1",1,0.3,NA,NA,NA,TRUE,0.35593220315965
"decreasing observation effort",18,3,2001,"Solow","uniform",1,0.4,NA,NA,NA,TRUE,0.432141107079679
"decreasing observation effort",18,3,2001,"Solow","earlier_beta_1_2",1,0.4,NA,NA,NA,TRUE,0.549875311555505
"decreasing observation effort",18,3,2001,"Solow","later_beta_2_1",1,0.4,2017,12,12,FALSE,0.35593220315965
"decreasing observation effort",18,3,2001,"Solow","uniform",1,0.5,2017,12,12,FALSE,0.432141107079679
"decreasing observation effort",18,3,2001,"Solow","earlier_beta_1_2",1,0.5,NA,NA,NA,TRUE,0.549875311555505
"decreasing observation effort",18,3,2001,"Solow","later_beta_2_1",1,0.5,2012,7,7,FALSE,0.35593220315965
"decreasing observation effort",18,3,2001,"Solow","uniform",1,0.6,2013,8,8,FALSE,0.432141107079679
"decreasing observation effort",18,3,2001,"Solow","earlier_beta_1_2",1,0.6,2019,14,14,FALSE,0.549875311555505
"decreasing observation effort",18,3,2001,"Solow","later_beta_2_1",1,0.6,2009,4,4,FALSE,0.35593220315965
"decreasing observation effort",18,3,2001,"Effort_fixed_alpha","uniform",0.6,0.5,NA,NA,NA,TRUE,0.542574667644653
"decreasing observation effort",18,3,2001,"Effort_fixed_alpha","uniform",0.8,0.5,2020,15,15,FALSE,0.48869486998688
"decreasing observation effort",18,3,2001,"Effort_fixed_alpha","uniform",1,0.5,2017,12,12,FALSE,0.432141107300343
"decreasing observation effort",18,3,2001,"Effort_fixed_alpha","uniform",1.2,0.5,2015,10,10,FALSE,0.374610197011166
"decreasing observation effort",18,3,2001,"Effort_fixed_alpha","uniform",1.5,0.5,2013,8,8,FALSE,0.290753864056959
"decreasing observation effort",18,3,2001,"Effort_fixed_alpha","uniform",1.8,0.5,2011,6,6,FALSE,0.21533466077421
"decreasing observation effort",18,3,2001,"Solow_te_median","uniform",1,-1,2006,1,1,FALSE,-1
"decreasing observation effort",18,3,2001,"Solow_te_median","earlier_beta_1_2",1,-1,2004,-1,1,FALSE,-1
"decreasing observation effort",18,3,2001,"Solow_te_median","later_beta_2_1",1,-1,2008,3,3,FALSE,-1
"decreasing observation effort",18,3,2001,"Effort_te_median","uniform",0.6,-1,2008,3,3,FALSE,-1
"decreasing observation effort",18,3,2001,"Effort_te_median","uniform",1,-1,2006,1,1,FALSE,-1
"decreasing observation effort",18,3,2001,"Effort_te_median","uniform",1.5,-1,2005,0,0,FALSE,-1
"decreasing observation effort",18,3,2001,"Effort_te_median","uniform",1.8,-1,2004,-1,1,FALSE,-1
"decreasing observation effort",19,3,1992,"Solow","uniform",1,0.3,2009,4,4,FALSE,0.165137614528887
"decreasing observation effort",19,3,1992,"Solow","earlier_beta_1_2",1,0.3,2011,6,6,FALSE,0.155172413657288
"decreasing observation effort",19,3,1992,"Solow","later_beta_2_1",1,0.3,2006,1,1,FALSE,0.176470588068334
"decreasing observation effort",19,3,1992,"Solow","uniform",1,0.4,2004,-1,1,FALSE,0.165137614528887
"decreasing observation effort",19,3,1992,"Solow","earlier_beta_1_2",1,0.4,2007,2,2,FALSE,0.155172413657288
"decreasing observation effort",19,3,1992,"Solow","later_beta_2_1",1,0.4,2001,-4,4,FALSE,0.176470588068334
"decreasing observation effort",19,3,1992,"Solow","uniform",1,0.5,2001,-4,4,FALSE,0.165137614528887
"decreasing observation effort",19,3,1992,"Solow","earlier_beta_1_2",1,0.5,2004,-1,1,FALSE,0.155172413657288
"decreasing observation effort",19,3,1992,"Solow","later_beta_2_1",1,0.5,1998,-7,7,FALSE,0.176470588068334
"decreasing observation effort",19,3,1992,"Solow","uniform",1,0.6,1999,-6,6,FALSE,0.165137614528887
"decreasing observation effort",19,3,1992,"Solow","earlier_beta_1_2",1,0.6,2002,-3,3,FALSE,0.155172413657288
"decreasing observation effort",19,3,1992,"Solow","later_beta_2_1",1,0.6,1997,-8,8,FALSE,0.176470588068334
"decreasing observation effort",19,3,1992,"Effort_fixed_alpha","uniform",0.6,0.5,2006,1,1,FALSE,0.330577107399992
"decreasing observation effort",19,3,1992,"Effort_fixed_alpha","uniform",0.8,0.5,2003,-2,2,FALSE,0.241567485478544
"decreasing observation effort",19,3,1992,"Effort_fixed_alpha","uniform",1,0.5,2001,-4,4,FALSE,0.165137614678899
"decreasing observation effort",19,3,1992,"Effort_fixed_alpha","uniform",1.2,0.5,2000,-5,5,FALSE,0.106202586486446
"decreasing observation effort",19,3,1992,"Effort_fixed_alpha","uniform",1.5,0.5,1999,-6,6,FALSE,0.0499143834070577
"decreasing observation effort",19,3,1992,"Effort_fixed_alpha","uniform",1.8,0.5,1998,-7,7,FALSE,0.0216500630446232
"decreasing observation effort",19,3,1992,"Solow_te_median","uniform",1,-1,1996,-9,9,FALSE,-1
"decreasing observation effort",19,3,1992,"Solow_te_median","earlier_beta_1_2",1,-1,1995,-10,10,FALSE,-1
"decreasing observation effort",19,3,1992,"Solow_te_median","later_beta_2_1",1,-1,1998,-7,7,FALSE,-1
"decreasing observation effort",19,3,1992,"Effort_te_median","uniform",0.6,-1,1999,-6,6,FALSE,-1
"decreasing observation effort",19,3,1992,"Effort_te_median","uniform",1,-1,1996,-9,9,FALSE,-1
"decreasing observation effort",19,3,1992,"Effort_te_median","uniform",1.5,-1,1995,-10,10,FALSE,-1
"decreasing observation effort",19,3,1992,"Effort_te_median","uniform",1.8,-1,1994,-11,11,FALSE,-1
"decreasing observation effort",20,3,2003,"Solow","uniform",1,0.3,NA,NA,NA,TRUE,0.496946923322228
"decreasing observation effort",20,3,2003,"Solow","earlier_beta_1_2",1,0.3,NA,NA,NA,TRUE,0.646699266373735
"decreasing observation effort",20,3,2003,"Solow","later_beta_2_1",1,0.3,NA,NA,NA,TRUE,0.403508771827442
"decreasing observation effort",20,3,2003,"Solow","uniform",1,0.4,NA,NA,NA,TRUE,0.496946923322228
"decreasing observation effort",20,3,2003,"Solow","earlier_beta_1_2",1,0.4,NA,NA,NA,TRUE,0.646699266373735
"decreasing observation effort",20,3,2003,"Solow","later_beta_2_1",1,0.4,NA,NA,NA,TRUE,0.403508771827442
"decreasing observation effort",20,3,2003,"Solow","uniform",1,0.5,2020,15,15,FALSE,0.496946923322228
"decreasing observation effort",20,3,2003,"Solow","earlier_beta_1_2",1,0.5,NA,NA,NA,TRUE,0.646699266373735
"decreasing observation effort",20,3,2003,"Solow","later_beta_2_1",1,0.5,2015,10,10,FALSE,0.403508771827442
"decreasing observation effort",20,3,2003,"Solow","uniform",1,0.6,2016,11,11,FALSE,0.496946923322228
"decreasing observation effort",20,3,2003,"Solow","earlier_beta_1_2",1,0.6,NA,NA,NA,TRUE,0.646699266373735
"decreasing observation effort",20,3,2003,"Solow","later_beta_2_1",1,0.6,2011,6,6,FALSE,0.403508771827442
"decreasing observation effort",20,3,2003,"Effort_fixed_alpha","uniform",0.6,0.5,NA,NA,NA,TRUE,NA
"decreasing observation effort",20,3,2003,"Effort_fixed_alpha","uniform",0.8,0.5,NA,NA,NA,TRUE,NA
"decreasing observation effort",20,3,2003,"Effort_fixed_alpha","uniform",1,0.5,NA,NA,NA,TRUE,NA
"decreasing observation effort",20,3,2003,"Effort_fixed_alpha","uniform",1.2,0.5,NA,NA,NA,TRUE,NA
"decreasing observation effort",20,3,2003,"Effort_fixed_alpha","uniform",1.5,0.5,NA,NA,NA,TRUE,NA
"decreasing observation effort",20,3,2003,"Effort_fixed_alpha","uniform",1.8,0.5,NA,NA,NA,TRUE,NA
"decreasing observation effort",20,3,2003,"Solow_te_median","uniform",1,-1,2008,3,3,FALSE,-1
"decreasing observation effort",20,3,2003,"Solow_te_median","earlier_beta_1_2",1,-1,2006,1,1,FALSE,-1
"decreasing observation effort",20,3,2003,"Solow_te_median","later_beta_2_1",1,-1,2009,4,4,FALSE,-1
"decreasing observation effort",20,3,2003,"Effort_te_median","uniform",0.6,-1,NA,NA,NA,TRUE,-1
"decreasing observation effort",20,3,2003,"Effort_te_median","uniform",1,-1,NA,NA,NA,TRUE,-1
"decreasing observation effort",20,3,2003,"Effort_te_median","uniform",1.5,-1,NA,NA,NA,TRUE,-1
"decreasing observation effort",20,3,2003,"Effort_te_median","uniform",1.8,-1,NA,NA,NA,TRUE,-1
"decreasing observation effort",21,3,1993,"Solow","uniform",1,0.3,2011,6,6,FALSE,0.191068400111455
"decreasing observation effort",21,3,1993,"Solow","earlier_beta_1_2",1,0.3,2013,8,8,FALSE,0.188195990979465
"decreasing observation effort",21,3,1993,"Solow","later_beta_2_1",1,0.3,2009,4,4,FALSE,0.194029850628672
"decreasing observation effort",21,3,1993,"Solow","uniform",1,0.4,2006,1,1,FALSE,0.191068400111455
"decreasing observation effort",21,3,1993,"Solow","earlier_beta_1_2",1,0.4,2009,4,4,FALSE,0.188195990979465
"decreasing observation effort",21,3,1993,"Solow","later_beta_2_1",1,0.4,2003,-2,2,FALSE,0.194029850628672
"decreasing observation effort",21,3,1993,"Solow","uniform",1,0.5,2003,-2,2,FALSE,0.191068400111455
"decreasing observation effort",21,3,1993,"Solow","earlier_beta_1_2",1,0.5,2006,1,1,FALSE,0.188195990979465
"decreasing observation effort",21,3,1993,"Solow","later_beta_2_1",1,0.5,2000,-5,5,FALSE,0.194029850628672
"decreasing observation effort",21,3,1993,"Solow","uniform",1,0.6,2000,-5,5,FALSE,0.191068400111455
"decreasing observation effort",21,3,1993,"Solow","earlier_beta_1_2",1,0.6,2004,-1,1,FALSE,0.188195990979465
"decreasing observation effort",21,3,1993,"Solow","later_beta_2_1",1,0.6,1998,-7,7,FALSE,0.194029850628672
"decreasing observation effort",21,3,1993,"Effort_fixed_alpha","uniform",0.6,0.5,NA,NA,NA,TRUE,NA
"decreasing observation effort",21,3,1993,"Effort_fixed_alpha","uniform",0.8,0.5,NA,NA,NA,TRUE,NA
"decreasing observation effort",21,3,1993,"Effort_fixed_alpha","uniform",1,0.5,NA,NA,NA,TRUE,NA
"decreasing observation effort",21,3,1993,"Effort_fixed_alpha","uniform",1.2,0.5,NA,NA,NA,TRUE,NA
"decreasing observation effort",21,3,1993,"Effort_fixed_alpha","uniform",1.5,0.5,NA,NA,NA,TRUE,NA
"decreasing observation effort",21,3,1993,"Effort_fixed_alpha","uniform",1.8,0.5,NA,NA,NA,TRUE,NA
"decreasing observation effort",21,3,1993,"Solow_te_median","uniform",1,-1,1997,-8,8,FALSE,-1
"decreasing observation effort",21,3,1993,"Solow_te_median","earlier_beta_1_2",1,-1,1996,-9,9,FALSE,-1
"decreasing observation effort",21,3,1993,"Solow_te_median","later_beta_2_1",1,-1,2000,-5,5,FALSE,-1
"decreasing observation effort",21,3,1993,"Effort_te_median","uniform",0.6,-1,NA,NA,NA,TRUE,-1
"decreasing observation effort",21,3,1993,"Effort_te_median","uniform",1,-1,NA,NA,NA,TRUE,-1
"decreasing observation effort",21,3,1993,"Effort_te_median","uniform",1.5,-1,NA,NA,NA,TRUE,-1
"decreasing observation effort",21,3,1993,"Effort_te_median","uniform",1.8,-1,NA,NA,NA,TRUE,-1
"decreasing observation effort",22,2,2004,"Solow","uniform",1,0.3,NA,NA,NA,TRUE,0.599999999454316
"decreasing observation effort",22,2,2004,"Solow","earlier_beta_1_2",1,0.3,NA,NA,NA,TRUE,0.762379855897058
"decreasing observation effort",22,2,2004,"Solow","later_beta_2_1",1,0.3,NA,NA,NA,TRUE,0.494645157026624
"decreasing observation effort",22,2,2004,"Solow","uniform",1,0.4,NA,NA,NA,TRUE,0.599999999454316
"decreasing observation effort",22,2,2004,"Solow","earlier_beta_1_2",1,0.4,NA,NA,NA,TRUE,0.762379855897058
"decreasing observation effort",22,2,2004,"Solow","later_beta_2_1",1,0.4,NA,NA,NA,TRUE,0.494645157026624
"decreasing observation effort",22,2,2004,"Solow","uniform",1,0.5,NA,NA,NA,TRUE,0.599999999454316
"decreasing observation effort",22,2,2004,"Solow","earlier_beta_1_2",1,0.5,NA,NA,NA,TRUE,0.762379855897058
"decreasing observation effort",22,2,2004,"Solow","later_beta_2_1",1,0.5,2020,15,15,FALSE,0.494645157026624
"decreasing observation effort",22,2,2004,"Solow","uniform",1,0.6,2020,15,15,FALSE,0.599999999454316
"decreasing observation effort",22,2,2004,"Solow","earlier_beta_1_2",1,0.6,NA,NA,NA,TRUE,0.762379855897058
"decreasing observation effort",22,2,2004,"Solow","later_beta_2_1",1,0.6,2014,9,9,FALSE,0.494645157026624
"decreasing observation effort",22,2,2004,"Effort_fixed_alpha","uniform",0.6,0.5,NA,NA,NA,TRUE,0.650266208869757
"decreasing observation effort",22,2,2004,"Effort_fixed_alpha","uniform",0.8,0.5,NA,NA,NA,TRUE,0.625876760322535
"decreasing observation effort",22,2,2004,"Effort_fixed_alpha","uniform",1,0.5,NA,NA,NA,TRUE,0.6
"decreasing observation effort",22,2,2004,"Effort_fixed_alpha","uniform",1.2,0.5,NA,NA,NA,TRUE,0.572713005133088
"decreasing observation effort",22,2,2004,"Effort_fixed_alpha","uniform",1.5,0.5,NA,NA,NA,TRUE,0.529411764705882
"decreasing observation effort",22,2,2004,"Effort_fixed_alpha","uniform",1.8,0.5,2020,15,15,FALSE,0.483807144746627
"decreasing observation effort",22,2,2004,"Solow_te_median","uniform",1,-1,2010,5,5,FALSE,-1
"decreasing observation effort",22,2,2004,"Solow_te_median","earlier_beta_1_2",1,-1,2008,3,3,FALSE,-1
"decreasing observation effort",22,2,2004,"Solow_te_median","later_beta_2_1",1,-1,2011,6,6,FALSE,-1
"decreasing observation effort",22,2,2004,"Effort_te_median","uniform",0.6,-1,2011,6,6,FALSE,-1
"decreasing observation effort",22,2,2004,"Effort_te_median","uniform",1,-1,2010,5,5,FALSE,-1
"decreasing observation effort",22,2,2004,"Effort_te_median","uniform",1.5,-1,2009,4,4,FALSE,-1
"decreasing observation effort",22,2,2004,"Effort_te_median","uniform",1.8,-1,2009,4,4,FALSE,-1
"decreasing observation effort",23,3,1990,"Solow","uniform",1,0.3,2004,-1,1,FALSE,0.117647058768321
"decreasing observation effort",23,3,1990,"Solow","earlier_beta_1_2",1,0.3,2006,1,1,FALSE,0.0999999999462588
"decreasing observation effort",23,3,1990,"Solow","later_beta_2_1",1,0.3,2002,-3,3,FALSE,0.14285714280401
"decreasing observation effort",23,3,1990,"Solow","uniform",1,0.4,2000,-5,5,FALSE,0.117647058768321
"decreasing observation effort",23,3,1990,"Solow","earlier_beta_1_2",1,0.4,2003,-2,2,FALSE,0.0999999999462588
"decreasing observation effort",23,3,1990,"Solow","later_beta_2_1",1,0.4,1998,-7,7,FALSE,0.14285714280401
"decreasing observation effort",23,3,1990,"Solow","uniform",1,0.5,1998,-7,7,FALSE,0.117647058768321
"decreasing observation effort",23,3,1990,"Solow","earlier_beta_1_2",1,0.5,2000,-5,5,FALSE,0.0999999999462588
"decreasing observation effort",23,3,1990,"Solow","later_beta_2_1",1,0.5,1995,-10,10,FALSE,0.14285714280401
"decreasing observation effort",23,3,1990,"Solow","uniform",1,0.6,1996,-9,9,FALSE,0.117647058768321
"decreasing observation effort",23,3,1990,"Solow","earlier_beta_1_2",1,0.6,1999,-6,6,FALSE,0.0999999999462588
"decreasing observation effort",23,3,1990,"Solow","later_beta_2_1",1,0.6,1994,-11,11,FALSE,0.14285714280401
"decreasing observation effort",23,3,1990,"Effort_fixed_alpha","uniform",0.6,0.5,2001,-4,4,FALSE,0.282542430781862
"decreasing observation effort",23,3,1990,"Effort_fixed_alpha","uniform",0.8,0.5,1999,-6,6,FALSE,0.190103626001156
"decreasing observation effort",23,3,1990,"Effort_fixed_alpha","uniform",1,0.5,1998,-7,7,FALSE,0.117647058823529
"decreasing observation effort",23,3,1990,"Effort_fixed_alpha","uniform",1.2,0.5,1997,-8,8,FALSE,0.0677818565957738
"decreasing observation effort",23,3,1990,"Effort_fixed_alpha","uniform",1.5,0.5,1996,-9,9,FALSE,0.0268199233716455
"decreasing observation effort",23,3,1990,"Effort_fixed_alpha","uniform",1.8,0.5,1995,-10,10,FALSE,0.00979689503800147
"decreasing observation effort",23,3,1990,"Solow_te_median","uniform",1,-1,1994,-11,11,FALSE,-1
"decreasing observation effort",23,3,1990,"Solow_te_median","earlier_beta_1_2",1,-1,1993,-12,12,FALSE,-1
"decreasing observation effort",23,3,1990,"Solow_te_median","later_beta_2_1",1,-1,1996,-9,9,FALSE,-1
"decreasing observation effort",23,3,1990,"Effort_te_median","uniform",0.6,-1,1997,-8,8,FALSE,-1
"decreasing observation effort",23,3,1990,"Effort_te_median","uniform",1,-1,1994,-11,11,FALSE,-1
"decreasing observation effort",23,3,1990,"Effort_te_median","uniform",1.5,-1,1992,-13,13,FALSE,-1
"decreasing observation effort",23,3,1990,"Effort_te_median","uniform",1.8,-1,1992,-13,13,FALSE,-1
"decreasing observation effort",24,2,1994,"Solow","uniform",1,0.3,NA,NA,NA,TRUE,0.350000017197121
"decreasing observation effort",24,2,1994,"Solow","earlier_beta_1_2",1,0.3,NA,NA,NA,TRUE,0.38246163511225
"decreasing observation effort",24,2,1994,"Solow","later_beta_2_1",1,0.3,NA,NA,NA,TRUE,0.322617683848375
"decreasing observation effort",24,2,1994,"Solow","uniform",1,0.4,2015,10,10,FALSE,0.350000017197121
"decreasing observation effort",24,2,1994,"Solow","earlier_beta_1_2",1,0.4,2019,14,14,FALSE,0.38246163511225
"decreasing observation effort",24,2,1994,"Solow","later_beta_2_1",1,0.4,2010,5,5,FALSE,0.322617683848375
"decreasing observation effort",24,2,1994,"Solow","uniform",1,0.5,2009,4,4,FALSE,0.350000017197121
"decreasing observation effort",24,2,1994,"Solow","earlier_beta_1_2",1,0.5,2014,9,9,FALSE,0.38246163511225
"decreasing observation effort",24,2,1994,"Solow","later_beta_2_1",1,0.5,2004,-1,1,FALSE,0.322617683848375
"decreasing observation effort",24,2,1994,"Solow","uniform",1,0.6,2004,-1,1,FALSE,0.350000017197121
"decreasing observation effort",24,2,1994,"Solow","earlier_beta_1_2",1,0.6,2009,4,4,FALSE,0.38246163511225
"decreasing observation effort",24,2,1994,"Solow","later_beta_2_1",1,0.6,2000,-5,5,FALSE,0.322617683848375
"decreasing observation effort",24,2,1994,"Effort_fixed_alpha","uniform",0.6,0.5,NA,NA,NA,TRUE,NA
"decreasing observation effort",24,2,1994,"Effort_fixed_alpha","uniform",0.8,0.5,NA,NA,NA,TRUE,NA
"decreasing observation effort",24,2,1994,"Effort_fixed_alpha","uniform",1,0.5,NA,NA,NA,TRUE,NA
"decreasing observation effort",24,2,1994,"Effort_fixed_alpha","uniform",1.2,0.5,NA,NA,NA,TRUE,NA
"decreasing observation effort",24,2,1994,"Effort_fixed_alpha","uniform",1.5,0.5,NA,NA,NA,TRUE,NA
"decreasing observation effort",24,2,1994,"Effort_fixed_alpha","uniform",1.8,0.5,NA,NA,NA,TRUE,NA
"decreasing observation effort",24,2,1994,"Solow_te_median","uniform",1,-1,2001,-4,4,FALSE,-1
"decreasing observation effort",24,2,1994,"Solow_te_median","earlier_beta_1_2",1,-1,1998,-7,7,FALSE,-1
"decreasing observation effort",24,2,1994,"Solow_te_median","later_beta_2_1",1,-1,2004,-1,1,FALSE,-1
"decreasing observation effort",24,2,1994,"Effort_te_median","uniform",0.6,-1,NA,NA,NA,TRUE,-1
"decreasing observation effort",24,2,1994,"Effort_te_median","uniform",1,-1,NA,NA,NA,TRUE,-1
"decreasing observation effort",24,2,1994,"Effort_te_median","uniform",1.5,-1,NA,NA,NA,TRUE,-1
"decreasing observation effort",24,2,1994,"Effort_te_median","uniform",1.8,-1,NA,NA,NA,TRUE,-1
"decreasing observation effort",25,2,1992,"Solow","uniform",1,0.3,2020,15,15,FALSE,0.299999999447346
"decreasing observation effort",25,2,1992,"Solow","earlier_beta_1_2",1,0.3,NA,NA,NA,TRUE,0.30686885437616
"decreasing observation effort",25,2,1992,"Solow","later_beta_2_1",1,0.3,2019,14,14,FALSE,0.293431912750298
"decreasing observation effort",25,2,1992,"Solow","uniform",1,0.4,2010,5,5,FALSE,0.299999999447346
"decreasing observation effort",25,2,1992,"Solow","earlier_beta_1_2",1,0.4,2014,9,9,FALSE,0.30686885437616
"decreasing observation effort",25,2,1992,"Solow","later_beta_2_1",1,0.4,2006,1,1,FALSE,0.293431912750298
"decreasing observation effort",25,2,1992,"Solow","uniform",1,0.5,2005,0,0,FALSE,0.299999999447346
"decreasing observation effort",25,2,1992,"Solow","earlier_beta_1_2",1,0.5,2009,4,4,FALSE,0.30686885437616
"decreasing observation effort",25,2,1992,"Solow","later_beta_2_1",1,0.5,2000,-5,5,FALSE,0.293431912750298
"decreasing observation effort",25,2,1992,"Solow","uniform",1,0.6,2000,-5,5,FALSE,0.299999999447346
"decreasing observation effort",25,2,1992,"Solow","earlier_beta_1_2",1,0.6,2005,0,0,FALSE,0.30686885437616
"decreasing observation effort",25,2,1992,"Solow","later_beta_2_1",1,0.6,1997,-8,8,FALSE,0.293431912750298
"decreasing observation effort",25,2,1992,"Effort_fixed_alpha","uniform",0.6,0.5,2010,5,5,FALSE,0.423495858052899
"decreasing observation effort",25,2,1992,"Effort_fixed_alpha","uniform",0.8,0.5,2007,2,2,FALSE,0.361590382569313
"decreasing observation effort",25,2,1992,"Effort_fixed_alpha","uniform",1,0.5,2004,-1,1,FALSE,0.3
"decreasing observation effort",25,2,1992,"Effort_fixed_alpha","uniform",1.2,0.5,2003,-2,2,FALSE,0.241567485478544
"decreasing observation effort",25,2,1992,"Effort_fixed_alpha","uniform",1.5,0.5,2001,-4,4,FALSE,0.165137614678899
"decreasing observation effort",25,2,1992,"Effort_fixed_alpha","uniform",1.8,0.5,2000,-5,5,FALSE,0.106202586486446
"decreasing observation effort",25,2,1992,"Solow_te_median","uniform",1,-1,1998,-7,7,FALSE,-1
"decreasing observation effort",25,2,1992,"Solow_te_median","earlier_beta_1_2",1,-1,1996,-9,9,FALSE,-1
"decreasing observation effort",25,2,1992,"Solow_te_median","later_beta_2_1",1,-1,2002,-3,3,FALSE,-1
"decreasing observation effort",25,2,1992,"Effort_te_median","uniform",0.6,-1,2001,-4,4,FALSE,-1
"decreasing observation effort",25,2,1992,"Effort_te_median","uniform",1,-1,1998,-7,7,FALSE,-1
"decreasing observation effort",25,2,1992,"Effort_te_median","uniform",1.5,-1,1996,-9,9,FALSE,-1
"decreasing observation effort",25,2,1992,"Effort_te_median","uniform",1.8,-1,1995,-10,10,FALSE,-1
"decreasing observation effort",26,3,1998,"Solow","uniform",1,0.3,NA,NA,NA,TRUE,0.336798336542671
"decreasing observation effort",26,3,1998,"Solow","earlier_beta_1_2",1,0.3,NA,NA,NA,TRUE,0.40099009861067
"decreasing observation effort",26,3,1998,"Solow","later_beta_2_1",1,0.3,2019,14,14,FALSE,0.290322580474489
"decreasing observation effort",26,3,1998,"Solow","uniform",1,0.4,2016,11,11,FALSE,0.336798336542671
"decreasing observation effort",26,3,1998,"Solow","earlier_beta_1_2",1,0.4,NA,NA,NA,TRUE,0.40099009861067
"decreasing observation effort",26,3,1998,"Solow","later_beta_2_1",1,0.4,2012,7,7,FALSE,0.290322580474489
"decreasing observation effort",26,3,1998,"Solow","uniform",1,0.5,2012,7,7,FALSE,0.336798336542671
"decreasing observation effort",26,3,1998,"Solow","earlier_beta_1_2",1,0.5,2016,11,11,FALSE,0.40099009861067
"decreasing observation effort",26,3,1998,"Solow","later_beta_2_1",1,0.5,2007,2,2,FALSE,0.290322580474489
"decreasing observation effort",26,3,1998,"Solow","uniform",1,0.6,2008,3,3,FALSE,0.336798336542671
"decreasing observation effort",26,3,1998,"Solow","earlier_beta_1_2",1,0.6,2013,8,8,FALSE,0.40099009861067
"decreasing observation effort",26,3,1998,"Solow","later_beta_2_1",1,0.6,2005,0,0,FALSE,0.290322580474489
"decreasing observation effort",26,3,1998,"Effort_fixed_alpha","uniform",0.6,0.5,2018,13,13,FALSE,0.472194215098452
"decreasing observation effort",26,3,1998,"Effort_fixed_alpha","uniform",0.8,0.5,2014,9,9,FALSE,0.404804717809103
"decreasing observation effort",26,3,1998,"Effort_fixed_alpha","uniform",1,0.5,2012,7,7,FALSE,0.336798336798337
"decreasing observation effort",26,3,1998,"Effort_fixed_alpha","uniform",1.2,0.5,2010,5,5,FALSE,0.271583814768941
"decreasing observation effort",26,3,1998,"Effort_fixed_alpha","uniform",1.5,0.5,2008,3,3,FALSE,0.185587987127239
"decreasing observation effort",26,3,1998,"Effort_fixed_alpha","uniform",1.8,0.5,2007,2,2,FALSE,0.119036919920868
"decreasing observation effort",26,3,1998,"Solow_te_median","uniform",1,-1,2003,-2,2,FALSE,-1
"decreasing observation effort",26,3,1998,"Solow_te_median","earlier_beta_1_2",1,-1,2001,-4,4,FALSE,-1
"decreasing observation effort",26,3,1998,"Solow_te_median","later_beta_2_1",1,-1,2005,0,0,FALSE,-1
"decreasing observation effort",26,3,1998,"Effort_te_median","uniform",0.6,-1,2005,0,0,FALSE,-1
"decreasing observation effort",26,3,1998,"Effort_te_median","uniform",1,-1,2003,-2,2,FALSE,-1
"decreasing observation effort",26,3,1998,"Effort_te_median","uniform",1.5,-1,2002,-3,3,FALSE,-1
"decreasing observation effort",26,3,1998,"Effort_te_median","uniform",1.8,-1,2001,-4,4,FALSE,-1
"decreasing observation effort",27,5,1993,"Solow","uniform",1,0.3,2004,-1,1,FALSE,0.043181288159025
"decreasing observation effort",27,5,1993,"Solow","earlier_beta_1_2",1,0.3,2006,1,1,FALSE,0.0376469130547869
"decreasing observation effort",27,5,1993,"Solow","later_beta_2_1",1,0.3,2002,-3,3,FALSE,0.0506232862509932
"decreasing observation effort",27,5,1993,"Solow","uniform",1,0.4,2002,-3,3,FALSE,0.043181288159025
"decreasing observation effort",27,5,1993,"Solow","earlier_beta_1_2",1,0.4,2004,-1,1,FALSE,0.0376469130547869
"decreasing observation effort",27,5,1993,"Solow","later_beta_2_1",1,0.4,2000,-5,5,FALSE,0.0506232862509932
"decreasing observation effort",27,5,1993,"Solow","uniform",1,0.5,2000,-5,5,FALSE,0.043181288159025
"decreasing observation effort",27,5,1993,"Solow","earlier_beta_1_2",1,0.5,2002,-3,3,FALSE,0.0376469130547869
"decreasing observation effort",27,5,1993,"Solow","later_beta_2_1",1,0.5,1998,-7,7,FALSE,0.0506232862509932
"decreasing observation effort",27,5,1993,"Solow","uniform",1,0.6,1998,-7,7,FALSE,0.043181288159025
"decreasing observation effort",27,5,1993,"Solow","earlier_beta_1_2",1,0.6,2001,-4,4,FALSE,0.0376469130547869
"decreasing observation effort",27,5,1993,"Solow","later_beta_2_1",1,0.6,1997,-8,8,FALSE,0.0506232862509932
"decreasing observation effort",27,5,1993,"Effort_fixed_alpha","uniform",0.6,0.5,2003,-2,2,FALSE,0.191068400226116
"decreasing observation effort",27,5,1993,"Effort_fixed_alpha","uniform",0.8,0.5,2001,-4,4,FALSE,0.0963681024651285
"decreasing observation effort",27,5,1993,"Effort_fixed_alpha","uniform",1,0.5,2000,-5,5,FALSE,0.043181288158861
"decreasing observation effort",27,5,1993,"Effort_fixed_alpha","uniform",1.2,0.5,1999,-6,6,FALSE,0.0178703559349162
"decreasing observation effort",27,5,1993,"Effort_fixed_alpha","uniform",1.5,0.5,1998,-7,7,FALSE,0.00435064330930558
"decreasing observation effort",27,5,1993,"Effort_fixed_alpha","uniform",1.8,0.5,1998,-7,7,FALSE,0.000994898191050447
"decreasing observation effort",27,5,1993,"Solow_te_median","uniform",1,-1,1995,-10,10,FALSE,-1
"decreasing observation effort",27,5,1993,"Solow_te_median","earlier_beta_1_2",1,-1,1995,-10,10,FALSE,-1
"decreasing observation effort",27,5,1993,"Solow_te_median","later_beta_2_1",1,-1,1996,-9,9,FALSE,-1
"decreasing observation effort",27,5,1993,"Effort_te_median","uniform",0.6,-1,1997,-8,8,FALSE,-1
"decreasing observation effort",27,5,1993,"Effort_te_median","uniform",1,-1,1995,-10,10,FALSE,-1
"decreasing observation effort",27,5,1993,"Effort_te_median","uniform",1.5,-1,1994,-11,11,FALSE,-1
"decreasing observation effort",27,5,1993,"Effort_te_median","uniform",1.8,-1,1994,-11,11,FALSE,-1
"decreasing observation effort",28,4,1985,"Solow","uniform",1,0.3,1991,-14,14,FALSE,0.00583657588012798
"decreasing observation effort",28,4,1985,"Solow","earlier_beta_1_2",1,0.3,1991,-14,14,FALSE,0.00358851674930074
"decreasing observation effort",28,4,1985,"Solow","later_beta_2_1",1,0.3,1990,-15,15,FALSE,0.0156250000117539
"decreasing observation effort",28,4,1985,"Solow","uniform",1,0.4,1989,-16,16,FALSE,0.00583657588012798
"decreasing observation effort",28,4,1985,"Solow","earlier_beta_1_2",1,0.4,1990,-15,15,FALSE,0.00358851674930074
"decreasing observation effort",28,4,1985,"Solow","later_beta_2_1",1,0.4,1988,-17,17,FALSE,0.0156250000117539
"decreasing observation effort",28,4,1985,"Solow","uniform",1,0.5,1988,-17,17,FALSE,0.00583657588012798
"decreasing observation effort",28,4,1985,"Solow","earlier_beta_1_2",1,0.5,1990,-15,15,FALSE,0.00358851674930074
"decreasing observation effort",28,4,1985,"Solow","later_beta_2_1",1,0.5,1988,-17,17,FALSE,0.0156250000117539
"decreasing observation effort",28,4,1985,"Solow","uniform",1,0.6,1988,-17,17,FALSE,0.00583657588012798
"decreasing observation effort",28,4,1985,"Solow","earlier_beta_1_2",1,0.6,1989,-16,16,FALSE,0.00358851674930074
"decreasing observation effort",28,4,1985,"Solow","later_beta_2_1",1,0.6,1987,-18,18,FALSE,0.0156250000117539
"decreasing observation effort",28,4,1985,"Effort_fixed_alpha","uniform",0.6,0.5,NA,NA,NA,TRUE,NA
"decreasing observation effort",28,4,1985,"Effort_fixed_alpha","uniform",0.8,0.5,NA,NA,NA,TRUE,NA
"decreasing observation effort",28,4,1985,"Effort_fixed_alpha","uniform",1,0.5,NA,NA,NA,TRUE,NA
"decreasing observation effort",28,4,1985,"Effort_fixed_alpha","uniform",1.2,0.5,NA,NA,NA,TRUE,NA
"decreasing observation effort",28,4,1985,"Effort_fixed_alpha","uniform",1.5,0.5,NA,NA,NA,TRUE,NA
"decreasing observation effort",28,4,1985,"Effort_fixed_alpha","uniform",1.8,0.5,NA,NA,NA,TRUE,NA
"decreasing observation effort",28,4,1985,"Solow_te_median","uniform",1,-1,1986,-19,19,FALSE,-1
"decreasing observation effort",28,4,1985,"Solow_te_median","earlier_beta_1_2",1,-1,1986,-19,19,FALSE,-1
"decreasing observation effort",28,4,1985,"Solow_te_median","later_beta_2_1",1,-1,1987,-18,18,FALSE,-1
"decreasing observation effort",28,4,1985,"Effort_te_median","uniform",0.6,-1,NA,NA,NA,TRUE,-1
"decreasing observation effort",28,4,1985,"Effort_te_median","uniform",1,-1,NA,NA,NA,TRUE,-1
"decreasing observation effort",28,4,1985,"Effort_te_median","uniform",1.5,-1,NA,NA,NA,TRUE,-1
"decreasing observation effort",28,4,1985,"Effort_te_median","uniform",1.8,-1,NA,NA,NA,TRUE,-1
"decreasing observation effort",29,4,1997,"Solow","uniform",1,0.3,2015,10,10,FALSE,0.199645111599584
"decreasing observation effort",29,4,1997,"Solow","earlier_beta_1_2",1,0.3,2017,12,12,FALSE,0.223142372806521
"decreasing observation effort",29,4,1997,"Solow","later_beta_2_1",1,0.3,2012,7,7,FALSE,0.180625000113012
"decreasing observation effort",29,4,1997,"Solow","uniform",1,0.4,2011,6,6,FALSE,0.199645111599584
"decreasing observation effort",29,4,1997,"Solow","earlier_beta_1_2",1,0.4,2014,9,9,FALSE,0.223142372806521
"decreasing observation effort",29,4,1997,"Solow","later_beta_2_1",1,0.4,2007,2,2,FALSE,0.180625000113012
"decreasing observation effort",29,4,1997,"Solow","uniform",1,0.5,2007,2,2,FALSE,0.199645111599584
"decreasing observation effort",29,4,1997,"Solow","earlier_beta_1_2",1,0.5,2011,6,6,FALSE,0.223142372806521
"decreasing observation effort",29,4,1997,"Solow","later_beta_2_1",1,0.5,2005,0,0,FALSE,0.180625000113012
"decreasing observation effort",29,4,1997,"Solow","uniform",1,0.6,2005,0,0,FALSE,0.199645111599584
"decreasing observation effort",29,4,1997,"Solow","earlier_beta_1_2",1,0.6,2009,4,4,FALSE,0.223142372806521
"decreasing observation effort",29,4,1997,"Solow","later_beta_2_1",1,0.6,2002,-3,3,FALSE,0.180625000113012
"decreasing observation effort",29,4,1997,"Effort_fixed_alpha","uniform",0.6,0.5,NA,NA,NA,TRUE,NA
"decreasing observation effort",29,4,1997,"Effort_fixed_alpha","uniform",0.8,0.5,NA,NA,NA,TRUE,NA
"decreasing observation effort",29,4,1997,"Effort_fixed_alpha","uniform",1,0.5,NA,NA,NA,TRUE,NA
"decreasing observation effort",29,4,1997,"Effort_fixed_alpha","uniform",1.2,0.5,NA,NA,NA,TRUE,NA
"decreasing observation effort",29,4,1997,"Effort_fixed_alpha","uniform",1.5,0.5,NA,NA,NA,TRUE,NA
"decreasing observation effort",29,4,1997,"Effort_fixed_alpha","uniform",1.8,0.5,NA,NA,NA,TRUE,NA
"decreasing observation effort",29,4,1997,"Solow_te_median","uniform",1,-1,2001,-4,4,FALSE,-1
"decreasing observation effort",29,4,1997,"Solow_te_median","earlier_beta_1_2",1,-1,2000,-5,5,FALSE,-1
"decreasing observation effort",29,4,1997,"Solow_te_median","later_beta_2_1",1,-1,2002,-3,3,FALSE,-1
"decreasing observation effort",29,4,1997,"Effort_te_median","uniform",0.6,-1,NA,NA,NA,TRUE,-1
"decreasing observation effort",29,4,1997,"Effort_te_median","uniform",1,-1,NA,NA,NA,TRUE,-1
"decreasing observation effort",29,4,1997,"Effort_te_median","uniform",1.5,-1,NA,NA,NA,TRUE,-1
"decreasing observation effort",29,4,1997,"Effort_te_median","uniform",1.8,-1,NA,NA,NA,TRUE,-1
"decreasing observation effort",30,2,2000,"Solow","uniform",1,0.3,NA,NA,NA,TRUE,0.500000014444741
"decreasing observation effort",30,2,2000,"Solow","earlier_beta_1_2",1,0.3,NA,NA,NA,TRUE,0.619691726957036
"decreasing observation effort",30,2,2000,"Solow","later_beta_2_1",1,0.3,NA,NA,NA,TRUE,0.41905979480983
"decreasing observation effort",30,2,2000,"Solow","uniform",1,0.4,NA,NA,NA,TRUE,0.500000014444741
"decreasing observation effort",30,2,2000,"Solow","earlier_beta_1_2",1,0.4,NA,NA,NA,TRUE,0.619691726957036
"decreasing observation effort",30,2,2000,"Solow","later_beta_2_1",1,0.4,NA,NA,NA,TRUE,0.41905979480983
"decreasing observation effort",30,2,2000,"Solow","uniform",1,0.5,NA,NA,NA,TRUE,0.500000014444741
"decreasing observation effort",30,2,2000,"Solow","earlier_beta_1_2",1,0.5,NA,NA,NA,TRUE,0.619691726957036
"decreasing observation effort",30,2,2000,"Solow","later_beta_2_1",1,0.5,2013,8,8,FALSE,0.41905979480983
"decreasing observation effort",30,2,2000,"Solow","uniform",1,0.6,2014,9,9,FALSE,0.500000014444741
"decreasing observation effort",30,2,2000,"Solow","earlier_beta_1_2",1,0.6,NA,NA,NA,TRUE,0.619691726957036
"decreasing observation effort",30,2,2000,"Solow","later_beta_2_1",1,0.6,2008,3,3,FALSE,0.41905979480983
"decreasing observation effort",30,2,2000,"Effort_fixed_alpha","uniform",0.6,0.5,NA,NA,NA,TRUE,NA
"decreasing observation effort",30,2,2000,"Effort_fixed_alpha","uniform",0.8,0.5,NA,NA,NA,TRUE,NA
"decreasing observation effort",30,2,2000,"Effort_fixed_alpha","uniform",1,0.5,NA,NA,NA,TRUE,NA
"decreasing observation effort",30,2,2000,"Effort_fixed_alpha","uniform",1.2,0.5,NA,NA,NA,TRUE,NA
"decreasing observation effort",30,2,2000,"Effort_fixed_alpha","uniform",1.5,0.5,NA,NA,NA,TRUE,NA
"decreasing observation effort",30,2,2000,"Effort_fixed_alpha","uniform",1.8,0.5,NA,NA,NA,TRUE,NA
"decreasing observation effort",30,2,2000,"Solow_te_median","uniform",1,-1,2007,2,2,FALSE,-1
"decreasing observation effort",30,2,2000,"Solow_te_median","earlier_beta_1_2",1,-1,2004,-1,1,FALSE,-1
"decreasing observation effort",30,2,2000,"Solow_te_median","later_beta_2_1",1,-1,2008,3,3,FALSE,-1
"decreasing observation effort",30,2,2000,"Effort_te_median","uniform",0.6,-1,NA,NA,NA,TRUE,-1
"decreasing observation effort",30,2,2000,"Effort_te_median","uniform",1,-1,NA,NA,NA,TRUE,-1
"decreasing observation effort",30,2,2000,"Effort_te_median","uniform",1.5,-1,NA,NA,NA,TRUE,-1
"decreasing observation effort",30,2,2000,"Effort_te_median","uniform",1.8,-1,NA,NA,NA,TRUE,-1
"decreasing observation effort",31,3,1994,"Solow","uniform",1,0.3,2014,9,9,FALSE,0.21826330792601
"decreasing observation effort",31,3,1994,"Solow","earlier_beta_1_2",1,0.3,2016,11,11,FALSE,0.224771309738319
"decreasing observation effort",31,3,1994,"Solow","later_beta_2_1",1,0.3,2011,6,6,FALSE,0.212121565311769
"decreasing observation effort",31,3,1994,"Solow","uniform",1,0.4,2008,3,3,FALSE,0.21826330792601
"decreasing observation effort",31,3,1994,"Solow","earlier_beta_1_2",1,0.4,2012,7,7,FALSE,0.224771309738319
"decreasing observation effort",31,3,1994,"Solow","later_beta_2_1",1,0.4,2005,0,0,FALSE,0.212121565311769
"decreasing observation effort",31,3,1994,"Solow","uniform",1,0.5,2005,0,0,FALSE,0.21826330792601
"decreasing observation effort",31,3,1994,"Solow","earlier_beta_1_2",1,0.5,2008,3,3,FALSE,0.224771309738319
"decreasing observation effort",31,3,1994,"Solow","later_beta_2_1",1,0.5,2001,-4,4,FALSE,0.212121565311769
"decreasing observation effort",31,3,1994,"Solow","uniform",1,0.6,2002,-3,3,FALSE,0.21826330792601
"decreasing observation effort",31,3,1994,"Solow","earlier_beta_1_2",1,0.6,2006,1,1,FALSE,0.224771309738319
"decreasing observation effort",31,3,1994,"Solow","later_beta_2_1",1,0.6,1999,-6,6,FALSE,0.212121565311769
"decreasing observation effort",31,3,1994,"Effort_fixed_alpha","uniform",0.6,0.5,2010,5,5,FALSE,0.378065154923263
"decreasing observation effort",31,3,1994,"Effort_fixed_alpha","uniform",0.8,0.5,2007,2,2,FALSE,0.294851542174923
"decreasing observation effort",31,3,1994,"Effort_fixed_alpha","uniform",1,0.5,2005,0,0,FALSE,0.21826280623608
"decreasing observation effort",31,3,1994,"Effort_fixed_alpha","uniform",1.2,0.5,2003,-2,2,FALSE,0.153611668248002
"decreasing observation effort",31,3,1994,"Effort_fixed_alpha","uniform",1.5,0.5,2002,-3,3,FALSE,0.083484190902504
"decreasing observation effort",31,3,1994,"Effort_fixed_alpha","uniform",1.8,0.5,2001,-4,4,FALSE,0.041978873135278
"decreasing observation effort",31,3,1994,"Solow_te_median","uniform",1,-1,1999,-6,6,FALSE,-1
"decreasing observation effort",31,3,1994,"Solow_te_median","earlier_beta_1_2",1,-1,1997,-8,8,FALSE,-1
"decreasing observation effort",31,3,1994,"Solow_te_median","later_beta_2_1",1,-1,2001,-4,4,FALSE,-1
"decreasing observation effort",31,3,1994,"Effort_te_median","uniform",0.6,-1,2001,-4,4,FALSE,-1
"decreasing observation effort",31,3,1994,"Effort_te_median","uniform",1,-1,1999,-6,6,FALSE,-1
"decreasing observation effort",31,3,1994,"Effort_te_median","uniform",1.5,-1,1997,-8,8,FALSE,-1
"decreasing observation effort",31,3,1994,"Effort_te_median","uniform",1.8,-1,1996,-9,9,FALSE,-1
"decreasing observation effort",32,2,2002,"Solow","uniform",1,0.3,NA,NA,NA,TRUE,0.549999999909738
"decreasing observation effort",32,2,2002,"Solow","earlier_beta_1_2",1,0.3,NA,NA,NA,TRUE,0.694112024991642
"decreasing observation effort",32,2,2002,"Solow","later_beta_2_1",1,0.3,NA,NA,NA,TRUE,0.455441016813172
"decreasing observation effort",32,2,2002,"Solow","uniform",1,0.4,NA,NA,NA,TRUE,0.549999999909738
"decreasing observation effort",32,2,2002,"Solow","earlier_beta_1_2",1,0.4,NA,NA,NA,TRUE,0.694112024991642
"decreasing observation effort",32,2,2002,"Solow","later_beta_2_1",1,0.4,NA,NA,NA,TRUE,0.455441016813172
"decreasing observation effort",32,2,2002,"Solow","uniform",1,0.5,NA,NA,NA,TRUE,0.549999999909738
"decreasing observation effort",32,2,2002,"Solow","earlier_beta_1_2",1,0.5,NA,NA,NA,TRUE,0.694112024991642
"decreasing observation effort",32,2,2002,"Solow","later_beta_2_1",1,0.5,2017,12,12,FALSE,0.455441016813172
"decreasing observation effort",32,2,2002,"Solow","uniform",1,0.6,2017,12,12,FALSE,0.549999999909738
"decreasing observation effort",32,2,2002,"Solow","earlier_beta_1_2",1,0.6,NA,NA,NA,TRUE,0.694112024991642
"decreasing observation effort",32,2,2002,"Solow","later_beta_2_1",1,0.6,2011,6,6,FALSE,0.455441016813172
"decreasing observation effort",32,2,2002,"Effort_fixed_alpha","uniform",0.6,0.5,NA,NA,NA,TRUE,0.611603583987549
"decreasing observation effort",32,2,2002,"Effort_fixed_alpha","uniform",0.8,0.5,NA,NA,NA,TRUE,0.581693835085435
"decreasing observation effort",32,2,2002,"Effort_fixed_alpha","uniform",1,0.5,NA,NA,NA,TRUE,0.55
"decreasing observation effort",32,2,2002,"Effort_fixed_alpha","uniform",1.2,0.5,NA,NA,NA,TRUE,0.516726593641732
"decreasing observation effort",32,2,2002,"Effort_fixed_alpha","uniform",1.5,0.5,2019,14,14,FALSE,0.464491362763916
"decreasing observation effort",32,2,2002,"Effort_fixed_alpha","uniform",1.8,0.5,2017,12,12,FALSE,0.410604090132145
"decreasing observation effort",32,2,2002,"Solow_te_median","uniform",1,-1,2008,3,3,FALSE,-1
"decreasing observation effort",32,2,2002,"Solow_te_median","earlier_beta_1_2",1,-1,2006,1,1,FALSE,-1
"decreasing observation effort",32,2,2002,"Solow_te_median","later_beta_2_1",1,-1,2010,5,5,FALSE,-1
"decreasing observation effort",32,2,2002,"Effort_te_median","uniform",0.6,-1,2009,4,4,FALSE,-1
"decreasing observation effort",32,2,2002,"Effort_te_median","uniform",1,-1,2008,3,3,FALSE,-1
"decreasing observation effort",32,2,2002,"Effort_te_median","uniform",1.5,-1,2007,2,2,FALSE,-1
"decreasing observation effort",32,2,2002,"Effort_te_median","uniform",1.8,-1,2007,2,2,FALSE,-1
"decreasing observation effort",33,2,1999,"Solow","uniform",1,0.3,NA,NA,NA,TRUE,0.474999999934083
"decreasing observation effort",33,2,1999,"Solow","earlier_beta_1_2",1,0.3,NA,NA,NA,TRUE,0.580839712795921
"decreasing observation effort",33,2,1999,"Solow","later_beta_2_1",1,0.3,NA,NA,NA,TRUE,0.401786995839429
"decreasing observation effort",33,2,1999,"Solow","uniform",1,0.4,NA,NA,NA,TRUE,0.474999999934083
"decreasing observation effort",33,2,1999,"Solow","earlier_beta_1_2",1,0.4,NA,NA,NA,TRUE,0.580839712795921
"decreasing observation effort",33,2,1999,"Solow","later_beta_2_1",1,0.4,NA,NA,NA,TRUE,0.401786995839429
"decreasing observation effort",33,2,1999,"Solow","uniform",1,0.5,2019,14,14,FALSE,0.474999999934083
"decreasing observation effort",33,2,1999,"Solow","earlier_beta_1_2",1,0.5,NA,NA,NA,TRUE,0.580839712795921
"decreasing observation effort",33,2,1999,"Solow","later_beta_2_1",1,0.5,2012,7,7,FALSE,0.401786995839429
"decreasing observation effort",33,2,1999,"Solow","uniform",1,0.6,2012,7,7,FALSE,0.474999999934083
"decreasing observation effort",33,2,1999,"Solow","earlier_beta_1_2",1,0.6,2019,14,14,FALSE,0.580839712795921
"decreasing observation effort",33,2,1999,"Solow","later_beta_2_1",1,0.6,2007,2,2,FALSE,0.401786995839429
"decreasing observation effort",33,2,1999,"Effort_fixed_alpha","uniform",0.6,0.5,NA,NA,NA,TRUE,0.554718683292472
"decreasing observation effort",33,2,1999,"Effort_fixed_alpha","uniform",0.8,0.5,NA,NA,NA,TRUE,0.515867455921852
"decreasing observation effort",33,2,1999,"Effort_fixed_alpha","uniform",1,0.5,2018,13,13,FALSE,0.475
"decreasing observation effort",33,2,1999,"Effort_fixed_alpha","uniform",1.2,0.5,2016,11,11,FALSE,0.432700352947542
"decreasing observation effort",33,2,1999,"Effort_fixed_alpha","uniform",1.5,0.5,2013,8,8,FALSE,0.368179500254972
"decreasing observation effort",33,2,1999,"Effort_fixed_alpha","uniform",1.8,0.5,2012,7,7,FALSE,0.304884472698678
"decreasing observation effort",33,2,1999,"Solow_te_median","uniform",1,-1,2006,1,1,FALSE,-1
"decreasing observation effort",33,2,1999,"Solow_te_median","earlier_beta_1_2",1,-1,2003,-2,2,FALSE,-1
"decreasing observation effort",33,2,1999,"Solow_te_median","later_beta_2_1",1,-1,2008,3,3,FALSE,-1
"decreasing observation effort",33,2,1999,"Effort_te_median","uniform",0.6,-1,2007,2,2,FALSE,-1
"decreasing observation effort",33,2,1999,"Effort_te_median","uniform",1,-1,2006,1,1,FALSE,-1
"decreasing observation effort",33,2,1999,"Effort_te_median","uniform",1.5,-1,2004,-1,1,FALSE,-1
"decreasing observation effort",33,2,1999,"Effort_te_median","uniform",1.8,-1,2004,-1,1,FALSE,-1
"decreasing observation effort",34,4,1985,"Solow","uniform",1,0.3,1991,-14,14,FALSE,0.00583657588012798
"decreasing observation effort",34,4,1985,"Solow","earlier_beta_1_2",1,0.3,1991,-14,14,FALSE,0.00358851674930074
"decreasing observation effort",34,4,1985,"Solow","later_beta_2_1",1,0.3,1990,-15,15,FALSE,0.0156250000117539
"decreasing observation effort",34,4,1985,"Solow","uniform",1,0.4,1989,-16,16,FALSE,0.00583657588012798
"decreasing observation effort",34,4,1985,"Solow","earlier_beta_1_2",1,0.4,1990,-15,15,FALSE,0.00358851674930074
"decreasing observation effort",34,4,1985,"Solow","later_beta_2_1",1,0.4,1988,-17,17,FALSE,0.0156250000117539
"decreasing observation effort",34,4,1985,"Solow","uniform",1,0.5,1988,-17,17,FALSE,0.00583657588012798
"decreasing observation effort",34,4,1985,"Solow","earlier_beta_1_2",1,0.5,1990,-15,15,FALSE,0.00358851674930074
"decreasing observation effort",34,4,1985,"Solow","later_beta_2_1",1,0.5,1988,-17,17,FALSE,0.0156250000117539
"decreasing observation effort",34,4,1985,"Solow","uniform",1,0.6,1988,-17,17,FALSE,0.00583657588012798
"decreasing observation effort",34,4,1985,"Solow","earlier_beta_1_2",1,0.6,1989,-16,16,FALSE,0.00358851674930074
"decreasing observation effort",34,4,1985,"Solow","later_beta_2_1",1,0.6,1987,-18,18,FALSE,0.0156250000117539
"decreasing observation effort",34,4,1985,"Effort_fixed_alpha","uniform",0.6,0.5,NA,NA,NA,TRUE,NA
"decreasing observation effort",34,4,1985,"Effort_fixed_alpha","uniform",0.8,0.5,NA,NA,NA,TRUE,NA
"decreasing observation effort",34,4,1985,"Effort_fixed_alpha","uniform",1,0.5,NA,NA,NA,TRUE,NA
"decreasing observation effort",34,4,1985,"Effort_fixed_alpha","uniform",1.2,0.5,NA,NA,NA,TRUE,NA
"decreasing observation effort",34,4,1985,"Effort_fixed_alpha","uniform",1.5,0.5,NA,NA,NA,TRUE,NA
"decreasing observation effort",34,4,1985,"Effort_fixed_alpha","uniform",1.8,0.5,NA,NA,NA,TRUE,NA
"decreasing observation effort",34,4,1985,"Solow_te_median","uniform",1,-1,1986,-19,19,FALSE,-1
"decreasing observation effort",34,4,1985,"Solow_te_median","earlier_beta_1_2",1,-1,1986,-19,19,FALSE,-1
"decreasing observation effort",34,4,1985,"Solow_te_median","later_beta_2_1",1,-1,1987,-18,18,FALSE,-1
"decreasing observation effort",34,4,1985,"Effort_te_median","uniform",0.6,-1,NA,NA,NA,TRUE,-1
"decreasing observation effort",34,4,1985,"Effort_te_median","uniform",1,-1,NA,NA,NA,TRUE,-1
"decreasing observation effort",34,4,1985,"Effort_te_median","uniform",1.5,-1,NA,NA,NA,TRUE,-1
"decreasing observation effort",34,4,1985,"Effort_te_median","uniform",1.8,-1,NA,NA,NA,TRUE,-1
"decreasing observation effort",35,2,2003,"Solow","uniform",1,0.3,NA,NA,NA,TRUE,0.574999999209213
"decreasing observation effort",35,2,2003,"Solow","earlier_beta_1_2",1,0.3,NA,NA,NA,TRUE,0.729133797974736
"decreasing observation effort",35,2,2003,"Solow","later_beta_2_1",1,0.3,NA,NA,NA,TRUE,0.474660153736142
"decreasing observation effort",35,2,2003,"Solow","uniform",1,0.4,NA,NA,NA,TRUE,0.574999999209213
"decreasing observation effort",35,2,2003,"Solow","earlier_beta_1_2",1,0.4,NA,NA,NA,TRUE,0.729133797974736
"decreasing observation effort",35,2,2003,"Solow","later_beta_2_1",1,0.4,NA,NA,NA,TRUE,0.474660153736142
"decreasing observation effort",35,2,2003,"Solow","uniform",1,0.5,NA,NA,NA,TRUE,0.574999999209213
"decreasing observation effort",35,2,2003,"Solow","earlier_beta_1_2",1,0.5,NA,NA,NA,TRUE,0.729133797974736
"decreasing observation effort",35,2,2003,"Solow","later_beta_2_1",1,0.5,2018,13,13,FALSE,0.474660153736142
"decreasing observation effort",35,2,2003,"Solow","uniform",1,0.6,2019,14,14,FALSE,0.574999999209213
"decreasing observation effort",35,2,2003,"Solow","earlier_beta_1_2",1,0.6,NA,NA,NA,TRUE,0.729133797974736
"decreasing observation effort",35,2,2003,"Solow","later_beta_2_1",1,0.6,2013,8,8,FALSE,0.474660153736142
"decreasing observation effort",35,2,2003,"Effort_fixed_alpha","uniform",0.6,0.5,NA,NA,NA,TRUE,0.630846966083872
"decreasing observation effort",35,2,2003,"Effort_fixed_alpha","uniform",0.8,0.5,NA,NA,NA,TRUE,0.603745483198263
"decreasing observation effort",35,2,2003,"Effort_fixed_alpha","uniform",1,0.5,NA,NA,NA,TRUE,0.575
"decreasing observation effort",35,2,2003,"Effort_fixed_alpha","uniform",1.2,0.5,NA,NA,NA,TRUE,0.544741485886448
"decreasing observation effort",35,2,2003,"Effort_fixed_alpha","uniform",1.5,0.5,2020,15,15,FALSE,0.496946923438234
"decreasing observation effort",35,2,2003,"Effort_fixed_alpha","uniform",1.8,0.5,2018,13,13,FALSE,0.447070248808047
"decreasing observation effort",35,2,2003,"Solow_te_median","uniform",1,-1,2009,4,4,FALSE,-1
"decreasing observation effort",35,2,2003,"Solow_te_median","earlier_beta_1_2",1,-1,2007,2,2,FALSE,-1
"decreasing observation effort",35,2,2003,"Solow_te_median","later_beta_2_1",1,-1,2010,5,5,FALSE,-1
"decreasing observation effort",35,2,2003,"Effort_te_median","uniform",0.6,-1,2010,5,5,FALSE,-1
"decreasing observation effort",35,2,2003,"Effort_te_median","uniform",1,-1,2009,4,4,FALSE,-1
"decreasing observation effort",35,2,2003,"Effort_te_median","uniform",1.5,-1,2008,3,3,FALSE,-1
"decreasing observation effort",35,2,2003,"Effort_te_median","uniform",1.8,-1,2008,3,3,FALSE,-1
"decreasing observation effort",36,3,2000,"Solow","uniform",1,0.3,NA,NA,NA,TRUE,0.399999999928732
"decreasing observation effort",36,3,2000,"Solow","earlier_beta_1_2",1,0.3,NA,NA,NA,TRUE,0.499999999930804
"decreasing observation effort",36,3,2000,"Solow","later_beta_2_1",1,0.3,NA,NA,NA,TRUE,0.333333333265104
"decreasing observation effort",36,3,2000,"Solow","uniform",1,0.4,2020,15,15,FALSE,0.399999999928732
"decreasing observation effort",36,3,2000,"Solow","earlier_beta_1_2",1,0.4,NA,NA,NA,TRUE,0.499999999930804
"decreasing observation effort",36,3,2000,"Solow","later_beta_2_1",1,0.4,2015,10,10,FALSE,0.333333333265104
"decreasing observation effort",36,3,2000,"Solow","uniform",1,0.5,2015,10,10,FALSE,0.399999999928732
"decreasing observation effort",36,3,2000,"Solow","earlier_beta_1_2",1,0.5,2020,15,15,FALSE,0.499999999930804
"decreasing observation effort",36,3,2000,"Solow","later_beta_2_1",1,0.5,2010,5,5,FALSE,0.333333333265104
"decreasing observation effort",36,3,2000,"Solow","uniform",1,0.6,2011,6,6,FALSE,0.399999999928732
"decreasing observation effort",36,3,2000,"Solow","earlier_beta_1_2",1,0.6,2017,12,12,FALSE,0.499999999930804
"decreasing observation effort",36,3,2000,"Solow","later_beta_2_1",1,0.6,2007,2,2,FALSE,0.333333333265104
"decreasing observation effort",36,3,2000,"Effort_fixed_alpha","uniform",0.6,0.5,NA,NA,NA,TRUE,0.519109347333355
"decreasing observation effort",36,3,2000,"Effort_fixed_alpha","uniform",0.8,0.5,2018,13,13,FALSE,0.460675456203414
"decreasing observation effort",36,3,2000,"Effort_fixed_alpha","uniform",1,0.5,2015,10,10,FALSE,0.4
"decreasing observation effort",36,3,2000,"Effort_fixed_alpha","uniform",1.2,0.5,2013,8,8,FALSE,0.339298626614697
"decreasing observation effort",36,3,2000,"Effort_fixed_alpha","uniform",1.5,0.5,2011,6,6,FALSE,0.253371496890732
"decreasing observation effort",36,3,2000,"Effort_fixed_alpha","uniform",1.8,0.5,2010,5,5,FALSE,0.179502989551316
"decreasing observation effort",36,3,2000,"Solow_te_median","uniform",1,-1,2005,0,0,FALSE,-1
"decreasing observation effort",36,3,2000,"Solow_te_median","earlier_beta_1_2",1,-1,2003,-2,2,FALSE,-1
"decreasing observation effort",36,3,2000,"Solow_te_median","later_beta_2_1",1,-1,2007,2,2,FALSE,-1
"decreasing observation effort",36,3,2000,"Effort_te_median","uniform",0.6,-1,2007,2,2,FALSE,-1
"decreasing observation effort",36,3,2000,"Effort_te_median","uniform",1,-1,2005,0,0,FALSE,-1
"decreasing observation effort",36,3,2000,"Effort_te_median","uniform",1.5,-1,2004,-1,1,FALSE,-1
"decreasing observation effort",36,3,2000,"Effort_te_median","uniform",1.8,-1,2003,-2,2,FALSE,-1
"decreasing observation effort",37,5,1998,"Solow","uniform",1,0.3,2013,8,8,FALSE,0.146057222978954
"decreasing observation effort",37,5,1998,"Solow","earlier_beta_1_2",1,0.3,2015,10,10,FALSE,0.165454109850831
"decreasing observation effort",37,5,1998,"Solow","later_beta_2_1",1,0.3,2010,5,5,FALSE,0.130731065797377
"decreasing observation effort",37,5,1998,"Solow","uniform",1,0.4,2010,5,5,FALSE,0.146057222978954
"decreasing observation effort",37,5,1998,"Solow","earlier_beta_1_2",1,0.4,2013,8,8,FALSE,0.165454109850831
"decreasing observation effort",37,5,1998,"Solow","later_beta_2_1",1,0.4,2007,2,2,FALSE,0.130731065797377
"decreasing observation effort",37,5,1998,"Solow","uniform",1,0.5,2007,2,2,FALSE,0.146057222978954
"decreasing observation effort",37,5,1998,"Solow","earlier_beta_1_2",1,0.5,2011,6,6,FALSE,0.165454109850831
"decreasing observation effort",37,5,1998,"Solow","later_beta_2_1",1,0.5,2005,0,0,FALSE,0.130731065797377
"decreasing observation effort",37,5,1998,"Solow","uniform",1,0.6,2005,0,0,FALSE,0.146057222978954
"decreasing observation effort",37,5,1998,"Solow","earlier_beta_1_2",1,0.6,2009,4,4,FALSE,0.165454109850831
"decreasing observation effort",37,5,1998,"Solow","later_beta_2_1",1,0.6,2003,-2,2,FALSE,0.130731065797377
"decreasing observation effort",37,5,1998,"Effort_fixed_alpha","uniform",0.6,0.5,2012,7,7,FALSE,0.336798336798337
"decreasing observation effort",37,5,1998,"Effort_fixed_alpha","uniform",0.8,0.5,2009,4,4,FALSE,0.231232818777754
"decreasing observation effort",37,5,1998,"Effort_fixed_alpha","uniform",1,0.5,2007,2,2,FALSE,0.14605722299828
"decreasing observation effort",37,5,1998,"Effort_fixed_alpha","uniform",1.2,0.5,2006,1,1,FALSE,0.085922048684068
"decreasing observation effort",37,5,1998,"Effort_fixed_alpha","uniform",1.5,0.5,2005,0,0,FALSE,0.035130880284726
"decreasing observation effort",37,5,1998,"Effort_fixed_alpha","uniform",1.8,0.5,2004,-1,1,FALSE,0.0132956032474748
"decreasing observation effort",37,5,1998,"Solow_te_median","uniform",1,-1,2001,-4,4,FALSE,-1
"decreasing observation effort",37,5,1998,"Solow_te_median","earlier_beta_1_2",1,-1,2000,-5,5,FALSE,-1
"decreasing observation effort",37,5,1998,"Solow_te_median","later_beta_2_1",1,-1,2002,-3,3,FALSE,-1
"decreasing observation effort",37,5,1998,"Effort_te_median","uniform",0.6,-1,2003,-2,2,FALSE,-1
"decreasing observation effort",37,5,1998,"Effort_te_median","uniform",1,-1,2001,-4,4,FALSE,-1
"decreasing observation effort",37,5,1998,"Effort_te_median","uniform",1.5,-1,2000,-5,5,FALSE,-1
"decreasing observation effort",37,5,1998,"Effort_te_median","uniform",1.8,-1,2000,-5,5,FALSE,-1
"decreasing observation effort",38,6,2003,"Solow","uniform",1,0.3,2019,14,14,FALSE,0.25113443034043
"decreasing observation effort",38,6,2003,"Solow","earlier_beta_1_2",1,0.3,NA,NA,NA,TRUE,0.346040368531553
"decreasing observation effort",38,6,2003,"Solow","later_beta_2_1",1,0.3,2016,11,11,FALSE,0.197082160573849
"decreasing observation effort",38,6,2003,"Solow","uniform",1,0.4,2016,11,11,FALSE,0.25113443034043
"decreasing observation effort",38,6,2003,"Solow","earlier_beta_1_2",1,0.4,2019,14,14,FALSE,0.346040368531553
"decreasing observation effort",38,6,2003,"Solow","later_beta_2_1",1,0.4,2013,8,8,FALSE,0.197082160573849
"decreasing observation effort",38,6,2003,"Solow","uniform",1,0.5,2013,8,8,FALSE,0.25113443034043
"decreasing observation effort",38,6,2003,"Solow","earlier_beta_1_2",1,0.5,2017,12,12,FALSE,0.346040368531553
"decreasing observation effort",38,6,2003,"Solow","later_beta_2_1",1,0.5,2011,6,6,FALSE,0.197082160573849
"decreasing observation effort",38,6,2003,"Solow","uniform",1,0.6,2011,6,6,FALSE,0.25113443034043
"decreasing observation effort",38,6,2003,"Solow","earlier_beta_1_2",1,0.6,2015,10,10,FALSE,0.346040368531553
"decreasing observation effort",38,6,2003,"Solow","later_beta_2_1",1,0.6,2009,4,4,FALSE,0.197082160573849
"decreasing observation effort",38,6,2003,"Effort_fixed_alpha","uniform",0.6,0.5,2018,13,13,FALSE,0.447070248808047
"decreasing observation effort",38,6,2003,"Effort_fixed_alpha","uniform",0.8,0.5,2015,10,10,FALSE,0.345781762838725
"decreasing observation effort",38,6,2003,"Effort_fixed_alpha","uniform",1,0.5,2013,8,8,FALSE,0.251134430356174
"decreasing observation effort",38,6,2003,"Effort_fixed_alpha","uniform",1.2,0.5,2012,7,7,FALSE,0.171711006681176
"decreasing observation effort",38,6,2003,"Effort_fixed_alpha","uniform",1.5,0.5,2011,6,6,FALSE,0.0882156524116602
"decreasing observation effort",38,6,2003,"Effort_fixed_alpha","uniform",1.8,0.5,2010,5,5,FALSE,0.0416317073335046
"decreasing observation effort",38,6,2003,"Solow_te_median","uniform",1,-1,2006,1,1,FALSE,-1
"decreasing observation effort",38,6,2003,"Solow_te_median","earlier_beta_1_2",1,-1,2005,0,0,FALSE,-1
"decreasing observation effort",38,6,2003,"Solow_te_median","later_beta_2_1",1,-1,2007,2,2,FALSE,-1
"decreasing observation effort",38,6,2003,"Effort_te_median","uniform",0.6,-1,2008,3,3,FALSE,-1
"decreasing observation effort",38,6,2003,"Effort_te_median","uniform",1,-1,2006,1,1,FALSE,-1
"decreasing observation effort",38,6,2003,"Effort_te_median","uniform",1.5,-1,2005,0,0,FALSE,-1
"decreasing observation effort",38,6,2003,"Effort_te_median","uniform",1.8,-1,2005,0,0,FALSE,-1
"decreasing observation effort",39,3,1990,"Solow","uniform",1,0.3,2004,-1,1,FALSE,0.117647058768321
"decreasing observation effort",39,3,1990,"Solow","earlier_beta_1_2",1,0.3,2006,1,1,FALSE,0.0999999999462588
"decreasing observation effort",39,3,1990,"Solow","later_beta_2_1",1,0.3,2002,-3,3,FALSE,0.14285714280401
"decreasing observation effort",39,3,1990,"Solow","uniform",1,0.4,2000,-5,5,FALSE,0.117647058768321
"decreasing observation effort",39,3,1990,"Solow","earlier_beta_1_2",1,0.4,2003,-2,2,FALSE,0.0999999999462588
"decreasing observation effort",39,3,1990,"Solow","later_beta_2_1",1,0.4,1998,-7,7,FALSE,0.14285714280401
"decreasing observation effort",39,3,1990,"Solow","uniform",1,0.5,1998,-7,7,FALSE,0.117647058768321
"decreasing observation effort",39,3,1990,"Solow","earlier_beta_1_2",1,0.5,2000,-5,5,FALSE,0.0999999999462588
"decreasing observation effort",39,3,1990,"Solow","later_beta_2_1",1,0.5,1995,-10,10,FALSE,0.14285714280401
"decreasing observation effort",39,3,1990,"Solow","uniform",1,0.6,1996,-9,9,FALSE,0.117647058768321
"decreasing observation effort",39,3,1990,"Solow","earlier_beta_1_2",1,0.6,1999,-6,6,FALSE,0.0999999999462588
"decreasing observation effort",39,3,1990,"Solow","later_beta_2_1",1,0.6,1994,-11,11,FALSE,0.14285714280401
"decreasing observation effort",39,3,1990,"Effort_fixed_alpha","uniform",0.6,0.5,NA,NA,NA,TRUE,NA
"decreasing observation effort",39,3,1990,"Effort_fixed_alpha","uniform",0.8,0.5,NA,NA,NA,TRUE,NA
"decreasing observation effort",39,3,1990,"Effort_fixed_alpha","uniform",1,0.5,NA,NA,NA,TRUE,NA
"decreasing observation effort",39,3,1990,"Effort_fixed_alpha","uniform",1.2,0.5,NA,NA,NA,TRUE,NA
"decreasing observation effort",39,3,1990,"Effort_fixed_alpha","uniform",1.5,0.5,NA,NA,NA,TRUE,NA
"decreasing observation effort",39,3,1990,"Effort_fixed_alpha","uniform",1.8,0.5,NA,NA,NA,TRUE,NA
"decreasing observation effort",39,3,1990,"Solow_te_median","uniform",1,-1,1994,-11,11,FALSE,-1
"decreasing observation effort",39,3,1990,"Solow_te_median","earlier_beta_1_2",1,-1,1993,-12,12,FALSE,-1
"decreasing observation effort",39,3,1990,"Solow_te_median","later_beta_2_1",1,-1,1996,-9,9,FALSE,-1
"decreasing observation effort",39,3,1990,"Effort_te_median","uniform",0.6,-1,NA,NA,NA,TRUE,-1
"decreasing observation effort",39,3,1990,"Effort_te_median","uniform",1,-1,NA,NA,NA,TRUE,-1
"decreasing observation effort",39,3,1990,"Effort_te_median","uniform",1.5,-1,NA,NA,NA,TRUE,-1
"decreasing observation effort",39,3,1990,"Effort_te_median","uniform",1.8,-1,NA,NA,NA,TRUE,-1
"decreasing observation effort",40,3,2000,"Solow","uniform",1,0.3,NA,NA,NA,TRUE,0.399999999928732
"decreasing observation effort",40,3,2000,"Solow","earlier_beta_1_2",1,0.3,NA,NA,NA,TRUE,0.499999999930804
"decreasing observation effort",40,3,2000,"Solow","later_beta_2_1",1,0.3,NA,NA,NA,TRUE,0.333333333265104
"decreasing observation effort",40,3,2000,"Solow","uniform",1,0.4,2020,15,15,FALSE,0.399999999928732
"decreasing observation effort",40,3,2000,"Solow","earlier_beta_1_2",1,0.4,NA,NA,NA,TRUE,0.499999999930804
"decreasing observation effort",40,3,2000,"Solow","later_beta_2_1",1,0.4,2015,10,10,FALSE,0.333333333265104
"decreasing observation effort",40,3,2000,"Solow","uniform",1,0.5,2015,10,10,FALSE,0.399999999928732
"decreasing observation effort",40,3,2000,"Solow","earlier_beta_1_2",1,0.5,2020,15,15,FALSE,0.499999999930804
"decreasing observation effort",40,3,2000,"Solow","later_beta_2_1",1,0.5,2010,5,5,FALSE,0.333333333265104
"decreasing observation effort",40,3,2000,"Solow","uniform",1,0.6,2011,6,6,FALSE,0.399999999928732
"decreasing observation effort",40,3,2000,"Solow","earlier_beta_1_2",1,0.6,2017,12,12,FALSE,0.499999999930804
"decreasing observation effort",40,3,2000,"Solow","later_beta_2_1",1,0.6,2007,2,2,FALSE,0.333333333265104
"decreasing observation effort",40,3,2000,"Effort_fixed_alpha","uniform",0.6,0.5,NA,NA,NA,TRUE,NA
"decreasing observation effort",40,3,2000,"Effort_fixed_alpha","uniform",0.8,0.5,NA,NA,NA,TRUE,NA
"decreasing observation effort",40,3,2000,"Effort_fixed_alpha","uniform",1,0.5,NA,NA,NA,TRUE,NA
"decreasing observation effort",40,3,2000,"Effort_fixed_alpha","uniform",1.2,0.5,NA,NA,NA,TRUE,NA
"decreasing observation effort",40,3,2000,"Effort_fixed_alpha","uniform",1.5,0.5,NA,NA,NA,TRUE,NA
"decreasing observation effort",40,3,2000,"Effort_fixed_alpha","uniform",1.8,0.5,NA,NA,NA,TRUE,NA
"decreasing observation effort",40,3,2000,"Solow_te_median","uniform",1,-1,2005,0,0,FALSE,-1
"decreasing observation effort",40,3,2000,"Solow_te_median","earlier_beta_1_2",1,-1,2003,-2,2,FALSE,-1
"decreasing observation effort",40,3,2000,"Solow_te_median","later_beta_2_1",1,-1,2007,2,2,FALSE,-1
"decreasing observation effort",40,3,2000,"Effort_te_median","uniform",0.6,-1,NA,NA,NA,TRUE,-1
"decreasing observation effort",40,3,2000,"Effort_te_median","uniform",1,-1,NA,NA,NA,TRUE,-1
"decreasing observation effort",40,3,2000,"Effort_te_median","uniform",1.5,-1,NA,NA,NA,TRUE,-1
"decreasing observation effort",40,3,2000,"Effort_te_median","uniform",1.8,-1,NA,NA,NA,TRUE,-1
"decreasing observation effort, matched expected sightings",1,10,2004,"Solow","uniform",1,0.3,2014,9,9,FALSE,0.0839324946710589
"decreasing observation effort, matched expected sightings",1,10,2004,"Solow","earlier_beta_1_2",1,0.3,2017,12,12,FALSE,0.122035768828891
"decreasing observation effort, matched expected sightings",1,10,2004,"Solow","later_beta_2_1",1,0.3,2013,8,8,FALSE,0.0639617068134889
"decreasing observation effort, matched expected sightings",1,10,2004,"Solow","uniform",1,0.4,2013,8,8,FALSE,0.0839324946710589
"decreasing observation effort, matched expected sightings",1,10,2004,"Solow","earlier_beta_1_2",1,0.4,2015,10,10,FALSE,0.122035768828891
"decreasing observation effort, matched expected sightings",1,10,2004,"Solow","later_beta_2_1",1,0.4,2011,6,6,FALSE,0.0639617068134889
"decreasing observation effort, matched expected sightings",1,10,2004,"Solow","uniform",1,0.5,2011,6,6,FALSE,0.0839324946710589
"decreasing observation effort, matched expected sightings",1,10,2004,"Solow","earlier_beta_1_2",1,0.5,2014,9,9,FALSE,0.122035768828891
"decreasing observation effort, matched expected sightings",1,10,2004,"Solow","later_beta_2_1",1,0.5,2010,5,5,FALSE,0.0639617068134889
"decreasing observation effort, matched expected sightings",1,10,2004,"Solow","uniform",1,0.6,2010,5,5,FALSE,0.0839324946710589
"decreasing observation effort, matched expected sightings",1,10,2004,"Solow","earlier_beta_1_2",1,0.6,2013,8,8,FALSE,0.122035768828891
"decreasing observation effort, matched expected sightings",1,10,2004,"Solow","later_beta_2_1",1,0.6,2009,4,4,FALSE,0.0639617068134889
"decreasing observation effort, matched expected sightings",1,10,2004,"Effort_fixed_alpha","uniform",0.6,0.5,NA,NA,NA,TRUE,NA
"decreasing observation effort, matched expected sightings",1,10,2004,"Effort_fixed_alpha","uniform",0.8,0.5,NA,NA,NA,TRUE,NA
"decreasing observation effort, matched expected sightings",1,10,2004,"Effort_fixed_alpha","uniform",1,0.5,NA,NA,NA,TRUE,NA
"decreasing observation effort, matched expected sightings",1,10,2004,"Effort_fixed_alpha","uniform",1.2,0.5,NA,NA,NA,TRUE,NA
"decreasing observation effort, matched expected sightings",1,10,2004,"Effort_fixed_alpha","uniform",1.5,0.5,NA,NA,NA,TRUE,NA
"decreasing observation effort, matched expected sightings",1,10,2004,"Effort_fixed_alpha","uniform",1.8,0.5,NA,NA,NA,TRUE,NA
"decreasing observation effort, matched expected sightings",1,10,2004,"Solow_te_median","uniform",1,-1,2006,1,1,FALSE,-1
"decreasing observation effort, matched expected sightings",1,10,2004,"Solow_te_median","earlier_beta_1_2",1,-1,2006,1,1,FALSE,-1
"decreasing observation effort, matched expected sightings",1,10,2004,"Solow_te_median","later_beta_2_1",1,-1,2006,1,1,FALSE,-1
"decreasing observation effort, matched expected sightings",1,10,2004,"Effort_te_median","uniform",0.6,-1,NA,NA,NA,TRUE,-1
"decreasing observation effort, matched expected sightings",1,10,2004,"Effort_te_median","uniform",1,-1,NA,NA,NA,TRUE,-1
"decreasing observation effort, matched expected sightings",1,10,2004,"Effort_te_median","uniform",1.5,-1,NA,NA,NA,TRUE,-1
"decreasing observation effort, matched expected sightings",1,10,2004,"Effort_te_median","uniform",1.8,-1,NA,NA,NA,TRUE,-1
"decreasing observation effort, matched expected sightings",2,6,2004,"Solow","uniform",1,0.3,2020,15,15,FALSE,0.296558457404214
"decreasing observation effort, matched expected sightings",2,6,2004,"Solow","earlier_beta_1_2",1,0.3,NA,NA,NA,TRUE,0.419110037940746
"decreasing observation effort, matched expected sightings",2,6,2004,"Solow","later_beta_2_1",1,0.3,2018,13,13,FALSE,0.229461756370584
"decreasing observation effort, matched expected sightings",2,6,2004,"Solow","uniform",1,0.4,2017,12,12,FALSE,0.296558457404214
"decreasing observation effort, matched expected sightings",2,6,2004,"Solow","earlier_beta_1_2",1,0.4,NA,NA,NA,TRUE,0.419110037940746
"decreasing observation effort, matched expected sightings",2,6,2004,"Solow","later_beta_2_1",1,0.4,2014,9,9,FALSE,0.229461756370584
"decreasing observation effort, matched expected sightings",2,6,2004,"Solow","uniform",1,0.5,2015,10,10,FALSE,0.296558457404214
"decreasing observation effort, matched expected sightings",2,6,2004,"Solow","earlier_beta_1_2",1,0.5,2019,14,14,FALSE,0.419110037940746
"decreasing observation effort, matched expected sightings",2,6,2004,"Solow","later_beta_2_1",1,0.5,2012,7,7,FALSE,0.229461756370584
"decreasing observation effort, matched expected sightings",2,6,2004,"Solow","uniform",1,0.6,2013,8,8,FALSE,0.296558457404214
"decreasing observation effort, matched expected sightings",2,6,2004,"Solow","earlier_beta_1_2",1,0.6,2017,12,12,FALSE,0.419110037940746
"decreasing observation effort, matched expected sightings",2,6,2004,"Solow","later_beta_2_1",1,0.6,2010,5,5,FALSE,0.229461756370584
"decreasing observation effort, matched expected sightings",2,6,2004,"Effort_fixed_alpha","uniform",0.6,0.5,NA,NA,NA,TRUE,NA
"decreasing observation effort, matched expected sightings",2,6,2004,"Effort_fixed_alpha","uniform",0.8,0.5,NA,NA,NA,TRUE,NA
"decreasing observation effort, matched expected sightings",2,6,2004,"Effort_fixed_alpha","uniform",1,0.5,NA,NA,NA,TRUE,NA
"decreasing observation effort, matched expected sightings",2,6,2004,"Effort_fixed_alpha","uniform",1.2,0.5,NA,NA,NA,TRUE,NA
"decreasing observation effort, matched expected sightings",2,6,2004,"Effort_fixed_alpha","uniform",1.5,0.5,NA,NA,NA,TRUE,NA
"decreasing observation effort, matched expected sightings",2,6,2004,"Effort_fixed_alpha","uniform",1.8,0.5,NA,NA,NA,TRUE,NA
"decreasing observation effort, matched expected sightings",2,6,2004,"Solow_te_median","uniform",1,-1,2007,2,2,FALSE,-1
"decreasing observation effort, matched expected sightings",2,6,2004,"Solow_te_median","earlier_beta_1_2",1,-1,2006,1,1,FALSE,-1
"decreasing observation effort, matched expected sightings",2,6,2004,"Solow_te_median","later_beta_2_1",1,-1,2008,3,3,FALSE,-1
"decreasing observation effort, matched expected sightings",2,6,2004,"Effort_te_median","uniform",0.6,-1,NA,NA,NA,TRUE,-1
"decreasing observation effort, matched expected sightings",2,6,2004,"Effort_te_median","uniform",1,-1,NA,NA,NA,TRUE,-1
"decreasing observation effort, matched expected sightings",2,6,2004,"Effort_te_median","uniform",1.5,-1,NA,NA,NA,TRUE,-1
"decreasing observation effort, matched expected sightings",2,6,2004,"Effort_te_median","uniform",1.8,-1,NA,NA,NA,TRUE,-1
"decreasing observation effort, matched expected sightings",3,8,2004,"Solow","uniform",1,0.3,2017,12,12,FALSE,0.167775378739336
"decreasing observation effort, matched expected sightings",3,8,2004,"Solow","earlier_beta_1_2",1,0.3,2019,14,14,FALSE,0.243336035218825
"decreasing observation effort, matched expected sightings",3,8,2004,"Solow","later_beta_2_1",1,0.3,2014,9,9,FALSE,0.128022010050794
"decreasing observation effort, matched expected sightings",3,8,2004,"Solow","uniform",1,0.4,2015,10,10,FALSE,0.167775378739336
"decreasing observation effort, matched expected sightings",3,8,2004,"Solow","earlier_beta_1_2",1,0.4,2018,13,13,FALSE,0.243336035218825
"decreasing observation effort, matched expected sightings",3,8,2004,"Solow","later_beta_2_1",1,0.4,2012,7,7,FALSE,0.128022010050794
"decreasing observation effort, matched expected sightings",3,8,2004,"Solow","uniform",1,0.5,2013,8,8,FALSE,0.167775378739336
"decreasing observation effort, matched expected sightings",3,8,2004,"Solow","earlier_beta_1_2",1,0.5,2016,11,11,FALSE,0.243336035218825
"decreasing observation effort, matched expected sightings",3,8,2004,"Solow","later_beta_2_1",1,0.5,2011,6,6,FALSE,0.128022010050794
"decreasing observation effort, matched expected sightings",3,8,2004,"Solow","uniform",1,0.6,2011,6,6,FALSE,0.167775378739336
"decreasing observation effort, matched expected sightings",3,8,2004,"Solow","earlier_beta_1_2",1,0.6,2015,10,10,FALSE,0.243336035218825
"decreasing observation effort, matched expected sightings",3,8,2004,"Solow","later_beta_2_1",1,0.6,2009,4,4,FALSE,0.128022010050794
"decreasing observation effort, matched expected sightings",3,8,2004,"Effort_fixed_alpha","uniform",0.6,0.5,NA,NA,NA,TRUE,NA
"decreasing observation effort, matched expected sightings",3,8,2004,"Effort_fixed_alpha","uniform",0.8,0.5,NA,NA,NA,TRUE,NA
"decreasing observation effort, matched expected sightings",3,8,2004,"Effort_fixed_alpha","uniform",1,0.5,NA,NA,NA,TRUE,NA
"decreasing observation effort, matched expected sightings",3,8,2004,"Effort_fixed_alpha","uniform",1.2,0.5,NA,NA,NA,TRUE,NA
"decreasing observation effort, matched expected sightings",3,8,2004,"Effort_fixed_alpha","uniform",1.5,0.5,NA,NA,NA,TRUE,NA
"decreasing observation effort, matched expected sightings",3,8,2004,"Effort_fixed_alpha","uniform",1.8,0.5,NA,NA,NA,TRUE,NA
"decreasing observation effort, matched expected sightings",3,8,2004,"Solow_te_median","uniform",1,-1,2006,1,1,FALSE,-1
"decreasing observation effort, matched expected sightings",3,8,2004,"Solow_te_median","earlier_beta_1_2",1,-1,2006,1,1,FALSE,-1
"decreasing observation effort, matched expected sightings",3,8,2004,"Solow_te_median","later_beta_2_1",1,-1,2007,2,2,FALSE,-1
"decreasing observation effort, matched expected sightings",3,8,2004,"Effort_te_median","uniform",0.6,-1,NA,NA,NA,TRUE,-1
"decreasing observation effort, matched expected sightings",3,8,2004,"Effort_te_median","uniform",1,-1,NA,NA,NA,TRUE,-1
"decreasing observation effort, matched expected sightings",3,8,2004,"Effort_te_median","uniform",1.5,-1,NA,NA,NA,TRUE,-1
"decreasing observation effort, matched expected sightings",3,8,2004,"Effort_te_median","uniform",1.8,-1,NA,NA,NA,TRUE,-1
"decreasing observation effort, matched expected sightings",4,9,2004,"Solow","uniform",1,0.3,2015,10,10,FALSE,0.120233099376469
"decreasing observation effort, matched expected sightings",4,9,2004,"Solow","earlier_beta_1_2",1,0.3,2018,13,13,FALSE,0.175019339888923
"decreasing observation effort, matched expected sightings",4,9,2004,"Solow","later_beta_2_1",1,0.3,2013,8,8,FALSE,0.0915692197244083
"decreasing observation effort, matched expected sightings",4,9,2004,"Solow","uniform",1,0.4,2014,9,9,FALSE,0.120233099376469
"decreasing observation effort, matched expected sightings",4,9,2004,"Solow","earlier_beta_1_2",1,0.4,2016,11,11,FALSE,0.175019339888923
"decreasing observation effort, matched expected sightings",4,9,2004,"Solow","later_beta_2_1",1,0.4,2012,7,7,FALSE,0.0915692197244083
"decreasing observation effort, matched expected sightings",4,9,2004,"Solow","uniform",1,0.5,2012,7,7,FALSE,0.120233099376469
"decreasing observation effort, matched expected sightings",4,9,2004,"Solow","earlier_beta_1_2",1,0.5,2015,10,10,FALSE,0.175019339888923
"decreasing observation effort, matched expected sightings",4,9,2004,"Solow","later_beta_2_1",1,0.5,2010,5,5,FALSE,0.0915692197244083
"decreasing observation effort, matched expected sightings",4,9,2004,"Solow","uniform",1,0.6,2011,6,6,FALSE,0.120233099376469
"decreasing observation effort, matched expected sightings",4,9,2004,"Solow","earlier_beta_1_2",1,0.6,2014,9,9,FALSE,0.175019339888923
"decreasing observation effort, matched expected sightings",4,9,2004,"Solow","later_beta_2_1",1,0.6,2009,4,4,FALSE,0.0915692197244083
"decreasing observation effort, matched expected sightings",4,9,2004,"Effort_fixed_alpha","uniform",0.6,0.5,NA,NA,NA,TRUE,NA
"decreasing observation effort, matched expected sightings",4,9,2004,"Effort_fixed_alpha","uniform",0.8,0.5,NA,NA,NA,TRUE,NA
"decreasing observation effort, matched expected sightings",4,9,2004,"Effort_fixed_alpha","uniform",1,0.5,NA,NA,NA,TRUE,NA
"decreasing observation effort, matched expected sightings",4,9,2004,"Effort_fixed_alpha","uniform",1.2,0.5,NA,NA,NA,TRUE,NA
"decreasing observation effort, matched expected sightings",4,9,2004,"Effort_fixed_alpha","uniform",1.5,0.5,NA,NA,NA,TRUE,NA
"decreasing observation effort, matched expected sightings",4,9,2004,"Effort_fixed_alpha","uniform",1.8,0.5,NA,NA,NA,TRUE,NA
"decreasing observation effort, matched expected sightings",4,9,2004,"Solow_te_median","uniform",1,-1,2006,1,1,FALSE,-1
"decreasing observation effort, matched expected sightings",4,9,2004,"Solow_te_median","earlier_beta_1_2",1,-1,2006,1,1,FALSE,-1
"decreasing observation effort, matched expected sightings",4,9,2004,"Solow_te_median","later_beta_2_1",1,-1,2006,1,1,FALSE,-1
"decreasing observation effort, matched expected sightings",4,9,2004,"Effort_te_median","uniform",0.6,-1,NA,NA,NA,TRUE,-1
"decreasing observation effort, matched expected sightings",4,9,2004,"Effort_te_median","uniform",1,-1,NA,NA,NA,TRUE,-1
"decreasing observation effort, matched expected sightings",4,9,2004,"Effort_te_median","uniform",1.5,-1,NA,NA,NA,TRUE,-1
"decreasing observation effort, matched expected sightings",4,9,2004,"Effort_te_median","uniform",1.8,-1,NA,NA,NA,TRUE,-1
"decreasing observation effort, matched expected sightings",5,10,1997,"Solow","uniform",1,0.3,2004,-1,1,FALSE,0.00405671033757236
"decreasing observation effort, matched expected sightings",5,10,1997,"Solow","earlier_beta_1_2",1,0.3,2006,1,1,FALSE,0.00388515855448607
"decreasing observation effort, matched expected sightings",5,10,1997,"Solow","later_beta_2_1",1,0.3,2003,-2,2,FALSE,0.0042441119486516
"decreasing observation effort, matched expected sightings",5,10,1997,"Solow","uniform",1,0.4,2003,-2,2,FALSE,0.00405671033757236
"decreasing observation effort, matched expected sightings",5,10,1997,"Solow","earlier_beta_1_2",1,0.4,2005,0,0,FALSE,0.00388515855448607
"decreasing observation effort, matched expected sightings",5,10,1997,"Solow","later_beta_2_1",1,0.4,2002,-3,3,FALSE,0.0042441119486516
"decreasing observation effort, matched expected sightings",5,10,1997,"Solow","uniform",1,0.5,2002,-3,3,FALSE,0.00405671033757236
"decreasing observation effort, matched expected sightings",5,10,1997,"Solow","earlier_beta_1_2",1,0.5,2004,-1,1,FALSE,0.00388515855448607
"decreasing observation effort, matched expected sightings",5,10,1997,"Solow","later_beta_2_1",1,0.5,2001,-4,4,FALSE,0.0042441119486516
"decreasing observation effort, matched expected sightings",5,10,1997,"Solow","uniform",1,0.6,2002,-3,3,FALSE,0.00405671033757236
"decreasing observation effort, matched expected sightings",5,10,1997,"Solow","earlier_beta_1_2",1,0.6,2004,-1,1,FALSE,0.00388515855448607
"decreasing observation effort, matched expected sightings",5,10,1997,"Solow","later_beta_2_1",1,0.6,2000,-5,5,FALSE,0.0042441119486516
"decreasing observation effort, matched expected sightings",5,10,1997,"Effort_fixed_alpha","uniform",0.6,0.5,NA,NA,NA,TRUE,NA
"decreasing observation effort, matched expected sightings",5,10,1997,"Effort_fixed_alpha","uniform",0.8,0.5,NA,NA,NA,TRUE,NA
"decreasing observation effort, matched expected sightings",5,10,1997,"Effort_fixed_alpha","uniform",1,0.5,NA,NA,NA,TRUE,NA
"decreasing observation effort, matched expected sightings",5,10,1997,"Effort_fixed_alpha","uniform",1.2,0.5,NA,NA,NA,TRUE,NA
"decreasing observation effort, matched expected sightings",5,10,1997,"Effort_fixed_alpha","uniform",1.5,0.5,NA,NA,NA,TRUE,NA
"decreasing observation effort, matched expected sightings",5,10,1997,"Effort_fixed_alpha","uniform",1.8,0.5,NA,NA,NA,TRUE,NA
"decreasing observation effort, matched expected sightings",5,10,1997,"Solow_te_median","uniform",1,-1,1998,-7,7,FALSE,-1
"decreasing observation effort, matched expected sightings",5,10,1997,"Solow_te_median","earlier_beta_1_2",1,-1,1998,-7,7,FALSE,-1
"decreasing observation effort, matched expected sightings",5,10,1997,"Solow_te_median","later_beta_2_1",1,-1,1999,-6,6,FALSE,-1
"decreasing observation effort, matched expected sightings",5,10,1997,"Effort_te_median","uniform",0.6,-1,NA,NA,NA,TRUE,-1
"decreasing observation effort, matched expected sightings",5,10,1997,"Effort_te_median","uniform",1,-1,NA,NA,NA,TRUE,-1
"decreasing observation effort, matched expected sightings",5,10,1997,"Effort_te_median","uniform",1.5,-1,NA,NA,NA,TRUE,-1
"decreasing observation effort, matched expected sightings",5,10,1997,"Effort_te_median","uniform",1.8,-1,NA,NA,NA,TRUE,-1
"decreasing observation effort, matched expected sightings",6,11,2004,"Solow","uniform",1,0.3,2014,9,9,FALSE,0.0573454613154728
"decreasing observation effort, matched expected sightings",6,11,2004,"Solow","earlier_beta_1_2",1,0.3,2016,11,11,FALSE,0.0830036014241022
"decreasing observation effort, matched expected sightings",6,11,2004,"Solow","later_beta_2_1",1,0.3,2012,7,7,FALSE,0.0438045603481975
"decreasing observation effort, matched expected sightings",6,11,2004,"Solow","uniform",1,0.4,2012,7,7,FALSE,0.0573454613154728
"decreasing observation effort, matched expected sightings",6,11,2004,"Solow","earlier_beta_1_2",1,0.4,2015,10,10,FALSE,0.0830036014241022
"decreasing observation effort, matched expected sightings",6,11,2004,"Solow","later_beta_2_1",1,0.4,2011,6,6,FALSE,0.0438045603481975
"decreasing observation effort, matched expected sightings",6,11,2004,"Solow","uniform",1,0.5,2011,6,6,FALSE,0.0573454613154728
"decreasing observation effort, matched expected sightings",6,11,2004,"Solow","earlier_beta_1_2",1,0.5,2014,9,9,FALSE,0.0830036014241022
"decreasing observation effort, matched expected sightings",6,11,2004,"Solow","later_beta_2_1",1,0.5,2010,5,5,FALSE,0.0438045603481975
"decreasing observation effort, matched expected sightings",6,11,2004,"Solow","uniform",1,0.6,2010,5,5,FALSE,0.0573454613154728
"decreasing observation effort, matched expected sightings",6,11,2004,"Solow","earlier_beta_1_2",1,0.6,2013,8,8,FALSE,0.0830036014241022
"decreasing observation effort, matched expected sightings",6,11,2004,"Solow","later_beta_2_1",1,0.6,2008,3,3,FALSE,0.0438045603481975
"decreasing observation effort, matched expected sightings",6,11,2004,"Effort_fixed_alpha","uniform",0.6,0.5,NA,NA,NA,TRUE,NA
"decreasing observation effort, matched expected sightings",6,11,2004,"Effort_fixed_alpha","uniform",0.8,0.5,NA,NA,NA,TRUE,NA
"decreasing observation effort, matched expected sightings",6,11,2004,"Effort_fixed_alpha","uniform",1,0.5,NA,NA,NA,TRUE,NA
"decreasing observation effort, matched expected sightings",6,11,2004,"Effort_fixed_alpha","uniform",1.2,0.5,NA,NA,NA,TRUE,NA
"decreasing observation effort, matched expected sightings",6,11,2004,"Effort_fixed_alpha","uniform",1.5,0.5,NA,NA,NA,TRUE,NA
"decreasing observation effort, matched expected sightings",6,11,2004,"Effort_fixed_alpha","uniform",1.8,0.5,NA,NA,NA,TRUE,NA
"decreasing observation effort, matched expected sightings",6,11,2004,"Solow_te_median","uniform",1,-1,2006,1,1,FALSE,-1
"decreasing observation effort, matched expected sightings",6,11,2004,"Solow_te_median","earlier_beta_1_2",1,-1,2005,0,0,FALSE,-1
"decreasing observation effort, matched expected sightings",6,11,2004,"Solow_te_median","later_beta_2_1",1,-1,2006,1,1,FALSE,-1
"decreasing observation effort, matched expected sightings",6,11,2004,"Effort_te_median","uniform",0.6,-1,NA,NA,NA,TRUE,-1
"decreasing observation effort, matched expected sightings",6,11,2004,"Effort_te_median","uniform",1,-1,NA,NA,NA,TRUE,-1
"decreasing observation effort, matched expected sightings",6,11,2004,"Effort_te_median","uniform",1.5,-1,NA,NA,NA,TRUE,-1
"decreasing observation effort, matched expected sightings",6,11,2004,"Effort_te_median","uniform",1.8,-1,NA,NA,NA,TRUE,-1
"decreasing observation effort, matched expected sightings",7,11,2002,"Solow","uniform",1,0.3,2011,6,6,FALSE,0.0247649601965119
"decreasing observation effort, matched expected sightings",7,11,2002,"Solow","earlier_beta_1_2",1,0.3,2013,8,8,FALSE,0.0315173028560716
"decreasing observation effort, matched expected sightings",7,11,2002,"Solow","later_beta_2_1",1,0.3,2009,4,4,FALSE,0.0203954005900895
"decreasing observation effort, matched expected sightings",7,11,2002,"Solow","uniform",1,0.4,2010,5,5,FALSE,0.0247649601965119
"decreasing observation effort, matched expected sightings",7,11,2002,"Solow","earlier_beta_1_2",1,0.4,2012,7,7,FALSE,0.0315173028560716
"decreasing observation effort, matched expected sightings",7,11,2002,"Solow","later_beta_2_1",1,0.4,2008,3,3,FALSE,0.0203954005900895
"decreasing observation effort, matched expected sightings",7,11,2002,"Solow","uniform",1,0.5,2008,3,3,FALSE,0.0247649601965119
"decreasing observation effort, matched expected sightings",7,11,2002,"Solow","earlier_beta_1_2",1,0.5,2011,6,6,FALSE,0.0315173028560716
"decreasing observation effort, matched expected sightings",7,11,2002,"Solow","later_beta_2_1",1,0.5,2007,2,2,FALSE,0.0203954005900895
"decreasing observation effort, matched expected sightings",7,11,2002,"Solow","uniform",1,0.6,2007,2,2,FALSE,0.0247649601965119
"decreasing observation effort, matched expected sightings",7,11,2002,"Solow","earlier_beta_1_2",1,0.6,2010,5,5,FALSE,0.0315173028560716
"decreasing observation effort, matched expected sightings",7,11,2002,"Solow","later_beta_2_1",1,0.6,2006,1,1,FALSE,0.0203954005900895
"decreasing observation effort, matched expected sightings",7,11,2002,"Effort_fixed_alpha","uniform",0.6,0.5,2011,6,6,FALSE,0.169478307958656
"decreasing observation effort, matched expected sightings",7,11,2002,"Effort_fixed_alpha","uniform",0.8,0.5,2010,5,5,FALSE,0.069169114568366
"decreasing observation effort, matched expected sightings",7,11,2002,"Effort_fixed_alpha","uniform",1,0.5,2008,3,3,FALSE,0.0247649601971921
"decreasing observation effort, matched expected sightings",7,11,2002,"Effort_fixed_alpha","uniform",1.2,0.5,2008,3,3,FALSE,0.00823171305254201
"decreasing observation effort, matched expected sightings",7,11,2002,"Effort_fixed_alpha","uniform",1.5,0.5,2007,2,2,FALSE,0.00146338446647632
"decreasing observation effort, matched expected sightings",7,11,2002,"Effort_fixed_alpha","uniform",1.8,0.5,2006,1,1,FALSE,0.000247101165262439
"decreasing observation effort, matched expected sightings",7,11,2002,"Solow_te_median","uniform",1,-1,2004,-1,1,FALSE,-1
"decreasing observation effort, matched expected sightings",7,11,2002,"Solow_te_median","earlier_beta_1_2",1,-1,2003,-2,2,FALSE,-1
"decreasing observation effort, matched expected sightings",7,11,2002,"Solow_te_median","later_beta_2_1",1,-1,2004,-1,1,FALSE,-1
"decreasing observation effort, matched expected sightings",7,11,2002,"Effort_te_median","uniform",0.6,-1,2005,0,0,FALSE,-1
"decreasing observation effort, matched expected sightings",7,11,2002,"Effort_te_median","uniform",1,-1,2004,-1,1,FALSE,-1
"decreasing observation effort, matched expected sightings",7,11,2002,"Effort_te_median","uniform",1.5,-1,2003,-2,2,FALSE,-1
"decreasing observation effort, matched expected sightings",7,11,2002,"Effort_te_median","uniform",1.8,-1,2003,-2,2,FALSE,-1
"decreasing observation effort, matched expected sightings",8,11,2003,"Solow","uniform",1,0.3,2012,7,7,FALSE,0.0381508818502361
"decreasing observation effort, matched expected sightings",8,11,2003,"Solow","earlier_beta_1_2",1,0.3,2014,9,9,FALSE,0.0518056751943147
"decreasing observation effort, matched expected sightings",8,11,2003,"Solow","later_beta_2_1",1,0.3,2011,6,6,FALSE,0.0301927596554064
"decreasing observation effort, matched expected sightings",8,11,2003,"Solow","uniform",1,0.4,2011,6,6,FALSE,0.0381508818502361
"decreasing observation effort, matched expected sightings",8,11,2003,"Solow","earlier_beta_1_2",1,0.4,2013,8,8,FALSE,0.0518056751943147
"decreasing observation effort, matched expected sightings",8,11,2003,"Solow","later_beta_2_1",1,0.4,2009,4,4,FALSE,0.0301927596554064
"decreasing observation effort, matched expected sightings",8,11,2003,"Solow","uniform",1,0.5,2010,5,5,FALSE,0.0381508818502361
"decreasing observation effort, matched expected sightings",8,11,2003,"Solow","earlier_beta_1_2",1,0.5,2012,7,7,FALSE,0.0518056751943147
"decreasing observation effort, matched expected sightings",8,11,2003,"Solow","later_beta_2_1",1,0.5,2008,3,3,FALSE,0.0301927596554064
"decreasing observation effort, matched expected sightings",8,11,2003,"Solow","uniform",1,0.6,2009,4,4,FALSE,0.0381508818502361
"decreasing observation effort, matched expected sightings",8,11,2003,"Solow","earlier_beta_1_2",1,0.6,2011,6,6,FALSE,0.0518056751943147
"decreasing observation effort, matched expected sightings",8,11,2003,"Solow","later_beta_2_1",1,0.6,2007,2,2,FALSE,0.0301927596554064
"decreasing observation effort, matched expected sightings",8,11,2003,"Effort_fixed_alpha","uniform",0.6,0.5,NA,NA,NA,TRUE,NA
"decreasing observation effort, matched expected sightings",8,11,2003,"Effort_fixed_alpha","uniform",0.8,0.5,NA,NA,NA,TRUE,NA
"decreasing observation effort, matched expected sightings",8,11,2003,"Effort_fixed_alpha","uniform",1,0.5,NA,NA,NA,TRUE,NA
"decreasing observation effort, matched expected sightings",8,11,2003,"Effort_fixed_alpha","uniform",1.2,0.5,NA,NA,NA,TRUE,NA
"decreasing observation effort, matched expected sightings",8,11,2003,"Effort_fixed_alpha","uniform",1.5,0.5,NA,NA,NA,TRUE,NA
"decreasing observation effort, matched expected sightings",8,11,2003,"Effort_fixed_alpha","uniform",1.8,0.5,NA,NA,NA,TRUE,NA
"decreasing observation effort, matched expected sightings",8,11,2003,"Solow_te_median","uniform",1,-1,2005,0,0,FALSE,-1
"decreasing observation effort, matched expected sightings",8,11,2003,"Solow_te_median","earlier_beta_1_2",1,-1,2004,-1,1,FALSE,-1
"decreasing observation effort, matched expected sightings",8,11,2003,"Solow_te_median","later_beta_2_1",1,-1,2005,0,0,FALSE,-1
"decreasing observation effort, matched expected sightings",8,11,2003,"Effort_te_median","uniform",0.6,-1,NA,NA,NA,TRUE,-1
"decreasing observation effort, matched expected sightings",8,11,2003,"Effort_te_median","uniform",1,-1,NA,NA,NA,TRUE,-1
"decreasing observation effort, matched expected sightings",8,11,2003,"Effort_te_median","uniform",1.5,-1,NA,NA,NA,TRUE,-1
"decreasing observation effort, matched expected sightings",8,11,2003,"Effort_te_median","uniform",1.8,-1,NA,NA,NA,TRUE,-1
"decreasing observation effort, matched expected sightings",9,7,2001,"Solow","uniform",1,0.3,2013,8,8,FALSE,0.113727290695148
"decreasing observation effort, matched expected sightings",9,7,2001,"Solow","earlier_beta_1_2",1,0.3,2016,11,11,FALSE,0.143744383776925
"decreasing observation effort, matched expected sightings",9,7,2001,"Solow","later_beta_2_1",1,0.3,2011,6,6,FALSE,0.0940810334668524
"decreasing observation effort, matched expected sightings",9,7,2001,"Solow","uniform",1,0.4,2011,6,6,FALSE,0.113727290695148
"decreasing observation effort, matched expected sightings",9,7,2001,"Solow","earlier_beta_1_2",1,0.4,2014,9,9,FALSE,0.143744383776925
"decreasing observation effort, matched expected sightings",9,7,2001,"Solow","later_beta_2_1",1,0.4,2009,4,4,FALSE,0.0940810334668524
"decreasing observation effort, matched expected sightings",9,7,2001,"Solow","uniform",1,0.5,2010,5,5,FALSE,0.113727290695148
"decreasing observation effort, matched expected sightings",9,7,2001,"Solow","earlier_beta_1_2",1,0.5,2013,8,8,FALSE,0.143744383776925
"decreasing observation effort, matched expected sightings",9,7,2001,"Solow","later_beta_2_1",1,0.5,2007,2,2,FALSE,0.0940810334668524
"decreasing observation effort, matched expected sightings",9,7,2001,"Solow","uniform",1,0.6,2008,3,3,FALSE,0.113727290695148
"decreasing observation effort, matched expected sightings",9,7,2001,"Solow","earlier_beta_1_2",1,0.6,2011,6,6,FALSE,0.143744383776925
"decreasing observation effort, matched expected sightings",9,7,2001,"Solow","later_beta_2_1",1,0.6,2006,1,1,FALSE,0.0940810334668524
"decreasing observation effort, matched expected sightings",9,7,2001,"Effort_fixed_alpha","uniform",0.6,0.5,2013,8,8,FALSE,0.318052720783105
"decreasing observation effort, matched expected sightings",9,7,2001,"Effort_fixed_alpha","uniform",0.8,0.5,2011,6,6,FALSE,0.200207716821289
"decreasing observation effort, matched expected sightings",9,7,2001,"Effort_fixed_alpha","uniform",1,0.5,2010,5,5,FALSE,0.113727290792138
"decreasing observation effort, matched expected sightings",9,7,2001,"Effort_fixed_alpha","uniform",1.2,0.5,2008,3,3,FALSE,0.05962351163196
"decreasing observation effort, matched expected sightings",9,7,2001,"Effort_fixed_alpha","uniform",1.5,0.5,2007,2,2,FALSE,0.0204742195533309
"decreasing observation effort, matched expected sightings",9,7,2001,"Effort_fixed_alpha","uniform",1.8,0.5,2007,2,2,FALSE,0.00654187048568049
"decreasing observation effort, matched expected sightings",9,7,2001,"Solow_te_median","uniform",1,-1,2003,-2,2,FALSE,-1
"decreasing observation effort, matched expected sightings",9,7,2001,"Solow_te_median","earlier_beta_1_2",1,-1,2003,-2,2,FALSE,-1
"decreasing observation effort, matched expected sightings",9,7,2001,"Solow_te_median","later_beta_2_1",1,-1,2004,-1,1,FALSE,-1
"decreasing observation effort, matched expected sightings",9,7,2001,"Effort_te_median","uniform",0.6,-1,2005,0,0,FALSE,-1
"decreasing observation effort, matched expected sightings",9,7,2001,"Effort_te_median","uniform",1,-1,2003,-2,2,FALSE,-1
"decreasing observation effort, matched expected sightings",9,7,2001,"Effort_te_median","uniform",1.5,-1,2003,-2,2,FALSE,-1
"decreasing observation effort, matched expected sightings",9,7,2001,"Effort_te_median","uniform",1.8,-1,2002,-3,3,FALSE,-1
"decreasing observation effort, matched expected sightings",10,7,2001,"Solow","uniform",1,0.3,2013,8,8,FALSE,0.113727290695148
"decreasing observation effort, matched expected sightings",10,7,2001,"Solow","earlier_beta_1_2",1,0.3,2016,11,11,FALSE,0.143744383776925
"decreasing observation effort, matched expected sightings",10,7,2001,"Solow","later_beta_2_1",1,0.3,2011,6,6,FALSE,0.0940810334668524
"decreasing observation effort, matched expected sightings",10,7,2001,"Solow","uniform",1,0.4,2011,6,6,FALSE,0.113727290695148
"decreasing observation effort, matched expected sightings",10,7,2001,"Solow","earlier_beta_1_2",1,0.4,2014,9,9,FALSE,0.143744383776925
"decreasing observation effort, matched expected sightings",10,7,2001,"Solow","later_beta_2_1",1,0.4,2009,4,4,FALSE,0.0940810334668524
"decreasing observation effort, matched expected sightings",10,7,2001,"Solow","uniform",1,0.5,2010,5,5,FALSE,0.113727290695148
"decreasing observation effort, matched expected sightings",10,7,2001,"Solow","earlier_beta_1_2",1,0.5,2013,8,8,FALSE,0.143744383776925
"decreasing observation effort, matched expected sightings",10,7,2001,"Solow","later_beta_2_1",1,0.5,2007,2,2,FALSE,0.0940810334668524
"decreasing observation effort, matched expected sightings",10,7,2001,"Solow","uniform",1,0.6,2008,3,3,FALSE,0.113727290695148
"decreasing observation effort, matched expected sightings",10,7,2001,"Solow","earlier_beta_1_2",1,0.6,2011,6,6,FALSE,0.143744383776925
"decreasing observation effort, matched expected sightings",10,7,2001,"Solow","later_beta_2_1",1,0.6,2006,1,1,FALSE,0.0940810334668524
"decreasing observation effort, matched expected sightings",10,7,2001,"Effort_fixed_alpha","uniform",0.6,0.5,NA,NA,NA,TRUE,NA
"decreasing observation effort, matched expected sightings",10,7,2001,"Effort_fixed_alpha","uniform",0.8,0.5,NA,NA,NA,TRUE,NA
"decreasing observation effort, matched expected sightings",10,7,2001,"Effort_fixed_alpha","uniform",1,0.5,NA,NA,NA,TRUE,NA
"decreasing observation effort, matched expected sightings",10,7,2001,"Effort_fixed_alpha","uniform",1.2,0.5,NA,NA,NA,TRUE,NA
"decreasing observation effort, matched expected sightings",10,7,2001,"Effort_fixed_alpha","uniform",1.5,0.5,NA,NA,NA,TRUE,NA
"decreasing observation effort, matched expected sightings",10,7,2001,"Effort_fixed_alpha","uniform",1.8,0.5,NA,NA,NA,TRUE,NA
"decreasing observation effort, matched expected sightings",10,7,2001,"Solow_te_median","uniform",1,-1,2003,-2,2,FALSE,-1
"decreasing observation effort, matched expected sightings",10,7,2001,"Solow_te_median","earlier_beta_1_2",1,-1,2003,-2,2,FALSE,-1
"decreasing observation effort, matched expected sightings",10,7,2001,"Solow_te_median","later_beta_2_1",1,-1,2004,-1,1,FALSE,-1
"decreasing observation effort, matched expected sightings",10,7,2001,"Effort_te_median","uniform",0.6,-1,NA,NA,NA,TRUE,-1
"decreasing observation effort, matched expected sightings",10,7,2001,"Effort_te_median","uniform",1,-1,NA,NA,NA,TRUE,-1
"decreasing observation effort, matched expected sightings",10,7,2001,"Effort_te_median","uniform",1.5,-1,NA,NA,NA,TRUE,-1
"decreasing observation effort, matched expected sightings",10,7,2001,"Effort_te_median","uniform",1.8,-1,NA,NA,NA,TRUE,-1
"decreasing observation effort, matched expected sightings",11,11,2000,"Solow","uniform",1,0.3,2008,3,3,FALSE,0.00968054211025862
"decreasing observation effort, matched expected sightings",11,11,2000,"Solow","earlier_beta_1_2",1,0.3,2010,5,5,FALSE,0.0108643167551008
"decreasing observation effort, matched expected sightings",11,11,2000,"Solow","later_beta_2_1",1,0.3,2007,2,2,FALSE,0.00872938894267013
"decreasing observation effort, matched expected sightings",11,11,2000,"Solow","uniform",1,0.4,2007,2,2,FALSE,0.00968054211025862
"decreasing observation effort, matched expected sightings",11,11,2000,"Solow","earlier_beta_1_2",1,0.4,2009,4,4,FALSE,0.0108643167551008
"decreasing observation effort, matched expected sightings",11,11,2000,"Solow","later_beta_2_1",1,0.4,2006,1,1,FALSE,0.00872938894267013
"decreasing observation effort, matched expected sightings",11,11,2000,"Solow","uniform",1,0.5,2006,1,1,FALSE,0.00968054211025862
"decreasing observation effort, matched expected sightings",11,11,2000,"Solow","earlier_beta_1_2",1,0.5,2008,3,3,FALSE,0.0108643167551008
"decreasing observation effort, matched expected sightings",11,11,2000,"Solow","later_beta_2_1",1,0.5,2005,0,0,FALSE,0.00872938894267013
"decreasing observation effort, matched expected sightings",11,11,2000,"Solow","uniform",1,0.6,2005,0,0,FALSE,0.00968054211025862
"decreasing observation effort, matched expected sightings",11,11,2000,"Solow","earlier_beta_1_2",1,0.6,2007,2,2,FALSE,0.0108643167551008
"decreasing observation effort, matched expected sightings",11,11,2000,"Solow","later_beta_2_1",1,0.6,2004,-1,1,FALSE,0.00872938894267013
"decreasing observation effort, matched expected sightings",11,11,2000,"Effort_fixed_alpha","uniform",0.6,0.5,NA,NA,NA,TRUE,NA
"decreasing observation effort, matched expected sightings",11,11,2000,"Effort_fixed_alpha","uniform",0.8,0.5,NA,NA,NA,TRUE,NA
"decreasing observation effort, matched expected sightings",11,11,2000,"Effort_fixed_alpha","uniform",1,0.5,NA,NA,NA,TRUE,NA
"decreasing observation effort, matched expected sightings",11,11,2000,"Effort_fixed_alpha","uniform",1.2,0.5,NA,NA,NA,TRUE,NA
"decreasing observation effort, matched expected sightings",11,11,2000,"Effort_fixed_alpha","uniform",1.5,0.5,NA,NA,NA,TRUE,NA
"decreasing observation effort, matched expected sightings",11,11,2000,"Effort_fixed_alpha","uniform",1.8,0.5,NA,NA,NA,TRUE,NA
"decreasing observation effort, matched expected sightings",11,11,2000,"Solow_te_median","uniform",1,-1,2001,-4,4,FALSE,-1
"decreasing observation effort, matched expected sightings",11,11,2000,"Solow_te_median","earlier_beta_1_2",1,-1,2001,-4,4,FALSE,-1
"decreasing observation effort, matched expected sightings",11,11,2000,"Solow_te_median","later_beta_2_1",1,-1,2002,-3,3,FALSE,-1
"decreasing observation effort, matched expected sightings",11,11,2000,"Effort_te_median","uniform",0.6,-1,NA,NA,NA,TRUE,-1
"decreasing observation effort, matched expected sightings",11,11,2000,"Effort_te_median","uniform",1,-1,NA,NA,NA,TRUE,-1
"decreasing observation effort, matched expected sightings",11,11,2000,"Effort_te_median","uniform",1.5,-1,NA,NA,NA,TRUE,-1
"decreasing observation effort, matched expected sightings",11,11,2000,"Effort_te_median","uniform",1.8,-1,NA,NA,NA,TRUE,-1
"decreasing observation effort, matched expected sightings",12,7,2004,"Solow","uniform",1,0.3,2018,13,13,FALSE,0.226984950579949
"decreasing observation effort, matched expected sightings",12,7,2004,"Solow","earlier_beta_1_2",1,0.3,NA,NA,NA,TRUE,0.32603834323064
"decreasing observation effort, matched expected sightings",12,7,2004,"Solow","later_beta_2_1",1,0.3,2016,11,11,FALSE,0.174093709612918
"decreasing observation effort, matched expected sightings",12,7,2004,"Solow","uniform",1,0.4,2016,11,11,FALSE,0.226984950579949
"decreasing observation effort, matched expected sightings",12,7,2004,"Solow","earlier_beta_1_2",1,0.4,2019,14,14,FALSE,0.32603834323064
"decreasing observation effort, matched expected sightings",12,7,2004,"Solow","later_beta_2_1",1,0.4,2013,8,8,FALSE,0.174093709612918
"decreasing observation effort, matched expected sightings",12,7,2004,"Solow","uniform",1,0.5,2014,9,9,FALSE,0.226984950579949
"decreasing observation effort, matched expected sightings",12,7,2004,"Solow","earlier_beta_1_2",1,0.5,2017,12,12,FALSE,0.32603834323064
"decreasing observation effort, matched expected sightings",12,7,2004,"Solow","later_beta_2_1",1,0.5,2011,6,6,FALSE,0.174093709612918
"decreasing observation effort, matched expected sightings",12,7,2004,"Solow","uniform",1,0.6,2012,7,7,FALSE,0.226984950579949
"decreasing observation effort, matched expected sightings",12,7,2004,"Solow","earlier_beta_1_2",1,0.6,2016,11,11,FALSE,0.32603834323064
"decreasing observation effort, matched expected sightings",12,7,2004,"Solow","later_beta_2_1",1,0.6,2010,5,5,FALSE,0.174093709612918
"decreasing observation effort, matched expected sightings",12,7,2004,"Effort_fixed_alpha","uniform",0.6,0.5,NA,NA,NA,TRUE,NA
"decreasing observation effort, matched expected sightings",12,7,2004,"Effort_fixed_alpha","uniform",0.8,0.5,NA,NA,NA,TRUE,NA
"decreasing observation effort, matched expected sightings",12,7,2004,"Effort_fixed_alpha","uniform",1,0.5,NA,NA,NA,TRUE,NA
"decreasing observation effort, matched expected sightings",12,7,2004,"Effort_fixed_alpha","uniform",1.2,0.5,NA,NA,NA,TRUE,NA
"decreasing observation effort, matched expected sightings",12,7,2004,"Effort_fixed_alpha","uniform",1.5,0.5,NA,NA,NA,TRUE,NA
"decreasing observation effort, matched expected sightings",12,7,2004,"Effort_fixed_alpha","uniform",1.8,0.5,NA,NA,NA,TRUE,NA
"decreasing observation effort, matched expected sightings",12,7,2004,"Solow_te_median","uniform",1,-1,2007,2,2,FALSE,-1
"decreasing observation effort, matched expected sightings",12,7,2004,"Solow_te_median","earlier_beta_1_2",1,-1,2006,1,1,FALSE,-1
"decreasing observation effort, matched expected sightings",12,7,2004,"Solow_te_median","later_beta_2_1",1,-1,2007,2,2,FALSE,-1
"decreasing observation effort, matched expected sightings",12,7,2004,"Effort_te_median","uniform",0.6,-1,NA,NA,NA,TRUE,-1
"decreasing observation effort, matched expected sightings",12,7,2004,"Effort_te_median","uniform",1,-1,NA,NA,NA,TRUE,-1
"decreasing observation effort, matched expected sightings",12,7,2004,"Effort_te_median","uniform",1.5,-1,NA,NA,NA,TRUE,-1
"decreasing observation effort, matched expected sightings",12,7,2004,"Effort_te_median","uniform",1.8,-1,NA,NA,NA,TRUE,-1
"decreasing observation effort, matched expected sightings",13,5,1999,"Solow","uniform",1,0.3,2015,10,10,FALSE,0.17664877530269
"decreasing observation effort, matched expected sightings",13,5,1999,"Solow","earlier_beta_1_2",1,0.3,2017,12,12,FALSE,0.209730202922615
"decreasing observation effort, matched expected sightings",13,5,1999,"Solow","later_beta_2_1",1,0.3,2012,7,7,FALSE,0.152581585188004
"decreasing observation effort, matched expected sightings",13,5,1999,"Solow","uniform",1,0.4,2011,6,6,FALSE,0.17664877530269
"decreasing observation effort, matched expected sightings",13,5,1999,"Solow","earlier_beta_1_2",1,0.4,2015,10,10,FALSE,0.209730202922615
"decreasing observation effort, matched expected sightings",13,5,1999,"Solow","later_beta_2_1",1,0.4,2009,4,4,FALSE,0.152581585188004
"decreasing observation effort, matched expected sightings",13,5,1999,"Solow","uniform",1,0.5,2009,4,4,FALSE,0.17664877530269
"decreasing observation effort, matched expected sightings",13,5,1999,"Solow","earlier_beta_1_2",1,0.5,2012,7,7,FALSE,0.209730202922615
"decreasing observation effort, matched expected sightings",13,5,1999,"Solow","later_beta_2_1",1,0.5,2006,1,1,FALSE,0.152581585188004
"decreasing observation effort, matched expected sightings",13,5,1999,"Solow","uniform",1,0.6,2007,2,2,FALSE,0.17664877530269
"decreasing observation effort, matched expected sightings",13,5,1999,"Solow","earlier_beta_1_2",1,0.6,2011,6,6,FALSE,0.209730202922615
"decreasing observation effort, matched expected sightings",13,5,1999,"Solow","later_beta_2_1",1,0.6,2004,-1,1,FALSE,0.152581585188004
"decreasing observation effort, matched expected sightings",13,5,1999,"Effort_fixed_alpha","uniform",0.6,0.5,NA,NA,NA,TRUE,NA
"decreasing observation effort, matched expected sightings",13,5,1999,"Effort_fixed_alpha","uniform",0.8,0.5,NA,NA,NA,TRUE,NA
"decreasing observation effort, matched expected sightings",13,5,1999,"Effort_fixed_alpha","uniform",1,0.5,NA,NA,NA,TRUE,NA
"decreasing observation effort, matched expected sightings",13,5,1999,"Effort_fixed_alpha","uniform",1.2,0.5,NA,NA,NA,TRUE,NA
"decreasing observation effort, matched expected sightings",13,5,1999,"Effort_fixed_alpha","uniform",1.5,0.5,NA,NA,NA,TRUE,NA
"decreasing observation effort, matched expected sightings",13,5,1999,"Effort_fixed_alpha","uniform",1.8,0.5,NA,NA,NA,TRUE,NA
"decreasing observation effort, matched expected sightings",13,5,1999,"Solow_te_median","uniform",1,-1,2002,-3,3,FALSE,-1
"decreasing observation effort, matched expected sightings",13,5,1999,"Solow_te_median","earlier_beta_1_2",1,-1,2001,-4,4,FALSE,-1
"decreasing observation effort, matched expected sightings",13,5,1999,"Solow_te_median","later_beta_2_1",1,-1,2003,-2,2,FALSE,-1
"decreasing observation effort, matched expected sightings",13,5,1999,"Effort_te_median","uniform",0.6,-1,NA,NA,NA,TRUE,-1
"decreasing observation effort, matched expected sightings",13,5,1999,"Effort_te_median","uniform",1,-1,NA,NA,NA,TRUE,-1
"decreasing observation effort, matched expected sightings",13,5,1999,"Effort_te_median","uniform",1.5,-1,NA,NA,NA,TRUE,-1
"decreasing observation effort, matched expected sightings",13,5,1999,"Effort_te_median","uniform",1.8,-1,NA,NA,NA,TRUE,-1
"decreasing observation effort, matched expected sightings",14,7,2004,"Solow","uniform",1,0.3,2018,13,13,FALSE,0.226984950579949
"decreasing observation effort, matched expected sightings",14,7,2004,"Solow","earlier_beta_1_2",1,0.3,NA,NA,NA,TRUE,0.32603834323064
"decreasing observation effort, matched expected sightings",14,7,2004,"Solow","later_beta_2_1",1,0.3,2016,11,11,FALSE,0.174093709612918
"decreasing observation effort, matched expected sightings",14,7,2004,"Solow","uniform",1,0.4,2016,11,11,FALSE,0.226984950579949
"decreasing observation effort, matched expected sightings",14,7,2004,"Solow","earlier_beta_1_2",1,0.4,2019,14,14,FALSE,0.32603834323064
"decreasing observation effort, matched expected sightings",14,7,2004,"Solow","later_beta_2_1",1,0.4,2013,8,8,FALSE,0.174093709612918
"decreasing observation effort, matched expected sightings",14,7,2004,"Solow","uniform",1,0.5,2014,9,9,FALSE,0.226984950579949
"decreasing observation effort, matched expected sightings",14,7,2004,"Solow","earlier_beta_1_2",1,0.5,2017,12,12,FALSE,0.32603834323064
"decreasing observation effort, matched expected sightings",14,7,2004,"Solow","later_beta_2_1",1,0.5,2011,6,6,FALSE,0.174093709612918
"decreasing observation effort, matched expected sightings",14,7,2004,"Solow","uniform",1,0.6,2012,7,7,FALSE,0.226984950579949
"decreasing observation effort, matched expected sightings",14,7,2004,"Solow","earlier_beta_1_2",1,0.6,2016,11,11,FALSE,0.32603834323064
"decreasing observation effort, matched expected sightings",14,7,2004,"Solow","later_beta_2_1",1,0.6,2010,5,5,FALSE,0.174093709612918
"decreasing observation effort, matched expected sightings",14,7,2004,"Effort_fixed_alpha","uniform",0.6,0.5,2018,13,13,FALSE,0.436703751598268
"decreasing observation effort, matched expected sightings",14,7,2004,"Effort_fixed_alpha","uniform",0.8,0.5,2015,10,10,FALSE,0.326624501953669
"decreasing observation effort, matched expected sightings",14,7,2004,"Effort_fixed_alpha","uniform",1,0.5,2014,9,9,FALSE,0.226984950700571
"decreasing observation effort, matched expected sightings",14,7,2004,"Effort_fixed_alpha","uniform",1.2,0.5,2012,7,7,FALSE,0.147349173634531
"decreasing observation effort, matched expected sightings",14,7,2004,"Effort_fixed_alpha","uniform",1.5,0.5,2011,6,6,FALSE,0.0695440189494214
"decreasing observation effort, matched expected sightings",14,7,2004,"Effort_fixed_alpha","uniform",1.8,0.5,2010,5,5,FALSE,0.0301224729427311
"decreasing observation effort, matched expected sightings",14,7,2004,"Solow_te_median","uniform",1,-1,2007,2,2,FALSE,-1
"decreasing observation effort, matched expected sightings",14,7,2004,"Solow_te_median","earlier_beta_1_2",1,-1,2006,1,1,FALSE,-1
"decreasing observation effort, matched expected sightings",14,7,2004,"Solow_te_median","later_beta_2_1",1,-1,2007,2,2,FALSE,-1
"decreasing observation effort, matched expected sightings",14,7,2004,"Effort_te_median","uniform",0.6,-1,2008,3,3,FALSE,-1
"decreasing observation effort, matched expected sightings",14,7,2004,"Effort_te_median","uniform",1,-1,2007,2,2,FALSE,-1
"decreasing observation effort, matched expected sightings",14,7,2004,"Effort_te_median","uniform",1.5,-1,2006,1,1,FALSE,-1
"decreasing observation effort, matched expected sightings",14,7,2004,"Effort_te_median","uniform",1.8,-1,2005,0,0,FALSE,-1
"decreasing observation effort, matched expected sightings",15,9,2001,"Solow","uniform",1,0.3,2011,6,6,FALSE,0.0443776618132952
"decreasing observation effort, matched expected sightings",15,9,2001,"Solow","earlier_beta_1_2",1,0.3,2013,8,8,FALSE,0.0544579200134199
"decreasing observation effort, matched expected sightings",15,9,2001,"Solow","later_beta_2_1",1,0.3,2009,4,4,FALSE,0.0374462872102552
"decreasing observation effort, matched expected sightings",15,9,2001,"Solow","uniform",1,0.4,2009,4,4,FALSE,0.0443776618132952
"decreasing observation effort, matched expected sightings",15,9,2001,"Solow","earlier_beta_1_2",1,0.4,2012,7,7,FALSE,0.0544579200134199
"decreasing observation effort, matched expected sightings",15,9,2001,"Solow","later_beta_2_1",1,0.4,2008,3,3,FALSE,0.0374462872102552
"decreasing observation effort, matched expected sightings",15,9,2001,"Solow","uniform",1,0.5,2008,3,3,FALSE,0.0443776618132952
"decreasing observation effort, matched expected sightings",15,9,2001,"Solow","earlier_beta_1_2",1,0.5,2011,6,6,FALSE,0.0544579200134199
"decreasing observation effort, matched expected sightings",15,9,2001,"Solow","later_beta_2_1",1,0.5,2007,2,2,FALSE,0.0374462872102552
"decreasing observation effort, matched expected sightings",15,9,2001,"Solow","uniform",1,0.6,2007,2,2,FALSE,0.0443776618132952
"decreasing observation effort, matched expected sightings",15,9,2001,"Solow","earlier_beta_1_2",1,0.6,2010,5,5,FALSE,0.0544579200134199
"decreasing observation effort, matched expected sightings",15,9,2001,"Solow","later_beta_2_1",1,0.6,2005,0,0,FALSE,0.0374462872102552
"decreasing observation effort, matched expected sightings",15,9,2001,"Effort_fixed_alpha","uniform",0.6,0.5,NA,NA,NA,TRUE,NA
"decreasing observation effort, matched expected sightings",15,9,2001,"Effort_fixed_alpha","uniform",0.8,0.5,NA,NA,NA,TRUE,NA
"decreasing observation effort, matched expected sightings",15,9,2001,"Effort_fixed_alpha","uniform",1,0.5,NA,NA,NA,TRUE,NA
"decreasing observation effort, matched expected sightings",15,9,2001,"Effort_fixed_alpha","uniform",1.2,0.5,NA,NA,NA,TRUE,NA
"decreasing observation effort, matched expected sightings",15,9,2001,"Effort_fixed_alpha","uniform",1.5,0.5,NA,NA,NA,TRUE,NA
"decreasing observation effort, matched expected sightings",15,9,2001,"Effort_fixed_alpha","uniform",1.8,0.5,NA,NA,NA,TRUE,NA
"decreasing observation effort, matched expected sightings",15,9,2001,"Solow_te_median","uniform",1,-1,2003,-2,2,FALSE,-1
"decreasing observation effort, matched expected sightings",15,9,2001,"Solow_te_median","earlier_beta_1_2",1,-1,2003,-2,2,FALSE,-1
"decreasing observation effort, matched expected sightings",15,9,2001,"Solow_te_median","later_beta_2_1",1,-1,2003,-2,2,FALSE,-1
"decreasing observation effort, matched expected sightings",15,9,2001,"Effort_te_median","uniform",0.6,-1,NA,NA,NA,TRUE,-1
"decreasing observation effort, matched expected sightings",15,9,2001,"Effort_te_median","uniform",1,-1,NA,NA,NA,TRUE,-1
"decreasing observation effort, matched expected sightings",15,9,2001,"Effort_te_median","uniform",1.5,-1,NA,NA,NA,TRUE,-1
"decreasing observation effort, matched expected sightings",15,9,2001,"Effort_te_median","uniform",1.8,-1,NA,NA,NA,TRUE,-1
"decreasing observation effort, matched expected sightings",16,13,1998,"Solow","uniform",1,0.3,2004,-1,1,FALSE,0.000826803170841473
"decreasing observation effort, matched expected sightings",16,13,1998,"Solow","earlier_beta_1_2",1,0.3,2006,1,1,FALSE,0.000811984880603001
"decreasing observation effort, matched expected sightings",16,13,1998,"Solow","later_beta_2_1",1,0.3,2003,-2,2,FALSE,0.000842172366570079
"decreasing observation effort, matched expected sightings",16,13,1998,"Solow","uniform",1,0.4,2004,-1,1,FALSE,0.000826803170841473
"decreasing observation effort, matched expected sightings",16,13,1998,"Solow","earlier_beta_1_2",1,0.4,2005,0,0,FALSE,0.000811984880603001
"decreasing observation effort, matched expected sightings",16,13,1998,"Solow","later_beta_2_1",1,0.4,2003,-2,2,FALSE,0.000842172366570079
"decreasing observation effort, matched expected sightings",16,13,1998,"Solow","uniform",1,0.5,2003,-2,2,FALSE,0.000826803170841473
"decreasing observation effort, matched expected sightings",16,13,1998,"Solow","earlier_beta_1_2",1,0.5,2005,0,0,FALSE,0.000811984880603001
"decreasing observation effort, matched expected sightings",16,13,1998,"Solow","later_beta_2_1",1,0.5,2002,-3,3,FALSE,0.000842172366570079
"decreasing observation effort, matched expected sightings",16,13,1998,"Solow","uniform",1,0.6,2002,-3,3,FALSE,0.000826803170841473
"decreasing observation effort, matched expected sightings",16,13,1998,"Solow","earlier_beta_1_2",1,0.6,2004,-1,1,FALSE,0.000811984880603001
"decreasing observation effort, matched expected sightings",16,13,1998,"Solow","later_beta_2_1",1,0.6,2001,-4,4,FALSE,0.000842172366570079
"decreasing observation effort, matched expected sightings",16,13,1998,"Effort_fixed_alpha","uniform",0.6,0.5,NA,NA,NA,TRUE,NA
"decreasing observation effort, matched expected sightings",16,13,1998,"Effort_fixed_alpha","uniform",0.8,0.5,NA,NA,NA,TRUE,NA
"decreasing observation effort, matched expected sightings",16,13,1998,"Effort_fixed_alpha","uniform",1,0.5,NA,NA,NA,TRUE,NA
"decreasing observation effort, matched expected sightings",16,13,1998,"Effort_fixed_alpha","uniform",1.2,0.5,NA,NA,NA,TRUE,NA
"decreasing observation effort, matched expected sightings",16,13,1998,"Effort_fixed_alpha","uniform",1.5,0.5,NA,NA,NA,TRUE,NA
"decreasing observation effort, matched expected sightings",16,13,1998,"Effort_fixed_alpha","uniform",1.8,0.5,NA,NA,NA,TRUE,NA
"decreasing observation effort, matched expected sightings",16,13,1998,"Solow_te_median","uniform",1,-1,1999,-6,6,FALSE,-1
"decreasing observation effort, matched expected sightings",16,13,1998,"Solow_te_median","earlier_beta_1_2",1,-1,1999,-6,6,FALSE,-1
"decreasing observation effort, matched expected sightings",16,13,1998,"Solow_te_median","later_beta_2_1",1,-1,1999,-6,6,FALSE,-1
"decreasing observation effort, matched expected sightings",16,13,1998,"Effort_te_median","uniform",0.6,-1,NA,NA,NA,TRUE,-1
"decreasing observation effort, matched expected sightings",16,13,1998,"Effort_te_median","uniform",1,-1,NA,NA,NA,TRUE,-1
"decreasing observation effort, matched expected sightings",16,13,1998,"Effort_te_median","uniform",1.5,-1,NA,NA,NA,TRUE,-1
"decreasing observation effort, matched expected sightings",16,13,1998,"Effort_te_median","uniform",1.8,-1,NA,NA,NA,TRUE,-1
"decreasing observation effort, matched expected sightings",17,10,2004,"Solow","uniform",1,0.3,2014,9,9,FALSE,0.0839324946710589
"decreasing observation effort, matched expected sightings",17,10,2004,"Solow","earlier_beta_1_2",1,0.3,2017,12,12,FALSE,0.122035768828891
"decreasing observation effort, matched expected sightings",17,10,2004,"Solow","later_beta_2_1",1,0.3,2013,8,8,FALSE,0.0639617068134889
"decreasing observation effort, matched expected sightings",17,10,2004,"Solow","uniform",1,0.4,2013,8,8,FALSE,0.0839324946710589
"decreasing observation effort, matched expected sightings",17,10,2004,"Solow","earlier_beta_1_2",1,0.4,2015,10,10,FALSE,0.122035768828891
"decreasing observation effort, matched expected sightings",17,10,2004,"Solow","later_beta_2_1",1,0.4,2011,6,6,FALSE,0.0639617068134889
"decreasing observation effort, matched expected sightings",17,10,2004,"Solow","uniform",1,0.5,2011,6,6,FALSE,0.0839324946710589
"decreasing observation effort, matched expected sightings",17,10,2004,"Solow","earlier_beta_1_2",1,0.5,2014,9,9,FALSE,0.122035768828891
"decreasing observation effort, matched expected sightings",17,10,2004,"Solow","later_beta_2_1",1,0.5,2010,5,5,FALSE,0.0639617068134889
"decreasing observation effort, matched expected sightings",17,10,2004,"Solow","uniform",1,0.6,2010,5,5,FALSE,0.0839324946710589
"decreasing observation effort, matched expected sightings",17,10,2004,"Solow","earlier_beta_1_2",1,0.6,2013,8,8,FALSE,0.122035768828891
"decreasing observation effort, matched expected sightings",17,10,2004,"Solow","later_beta_2_1",1,0.6,2009,4,4,FALSE,0.0639617068134889
"decreasing observation effort, matched expected sightings",17,10,2004,"Effort_fixed_alpha","uniform",0.6,0.5,NA,NA,NA,TRUE,NA
"decreasing observation effort, matched expected sightings",17,10,2004,"Effort_fixed_alpha","uniform",0.8,0.5,NA,NA,NA,TRUE,NA
"decreasing observation effort, matched expected sightings",17,10,2004,"Effort_fixed_alpha","uniform",1,0.5,NA,NA,NA,TRUE,NA
"decreasing observation effort, matched expected sightings",17,10,2004,"Effort_fixed_alpha","uniform",1.2,0.5,NA,NA,NA,TRUE,NA
"decreasing observation effort, matched expected sightings",17,10,2004,"Effort_fixed_alpha","uniform",1.5,0.5,NA,NA,NA,TRUE,NA
"decreasing observation effort, matched expected sightings",17,10,2004,"Effort_fixed_alpha","uniform",1.8,0.5,NA,NA,NA,TRUE,NA
"decreasing observation effort, matched expected sightings",17,10,2004,"Solow_te_median","uniform",1,-1,2006,1,1,FALSE,-1
"decreasing observation effort, matched expected sightings",17,10,2004,"Solow_te_median","earlier_beta_1_2",1,-1,2006,1,1,FALSE,-1
"decreasing observation effort, matched expected sightings",17,10,2004,"Solow_te_median","later_beta_2_1",1,-1,2006,1,1,FALSE,-1
"decreasing observation effort, matched expected sightings",17,10,2004,"Effort_te_median","uniform",0.6,-1,NA,NA,NA,TRUE,-1
"decreasing observation effort, matched expected sightings",17,10,2004,"Effort_te_median","uniform",1,-1,NA,NA,NA,TRUE,-1
"decreasing observation effort, matched expected sightings",17,10,2004,"Effort_te_median","uniform",1.5,-1,NA,NA,NA,TRUE,-1
"decreasing observation effort, matched expected sightings",17,10,2004,"Effort_te_median","uniform",1.8,-1,NA,NA,NA,TRUE,-1
"decreasing observation effort, matched expected sightings",18,12,2004,"Solow","uniform",1,0.3,2013,8,8,FALSE,0.0385105256249653
"decreasing observation effort, matched expected sightings",18,12,2004,"Solow","earlier_beta_1_2",1,0.3,2015,10,10,FALSE,0.0553786201711259
"decreasing observation effort, matched expected sightings",18,12,2004,"Solow","later_beta_2_1",1,0.3,2011,6,6,FALSE,0.0295191245653289
"decreasing observation effort, matched expected sightings",18,12,2004,"Solow","uniform",1,0.4,2012,7,7,FALSE,0.0385105256249653
"decreasing observation effort, matched expected sightings",18,12,2004,"Solow","earlier_beta_1_2",1,0.4,2014,9,9,FALSE,0.0553786201711259
"decreasing observation effort, matched expected sightings",18,12,2004,"Solow","later_beta_2_1",1,0.4,2010,5,5,FALSE,0.0295191245653289
"decreasing observation effort, matched expected sightings",18,12,2004,"Solow","uniform",1,0.5,2011,6,6,FALSE,0.0385105256249653
"decreasing observation effort, matched expected sightings",18,12,2004,"Solow","earlier_beta_1_2",1,0.5,2013,8,8,FALSE,0.0553786201711259
"decreasing observation effort, matched expected sightings",18,12,2004,"Solow","later_beta_2_1",1,0.5,2009,4,4,FALSE,0.0295191245653289
"decreasing observation effort, matched expected sightings",18,12,2004,"Solow","uniform",1,0.6,2010,5,5,FALSE,0.0385105256249653
"decreasing observation effort, matched expected sightings",18,12,2004,"Solow","earlier_beta_1_2",1,0.6,2012,7,7,FALSE,0.0553786201711259
"decreasing observation effort, matched expected sightings",18,12,2004,"Solow","later_beta_2_1",1,0.6,2008,3,3,FALSE,0.0295191245653289
"decreasing observation effort, matched expected sightings",18,12,2004,"Effort_fixed_alpha","uniform",0.6,0.5,NA,NA,NA,TRUE,NA
"decreasing observation effort, matched expected sightings",18,12,2004,"Effort_fixed_alpha","uniform",0.8,0.5,NA,NA,NA,TRUE,NA
"decreasing observation effort, matched expected sightings",18,12,2004,"Effort_fixed_alpha","uniform",1,0.5,NA,NA,NA,TRUE,NA
"decreasing observation effort, matched expected sightings",18,12,2004,"Effort_fixed_alpha","uniform",1.2,0.5,NA,NA,NA,TRUE,NA
"decreasing observation effort, matched expected sightings",18,12,2004,"Effort_fixed_alpha","uniform",1.5,0.5,NA,NA,NA,TRUE,NA
"decreasing observation effort, matched expected sightings",18,12,2004,"Effort_fixed_alpha","uniform",1.8,0.5,NA,NA,NA,TRUE,NA
"decreasing observation effort, matched expected sightings",18,12,2004,"Solow_te_median","uniform",1,-1,2006,1,1,FALSE,-1
"decreasing observation effort, matched expected sightings",18,12,2004,"Solow_te_median","earlier_beta_1_2",1,-1,2005,0,0,FALSE,-1
"decreasing observation effort, matched expected sightings",18,12,2004,"Solow_te_median","later_beta_2_1",1,-1,2006,1,1,FALSE,-1
"decreasing observation effort, matched expected sightings",18,12,2004,"Effort_te_median","uniform",0.6,-1,NA,NA,NA,TRUE,-1
"decreasing observation effort, matched expected sightings",18,12,2004,"Effort_te_median","uniform",1,-1,NA,NA,NA,TRUE,-1
"decreasing observation effort, matched expected sightings",18,12,2004,"Effort_te_median","uniform",1.5,-1,NA,NA,NA,TRUE,-1
"decreasing observation effort, matched expected sightings",18,12,2004,"Effort_te_median","uniform",1.8,-1,NA,NA,NA,TRUE,-1
"decreasing observation effort, matched expected sightings",19,6,1995,"Solow","uniform",1,0.3,2005,0,0,FALSE,0.0360106698270354
"decreasing observation effort, matched expected sightings",19,6,1995,"Solow","earlier_beta_1_2",1,0.3,2007,2,2,FALSE,0.0336076343257156
"decreasing observation effort, matched expected sightings",19,6,1995,"Solow","later_beta_2_1",1,0.3,2004,-1,1,FALSE,0.0387838161349771
"decreasing observation effort, matched expected sightings",19,6,1995,"Solow","uniform",1,0.4,2004,-1,1,FALSE,0.0360106698270354
"decreasing observation effort, matched expected sightings",19,6,1995,"Solow","earlier_beta_1_2",1,0.4,2006,1,1,FALSE,0.0336076343257156
"decreasing observation effort, matched expected sightings",19,6,1995,"Solow","later_beta_2_1",1,0.4,2002,-3,3,FALSE,0.0387838161349771
"decreasing observation effort, matched expected sightings",19,6,1995,"Solow","uniform",1,0.5,2002,-3,3,FALSE,0.0360106698270354
"decreasing observation effort, matched expected sightings",19,6,1995,"Solow","earlier_beta_1_2",1,0.5,2004,-1,1,FALSE,0.0336076343257156
"decreasing observation effort, matched expected sightings",19,6,1995,"Solow","later_beta_2_1",1,0.5,2000,-5,5,FALSE,0.0387838161349771
"decreasing observation effort, matched expected sightings",19,6,1995,"Solow","uniform",1,0.6,2001,-4,4,FALSE,0.0360106698270354
"decreasing observation effort, matched expected sightings",19,6,1995,"Solow","earlier_beta_1_2",1,0.6,2003,-2,2,FALSE,0.0336076343257156
"decreasing observation effort, matched expected sightings",19,6,1995,"Solow","later_beta_2_1",1,0.6,1999,-6,6,FALSE,0.0387838161349771
"decreasing observation effort, matched expected sightings",19,6,1995,"Effort_fixed_alpha","uniform",0.6,0.5,NA,NA,NA,TRUE,NA
"decreasing observation effort, matched expected sightings",19,6,1995,"Effort_fixed_alpha","uniform",0.8,0.5,NA,NA,NA,TRUE,NA
"decreasing observation effort, matched expected sightings",19,6,1995,"Effort_fixed_alpha","uniform",1,0.5,NA,NA,NA,TRUE,NA
"decreasing observation effort, matched expected sightings",19,6,1995,"Effort_fixed_alpha","uniform",1.2,0.5,NA,NA,NA,TRUE,NA
"decreasing observation effort, matched expected sightings",19,6,1995,"Effort_fixed_alpha","uniform",1.5,0.5,NA,NA,NA,TRUE,NA
"decreasing observation effort, matched expected sightings",19,6,1995,"Effort_fixed_alpha","uniform",1.8,0.5,NA,NA,NA,TRUE,NA
"decreasing observation effort, matched expected sightings",19,6,1995,"Solow_te_median","uniform",1,-1,1997,-8,8,FALSE,-1
"decreasing observation effort, matched expected sightings",19,6,1995,"Solow_te_median","earlier_beta_1_2",1,-1,1997,-8,8,FALSE,-1
"decreasing observation effort, matched expected sightings",19,6,1995,"Solow_te_median","later_beta_2_1",1,-1,1998,-7,7,FALSE,-1
"decreasing observation effort, matched expected sightings",19,6,1995,"Effort_te_median","uniform",0.6,-1,NA,NA,NA,TRUE,-1
"decreasing observation effort, matched expected sightings",19,6,1995,"Effort_te_median","uniform",1,-1,NA,NA,NA,TRUE,-1
"decreasing observation effort, matched expected sightings",19,6,1995,"Effort_te_median","uniform",1.5,-1,NA,NA,NA,TRUE,-1
"decreasing observation effort, matched expected sightings",19,6,1995,"Effort_te_median","uniform",1.8,-1,NA,NA,NA,TRUE,-1
"decreasing observation effort, matched expected sightings",20,12,2003,"Solow","uniform",1,0.3,2011,6,6,FALSE,0.0244333913594157
"decreasing observation effort, matched expected sightings",20,12,2003,"Solow","earlier_beta_1_2",1,0.3,2014,9,9,FALSE,0.0328603813590755
"decreasing observation effort, matched expected sightings",20,12,2003,"Solow","later_beta_2_1",1,0.3,2010,5,5,FALSE,0.0194463956300301
"decreasing observation effort, matched expected sightings",20,12,2003,"Solow","uniform",1,0.4,2010,5,5,FALSE,0.0244333913594157
"decreasing observation effort, matched expected sightings",20,12,2003,"Solow","earlier_beta_1_2",1,0.4,2013,8,8,FALSE,0.0328603813590755
"decreasing observation effort, matched expected sightings",20,12,2003,"Solow","later_beta_2_1",1,0.4,2009,4,4,FALSE,0.0194463956300301
"decreasing observation effort, matched expected sightings",20,12,2003,"Solow","uniform",1,0.5,2009,4,4,FALSE,0.0244333913594157
"decreasing observation effort, matched expected sightings",20,12,2003,"Solow","earlier_beta_1_2",1,0.5,2012,7,7,FALSE,0.0328603813590755
"decreasing observation effort, matched expected sightings",20,12,2003,"Solow","later_beta_2_1",1,0.5,2008,3,3,FALSE,0.0194463956300301
"decreasing observation effort, matched expected sightings",20,12,2003,"Solow","uniform",1,0.6,2008,3,3,FALSE,0.0244333913594157
"decreasing observation effort, matched expected sightings",20,12,2003,"Solow","earlier_beta_1_2",1,0.6,2011,6,6,FALSE,0.0328603813590755
"decreasing observation effort, matched expected sightings",20,12,2003,"Solow","later_beta_2_1",1,0.6,2007,2,2,FALSE,0.0194463956300301
"decreasing observation effort, matched expected sightings",20,12,2003,"Effort_fixed_alpha","uniform",0.6,0.5,NA,NA,NA,TRUE,NA
"decreasing observation effort, matched expected sightings",20,12,2003,"Effort_fixed_alpha","uniform",0.8,0.5,NA,NA,NA,TRUE,NA
"decreasing observation effort, matched expected sightings",20,12,2003,"Effort_fixed_alpha","uniform",1,0.5,NA,NA,NA,TRUE,NA
"decreasing observation effort, matched expected sightings",20,12,2003,"Effort_fixed_alpha","uniform",1.2,0.5,NA,NA,NA,TRUE,NA
"decreasing observation effort, matched expected sightings",20,12,2003,"Effort_fixed_alpha","uniform",1.5,0.5,NA,NA,NA,TRUE,NA
"decreasing observation effort, matched expected sightings",20,12,2003,"Effort_fixed_alpha","uniform",1.8,0.5,NA,NA,NA,TRUE,NA
"decreasing observation effort, matched expected sightings",20,12,2003,"Solow_te_median","uniform",1,-1,2004,-1,1,FALSE,-1
"decreasing observation effort, matched expected sightings",20,12,2003,"Solow_te_median","earlier_beta_1_2",1,-1,2004,-1,1,FALSE,-1
"decreasing observation effort, matched expected sightings",20,12,2003,"Solow_te_median","later_beta_2_1",1,-1,2005,0,0,FALSE,-1
"decreasing observation effort, matched expected sightings",20,12,2003,"Effort_te_median","uniform",0.6,-1,NA,NA,NA,TRUE,-1
"decreasing observation effort, matched expected sightings",20,12,2003,"Effort_te_median","uniform",1,-1,NA,NA,NA,TRUE,-1
"decreasing observation effort, matched expected sightings",20,12,2003,"Effort_te_median","uniform",1.5,-1,NA,NA,NA,TRUE,-1
"decreasing observation effort, matched expected sightings",20,12,2003,"Effort_te_median","uniform",1.8,-1,NA,NA,NA,TRUE,-1
"decreasing observation effort, matched expected sightings",21,7,1994,"Solow","uniform",1,0.3,2002,-3,3,FALSE,0.0109291404332166
"decreasing observation effort, matched expected sightings",21,7,1994,"Solow","earlier_beta_1_2",1,0.3,2004,-1,1,FALSE,0.00941280435097903
"decreasing observation effort, matched expected sightings",21,7,1994,"Solow","later_beta_2_1",1,0.3,2001,-4,4,FALSE,0.0130278318257128
"decreasing observation effort, matched expected sightings",21,7,1994,"Solow","uniform",1,0.4,2001,-4,4,FALSE,0.0109291404332166
"decreasing observation effort, matched expected sightings",21,7,1994,"Solow","earlier_beta_1_2",1,0.4,2003,-2,2,FALSE,0.00941280435097903
"decreasing observation effort, matched expected sightings",21,7,1994,"Solow","later_beta_2_1",1,0.4,2000,-5,5,FALSE,0.0130278318257128
"decreasing observation effort, matched expected sightings",21,7,1994,"Solow","uniform",1,0.5,2000,-5,5,FALSE,0.0109291404332166
"decreasing observation effort, matched expected sightings",21,7,1994,"Solow","earlier_beta_1_2",1,0.5,2002,-3,3,FALSE,0.00941280435097903
"decreasing observation effort, matched expected sightings",21,7,1994,"Solow","later_beta_2_1",1,0.5,1998,-7,7,FALSE,0.0130278318257128
"decreasing observation effort, matched expected sightings",21,7,1994,"Solow","uniform",1,0.6,1999,-6,6,FALSE,0.0109291404332166
"decreasing observation effort, matched expected sightings",21,7,1994,"Solow","earlier_beta_1_2",1,0.6,2001,-4,4,FALSE,0.00941280435097903
"decreasing observation effort, matched expected sightings",21,7,1994,"Solow","later_beta_2_1",1,0.6,1998,-7,7,FALSE,0.0130278318257128
"decreasing observation effort, matched expected sightings",21,7,1994,"Effort_fixed_alpha","uniform",0.6,0.5,NA,NA,NA,TRUE,NA
"decreasing observation effort, matched expected sightings",21,7,1994,"Effort_fixed_alpha","uniform",0.8,0.5,NA,NA,NA,TRUE,NA
"decreasing observation effort, matched expected sightings",21,7,1994,"Effort_fixed_alpha","uniform",1,0.5,NA,NA,NA,TRUE,NA
"decreasing observation effort, matched expected sightings",21,7,1994,"Effort_fixed_alpha","uniform",1.2,0.5,NA,NA,NA,TRUE,NA
"decreasing observation effort, matched expected sightings",21,7,1994,"Effort_fixed_alpha","uniform",1.5,0.5,NA,NA,NA,TRUE,NA
"decreasing observation effort, matched expected sightings",21,7,1994,"Effort_fixed_alpha","uniform",1.8,0.5,NA,NA,NA,TRUE,NA
"decreasing observation effort, matched expected sightings",21,7,1994,"Solow_te_median","uniform",1,-1,1996,-9,9,FALSE,-1
"decreasing observation effort, matched expected sightings",21,7,1994,"Solow_te_median","earlier_beta_1_2",1,-1,1996,-9,9,FALSE,-1
"decreasing observation effort, matched expected sightings",21,7,1994,"Solow_te_median","later_beta_2_1",1,-1,1996,-9,9,FALSE,-1
"decreasing observation effort, matched expected sightings",21,7,1994,"Effort_te_median","uniform",0.6,-1,NA,NA,NA,TRUE,-1
"decreasing observation effort, matched expected sightings",21,7,1994,"Effort_te_median","uniform",1,-1,NA,NA,NA,TRUE,-1
"decreasing observation effort, matched expected sightings",21,7,1994,"Effort_te_median","uniform",1.5,-1,NA,NA,NA,TRUE,-1
"decreasing observation effort, matched expected sightings",21,7,1994,"Effort_te_median","uniform",1.8,-1,NA,NA,NA,TRUE,-1
"decreasing observation effort, matched expected sightings",22,8,1998,"Solow","uniform",1,0.3,2008,3,3,FALSE,0.0255832802878483
"decreasing observation effort, matched expected sightings",22,8,1998,"Solow","earlier_beta_1_2",1,0.3,2010,5,5,FALSE,0.0267616091390649
"decreasing observation effort, matched expected sightings",22,8,1998,"Solow","later_beta_2_1",1,0.3,2006,1,1,FALSE,0.0245043402672076
"decreasing observation effort, matched expected sightings",22,8,1998,"Solow","uniform",1,0.4,2006,1,1,FALSE,0.0255832802878483
"decreasing observation effort, matched expected sightings",22,8,1998,"Solow","earlier_beta_1_2",1,0.4,2008,3,3,FALSE,0.0267616091390649
"decreasing observation effort, matched expected sightings",22,8,1998,"Solow","later_beta_2_1",1,0.4,2004,-1,1,FALSE,0.0245043402672076
"decreasing observation effort, matched expected sightings",22,8,1998,"Solow","uniform",1,0.5,2005,0,0,FALSE,0.0255832802878483
"decreasing observation effort, matched expected sightings",22,8,1998,"Solow","earlier_beta_1_2",1,0.5,2007,2,2,FALSE,0.0267616091390649
"decreasing observation effort, matched expected sightings",22,8,1998,"Solow","later_beta_2_1",1,0.5,2003,-2,2,FALSE,0.0245043402672076
"decreasing observation effort, matched expected sightings",22,8,1998,"Solow","uniform",1,0.6,2004,-1,1,FALSE,0.0255832802878483
"decreasing observation effort, matched expected sightings",22,8,1998,"Solow","earlier_beta_1_2",1,0.6,2006,1,1,FALSE,0.0267616091390649
"decreasing observation effort, matched expected sightings",22,8,1998,"Solow","later_beta_2_1",1,0.6,2002,-3,3,FALSE,0.0245043402672076
"decreasing observation effort, matched expected sightings",22,8,1998,"Effort_fixed_alpha","uniform",0.6,0.5,NA,NA,NA,TRUE,NA
"decreasing observation effort, matched expected sightings",22,8,1998,"Effort_fixed_alpha","uniform",0.8,0.5,NA,NA,NA,TRUE,NA
"decreasing observation effort, matched expected sightings",22,8,1998,"Effort_fixed_alpha","uniform",1,0.5,NA,NA,NA,TRUE,NA
"decreasing observation effort, matched expected sightings",22,8,1998,"Effort_fixed_alpha","uniform",1.2,0.5,NA,NA,NA,TRUE,NA
"decreasing observation effort, matched expected sightings",22,8,1998,"Effort_fixed_alpha","uniform",1.5,0.5,NA,NA,NA,TRUE,NA
"decreasing observation effort, matched expected sightings",22,8,1998,"Effort_fixed_alpha","uniform",1.8,0.5,NA,NA,NA,TRUE,NA
"decreasing observation effort, matched expected sightings",22,8,1998,"Solow_te_median","uniform",1,-1,2000,-5,5,FALSE,-1
"decreasing observation effort, matched expected sightings",22,8,1998,"Solow_te_median","earlier_beta_1_2",1,-1,2000,-5,5,FALSE,-1
"decreasing observation effort, matched expected sightings",22,8,1998,"Solow_te_median","later_beta_2_1",1,-1,2000,-5,5,FALSE,-1
"decreasing observation effort, matched expected sightings",22,8,1998,"Effort_te_median","uniform",0.6,-1,NA,NA,NA,TRUE,-1
"decreasing observation effort, matched expected sightings",22,8,1998,"Effort_te_median","uniform",1,-1,NA,NA,NA,TRUE,-1
"decreasing observation effort, matched expected sightings",22,8,1998,"Effort_te_median","uniform",1.5,-1,NA,NA,NA,TRUE,-1
"decreasing observation effort, matched expected sightings",22,8,1998,"Effort_te_median","uniform",1.8,-1,NA,NA,NA,TRUE,-1
"decreasing observation effort, matched expected sightings",23,8,2003,"Solow","uniform",1,0.3,2015,10,10,FALSE,0.129342343189064
"decreasing observation effort, matched expected sightings",23,8,2003,"Solow","earlier_beta_1_2",1,0.3,2018,13,13,FALSE,0.179430614662802
"decreasing observation effort, matched expected sightings",23,8,2003,"Solow","later_beta_2_1",1,0.3,2013,8,8,FALSE,0.101115757970935
"decreasing observation effort, matched expected sightings",23,8,2003,"Solow","uniform",1,0.4,2013,8,8,FALSE,0.129342343189064
"decreasing observation effort, matched expected sightings",23,8,2003,"Solow","earlier_beta_1_2",1,0.4,2016,11,11,FALSE,0.179430614662802
"decreasing observation effort, matched expected sightings",23,8,2003,"Solow","later_beta_2_1",1,0.4,2011,6,6,FALSE,0.101115757970935
"decreasing observation effort, matched expected sightings",23,8,2003,"Solow","uniform",1,0.5,2011,6,6,FALSE,0.129342343189064
"decreasing observation effort, matched expected sightings",23,8,2003,"Solow","earlier_beta_1_2",1,0.5,2015,10,10,FALSE,0.179430614662802
"decreasing observation effort, matched expected sightings",23,8,2003,"Solow","later_beta_2_1",1,0.5,2009,4,4,FALSE,0.101115757970935
"decreasing observation effort, matched expected sightings",23,8,2003,"Solow","uniform",1,0.6,2010,5,5,FALSE,0.129342343189064
"decreasing observation effort, matched expected sightings",23,8,2003,"Solow","earlier_beta_1_2",1,0.6,2013,8,8,FALSE,0.179430614662802
"decreasing observation effort, matched expected sightings",23,8,2003,"Solow","later_beta_2_1",1,0.6,2008,3,3,FALSE,0.101115757970935
"decreasing observation effort, matched expected sightings",23,8,2003,"Effort_fixed_alpha","uniform",0.6,0.5,2015,10,10,FALSE,0.345781762838725
"decreasing observation effort, matched expected sightings",23,8,2003,"Effort_fixed_alpha","uniform",0.8,0.5,2013,8,8,FALSE,0.222666508824722
"decreasing observation effort, matched expected sightings",23,8,2003,"Effort_fixed_alpha","uniform",1,0.5,2011,6,6,FALSE,0.129342343254812
"decreasing observation effort, matched expected sightings",23,8,2003,"Effort_fixed_alpha","uniform",1.2,0.5,2010,5,5,FALSE,0.0692195124307977
"decreasing observation effort, matched expected sightings",23,8,2003,"Effort_fixed_alpha","uniform",1.5,0.5,2009,4,4,FALSE,0.0244333831739038
"decreasing observation effort, matched expected sightings",23,8,2003,"Effort_fixed_alpha","uniform",1.8,0.5,2009,4,4,FALSE,0.0080061622480817
"decreasing observation effort, matched expected sightings",23,8,2003,"Solow_te_median","uniform",1,-1,2005,0,0,FALSE,-1
"decreasing observation effort, matched expected sightings",23,8,2003,"Solow_te_median","earlier_beta_1_2",1,-1,2005,0,0,FALSE,-1
"decreasing observation effort, matched expected sightings",23,8,2003,"Solow_te_median","later_beta_2_1",1,-1,2006,1,1,FALSE,-1
"decreasing observation effort, matched expected sightings",23,8,2003,"Effort_te_median","uniform",0.6,-1,2007,2,2,FALSE,-1
"decreasing observation effort, matched expected sightings",23,8,2003,"Effort_te_median","uniform",1,-1,2005,0,0,FALSE,-1
"decreasing observation effort, matched expected sightings",23,8,2003,"Effort_te_median","uniform",1.5,-1,2004,-1,1,FALSE,-1
"decreasing observation effort, matched expected sightings",23,8,2003,"Effort_te_median","uniform",1.8,-1,2004,-1,1,FALSE,-1
"decreasing observation effort, matched expected sightings",24,11,2004,"Solow","uniform",1,0.3,2014,9,9,FALSE,0.0573454613154728
"decreasing observation effort, matched expected sightings",24,11,2004,"Solow","earlier_beta_1_2",1,0.3,2016,11,11,FALSE,0.0830036014241022
"decreasing observation effort, matched expected sightings",24,11,2004,"Solow","later_beta_2_1",1,0.3,2012,7,7,FALSE,0.0438045603481975
"decreasing observation effort, matched expected sightings",24,11,2004,"Solow","uniform",1,0.4,2012,7,7,FALSE,0.0573454613154728
"decreasing observation effort, matched expected sightings",24,11,2004,"Solow","earlier_beta_1_2",1,0.4,2015,10,10,FALSE,0.0830036014241022
"decreasing observation effort, matched expected sightings",24,11,2004,"Solow","later_beta_2_1",1,0.4,2011,6,6,FALSE,0.0438045603481975
"decreasing observation effort, matched expected sightings",24,11,2004,"Solow","uniform",1,0.5,2011,6,6,FALSE,0.0573454613154728
"decreasing observation effort, matched expected sightings",24,11,2004,"Solow","earlier_beta_1_2",1,0.5,2014,9,9,FALSE,0.0830036014241022
"decreasing observation effort, matched expected sightings",24,11,2004,"Solow","later_beta_2_1",1,0.5,2010,5,5,FALSE,0.0438045603481975
"decreasing observation effort, matched expected sightings",24,11,2004,"Solow","uniform",1,0.6,2010,5,5,FALSE,0.0573454613154728
"decreasing observation effort, matched expected sightings",24,11,2004,"Solow","earlier_beta_1_2",1,0.6,2013,8,8,FALSE,0.0830036014241022
"decreasing observation effort, matched expected sightings",24,11,2004,"Solow","later_beta_2_1",1,0.6,2008,3,3,FALSE,0.0438045603481975
"decreasing observation effort, matched expected sightings",24,11,2004,"Effort_fixed_alpha","uniform",0.6,0.5,NA,NA,NA,TRUE,NA
"decreasing observation effort, matched expected sightings",24,11,2004,"Effort_fixed_alpha","uniform",0.8,0.5,NA,NA,NA,TRUE,NA
"decreasing observation effort, matched expected sightings",24,11,2004,"Effort_fixed_alpha","uniform",1,0.5,NA,NA,NA,TRUE,NA
"decreasing observation effort, matched expected sightings",24,11,2004,"Effort_fixed_alpha","uniform",1.2,0.5,NA,NA,NA,TRUE,NA
"decreasing observation effort, matched expected sightings",24,11,2004,"Effort_fixed_alpha","uniform",1.5,0.5,NA,NA,NA,TRUE,NA
"decreasing observation effort, matched expected sightings",24,11,2004,"Effort_fixed_alpha","uniform",1.8,0.5,NA,NA,NA,TRUE,NA
"decreasing observation effort, matched expected sightings",24,11,2004,"Solow_te_median","uniform",1,-1,2006,1,1,FALSE,-1
"decreasing observation effort, matched expected sightings",24,11,2004,"Solow_te_median","earlier_beta_1_2",1,-1,2005,0,0,FALSE,-1
"decreasing observation effort, matched expected sightings",24,11,2004,"Solow_te_median","later_beta_2_1",1,-1,2006,1,1,FALSE,-1
"decreasing observation effort, matched expected sightings",24,11,2004,"Effort_te_median","uniform",0.6,-1,NA,NA,NA,TRUE,-1
"decreasing observation effort, matched expected sightings",24,11,2004,"Effort_te_median","uniform",1,-1,NA,NA,NA,TRUE,-1
"decreasing observation effort, matched expected sightings",24,11,2004,"Effort_te_median","uniform",1.5,-1,NA,NA,NA,TRUE,-1
"decreasing observation effort, matched expected sightings",24,11,2004,"Effort_te_median","uniform",1.8,-1,NA,NA,NA,TRUE,-1
"decreasing observation effort, matched expected sightings",25,8,2003,"Solow","uniform",1,0.3,2015,10,10,FALSE,0.129342343189064
"decreasing observation effort, matched expected sightings",25,8,2003,"Solow","earlier_beta_1_2",1,0.3,2018,13,13,FALSE,0.179430614662802
"decreasing observation effort, matched expected sightings",25,8,2003,"Solow","later_beta_2_1",1,0.3,2013,8,8,FALSE,0.101115757970935
"decreasing observation effort, matched expected sightings",25,8,2003,"Solow","uniform",1,0.4,2013,8,8,FALSE,0.129342343189064
"decreasing observation effort, matched expected sightings",25,8,2003,"Solow","earlier_beta_1_2",1,0.4,2016,11,11,FALSE,0.179430614662802
"decreasing observation effort, matched expected sightings",25,8,2003,"Solow","later_beta_2_1",1,0.4,2011,6,6,FALSE,0.101115757970935
"decreasing observation effort, matched expected sightings",25,8,2003,"Solow","uniform",1,0.5,2011,6,6,FALSE,0.129342343189064
"decreasing observation effort, matched expected sightings",25,8,2003,"Solow","earlier_beta_1_2",1,0.5,2015,10,10,FALSE,0.179430614662802
"decreasing observation effort, matched expected sightings",25,8,2003,"Solow","later_beta_2_1",1,0.5,2009,4,4,FALSE,0.101115757970935
"decreasing observation effort, matched expected sightings",25,8,2003,"Solow","uniform",1,0.6,2010,5,5,FALSE,0.129342343189064
"decreasing observation effort, matched expected sightings",25,8,2003,"Solow","earlier_beta_1_2",1,0.6,2013,8,8,FALSE,0.179430614662802
"decreasing observation effort, matched expected sightings",25,8,2003,"Solow","later_beta_2_1",1,0.6,2008,3,3,FALSE,0.101115757970935
"decreasing observation effort, matched expected sightings",25,8,2003,"Effort_fixed_alpha","uniform",0.6,0.5,NA,NA,NA,TRUE,NA
"decreasing observation effort, matched expected sightings",25,8,2003,"Effort_fixed_alpha","uniform",0.8,0.5,NA,NA,NA,TRUE,NA
"decreasing observation effort, matched expected sightings",25,8,2003,"Effort_fixed_alpha","uniform",1,0.5,NA,NA,NA,TRUE,NA
"decreasing observation effort, matched expected sightings",25,8,2003,"Effort_fixed_alpha","uniform",1.2,0.5,NA,NA,NA,TRUE,NA
"decreasing observation effort, matched expected sightings",25,8,2003,"Effort_fixed_alpha","uniform",1.5,0.5,NA,NA,NA,TRUE,NA
"decreasing observation effort, matched expected sightings",25,8,2003,"Effort_fixed_alpha","uniform",1.8,0.5,NA,NA,NA,TRUE,NA
"decreasing observation effort, matched expected sightings",25,8,2003,"Solow_te_median","uniform",1,-1,2005,0,0,FALSE,-1
"decreasing observation effort, matched expected sightings",25,8,2003,"Solow_te_median","earlier_beta_1_2",1,-1,2005,0,0,FALSE,-1
"decreasing observation effort, matched expected sightings",25,8,2003,"Solow_te_median","later_beta_2_1",1,-1,2006,1,1,FALSE,-1
"decreasing observation effort, matched expected sightings",25,8,2003,"Effort_te_median","uniform",0.6,-1,NA,NA,NA,TRUE,-1
"decreasing observation effort, matched expected sightings",25,8,2003,"Effort_te_median","uniform",1,-1,NA,NA,NA,TRUE,-1
"decreasing observation effort, matched expected sightings",25,8,2003,"Effort_te_median","uniform",1.5,-1,NA,NA,NA,TRUE,-1
"decreasing observation effort, matched expected sightings",25,8,2003,"Effort_te_median","uniform",1.8,-1,NA,NA,NA,TRUE,-1
"decreasing observation effort, matched expected sightings",26,12,2001,"Solow","uniform",1,0.3,2009,4,4,FALSE,0.00911031040741018
"decreasing observation effort, matched expected sightings",26,12,2001,"Solow","earlier_beta_1_2",1,0.3,2011,6,6,FALSE,0.0107524507295733
"decreasing observation effort, matched expected sightings",26,12,2001,"Solow","later_beta_2_1",1,0.3,2008,3,3,FALSE,0.00790329938098873
"decreasing observation effort, matched expected sightings",26,12,2001,"Solow","uniform",1,0.4,2008,3,3,FALSE,0.00911031040741018
"decreasing observation effort, matched expected sightings",26,12,2001,"Solow","earlier_beta_1_2",1,0.4,2010,5,5,FALSE,0.0107524507295733
"decreasing observation effort, matched expected sightings",26,12,2001,"Solow","later_beta_2_1",1,0.4,2007,2,2,FALSE,0.00790329938098873
"decreasing observation effort, matched expected sightings",26,12,2001,"Solow","uniform",1,0.5,2007,2,2,FALSE,0.00911031040741018
"decreasing observation effort, matched expected sightings",26,12,2001,"Solow","earlier_beta_1_2",1,0.5,2009,4,4,FALSE,0.0107524507295733
"decreasing observation effort, matched expected sightings",26,12,2001,"Solow","later_beta_2_1",1,0.5,2006,1,1,FALSE,0.00790329938098873
"decreasing observation effort, matched expected sightings",26,12,2001,"Solow","uniform",1,0.6,2006,1,1,FALSE,0.00911031040741018
"decreasing observation effort, matched expected sightings",26,12,2001,"Solow","earlier_beta_1_2",1,0.6,2008,3,3,FALSE,0.0107524507295733
"decreasing observation effort, matched expected sightings",26,12,2001,"Solow","later_beta_2_1",1,0.6,2005,0,0,FALSE,0.00790329938098873
"decreasing observation effort, matched expected sightings",26,12,2001,"Effort_fixed_alpha","uniform",0.6,0.5,NA,NA,NA,TRUE,NA
"decreasing observation effort, matched expected sightings",26,12,2001,"Effort_fixed_alpha","uniform",0.8,0.5,NA,NA,NA,TRUE,NA
"decreasing observation effort, matched expected sightings",26,12,2001,"Effort_fixed_alpha","uniform",1,0.5,NA,NA,NA,TRUE,NA
"decreasing observation effort, matched expected sightings",26,12,2001,"Effort_fixed_alpha","uniform",1.2,0.5,NA,NA,NA,TRUE,NA
"decreasing observation effort, matched expected sightings",26,12,2001,"Effort_fixed_alpha","uniform",1.5,0.5,NA,NA,NA,TRUE,NA
"decreasing observation effort, matched expected sightings",26,12,2001,"Effort_fixed_alpha","uniform",1.8,0.5,NA,NA,NA,TRUE,NA
"decreasing observation effort, matched expected sightings",26,12,2001,"Solow_te_median","uniform",1,-1,2002,-3,3,FALSE,-1
"decreasing observation effort, matched expected sightings",26,12,2001,"Solow_te_median","earlier_beta_1_2",1,-1,2002,-3,3,FALSE,-1
"decreasing observation effort, matched expected sightings",26,12,2001,"Solow_te_median","later_beta_2_1",1,-1,2003,-2,2,FALSE,-1
"decreasing observation effort, matched expected sightings",26,12,2001,"Effort_te_median","uniform",0.6,-1,NA,NA,NA,TRUE,-1
"decreasing observation effort, matched expected sightings",26,12,2001,"Effort_te_median","uniform",1,-1,NA,NA,NA,TRUE,-1
"decreasing observation effort, matched expected sightings",26,12,2001,"Effort_te_median","uniform",1.5,-1,NA,NA,NA,TRUE,-1
"decreasing observation effort, matched expected sightings",26,12,2001,"Effort_te_median","uniform",1.8,-1,NA,NA,NA,TRUE,-1
"decreasing observation effort, matched expected sightings",27,5,2000,"Solow","uniform",1,0.3,2016,11,11,FALSE,0.210526315655962
"decreasing observation effort, matched expected sightings",27,5,2000,"Solow","earlier_beta_1_2",1,0.3,2019,14,14,FALSE,0.260869565107136
"decreasing observation effort, matched expected sightings",27,5,2000,"Solow","later_beta_2_1",1,0.3,2014,9,9,FALSE,0.176470588098127
"decreasing observation effort, matched expected sightings",27,5,2000,"Solow","uniform",1,0.4,2013,8,8,FALSE,0.210526315655962
"decreasing observation effort, matched expected sightings",27,5,2000,"Solow","earlier_beta_1_2",1,0.4,2016,11,11,FALSE,0.260869565107136
"decreasing observation effort, matched expected sightings",27,5,2000,"Solow","later_beta_2_1",1,0.4,2010,5,5,FALSE,0.176470588098127
"decreasing observation effort, matched expected sightings",27,5,2000,"Solow","uniform",1,0.5,2010,5,5,FALSE,0.210526315655962
"decreasing observation effort, matched expected sightings",27,5,2000,"Solow","earlier_beta_1_2",1,0.5,2014,9,9,FALSE,0.260869565107136
"decreasing observation effort, matched expected sightings",27,5,2000,"Solow","later_beta_2_1",1,0.5,2008,3,3,FALSE,0.176470588098127
"decreasing observation effort, matched expected sightings",27,5,2000,"Solow","uniform",1,0.6,2008,3,3,FALSE,0.210526315655962
"decreasing observation effort, matched expected sightings",27,5,2000,"Solow","earlier_beta_1_2",1,0.6,2012,7,7,FALSE,0.260869565107136
"decreasing observation effort, matched expected sightings",27,5,2000,"Solow","later_beta_2_1",1,0.6,2006,1,1,FALSE,0.176470588098127
"decreasing observation effort, matched expected sightings",27,5,2000,"Effort_fixed_alpha","uniform",0.6,0.5,NA,NA,NA,TRUE,NA
"decreasing observation effort, matched expected sightings",27,5,2000,"Effort_fixed_alpha","uniform",0.8,0.5,NA,NA,NA,TRUE,NA
"decreasing observation effort, matched expected sightings",27,5,2000,"Effort_fixed_alpha","uniform",1,0.5,NA,NA,NA,TRUE,NA
"decreasing observation effort, matched expected sightings",27,5,2000,"Effort_fixed_alpha","uniform",1.2,0.5,NA,NA,NA,TRUE,NA
"decreasing observation effort, matched expected sightings",27,5,2000,"Effort_fixed_alpha","uniform",1.5,0.5,NA,NA,NA,TRUE,NA
"decreasing observation effort, matched expected sightings",27,5,2000,"Effort_fixed_alpha","uniform",1.8,0.5,NA,NA,NA,TRUE,NA
"decreasing observation effort, matched expected sightings",27,5,2000,"Solow_te_median","uniform",1,-1,2003,-2,2,FALSE,-1
"decreasing observation effort, matched expected sightings",27,5,2000,"Solow_te_median","earlier_beta_1_2",1,-1,2002,-3,3,FALSE,-1
"decreasing observation effort, matched expected sightings",27,5,2000,"Solow_te_median","later_beta_2_1",1,-1,2004,-1,1,FALSE,-1
"decreasing observation effort, matched expected sightings",27,5,2000,"Effort_te_median","uniform",0.6,-1,NA,NA,NA,TRUE,-1
"decreasing observation effort, matched expected sightings",27,5,2000,"Effort_te_median","uniform",1,-1,NA,NA,NA,TRUE,-1
"decreasing observation effort, matched expected sightings",27,5,2000,"Effort_te_median","uniform",1.5,-1,NA,NA,NA,TRUE,-1
"decreasing observation effort, matched expected sightings",27,5,2000,"Effort_te_median","uniform",1.8,-1,NA,NA,NA,TRUE,-1
"decreasing observation effort, matched expected sightings",28,4,1988,"Solow","uniform",1,0.3,1997,-8,8,FALSE,0.0236220472602744
"decreasing observation effort, matched expected sightings",28,4,1988,"Solow","earlier_beta_1_2",1,0.3,1998,-7,7,FALSE,0.0167597765488442
"decreasing observation effort, matched expected sightings",28,4,1988,"Solow","later_beta_2_1",1,0.3,1995,-10,10,FALSE,0.0400000000214073
"decreasing observation effort, matched expected sightings",28,4,1988,"Solow","uniform",1,0.4,1995,-10,10,FALSE,0.0236220472602744
"decreasing observation effort, matched expected sightings",28,4,1988,"Solow","earlier_beta_1_2",1,0.4,1996,-9,9,FALSE,0.0167597765488442
"decreasing observation effort, matched expected sightings",28,4,1988,"Solow","later_beta_2_1",1,0.4,1993,-12,12,FALSE,0.0400000000214073
"decreasing observation effort, matched expected sightings",28,4,1988,"Solow","uniform",1,0.5,1993,-12,12,FALSE,0.0236220472602744
"decreasing observation effort, matched expected sightings",28,4,1988,"Solow","earlier_beta_1_2",1,0.5,1995,-10,10,FALSE,0.0167597765488442
"decreasing observation effort, matched expected sightings",28,4,1988,"Solow","later_beta_2_1",1,0.5,1992,-13,13,FALSE,0.0400000000214073
"decreasing observation effort, matched expected sightings",28,4,1988,"Solow","uniform",1,0.6,1992,-13,13,FALSE,0.0236220472602744
"decreasing observation effort, matched expected sightings",28,4,1988,"Solow","earlier_beta_1_2",1,0.6,1994,-11,11,FALSE,0.0167597765488442
"decreasing observation effort, matched expected sightings",28,4,1988,"Solow","later_beta_2_1",1,0.6,1991,-14,14,FALSE,0.0400000000214073
"decreasing observation effort, matched expected sightings",28,4,1988,"Effort_fixed_alpha","uniform",0.6,0.5,NA,NA,NA,TRUE,NA
"decreasing observation effort, matched expected sightings",28,4,1988,"Effort_fixed_alpha","uniform",0.8,0.5,NA,NA,NA,TRUE,NA
"decreasing observation effort, matched expected sightings",28,4,1988,"Effort_fixed_alpha","uniform",1,0.5,NA,NA,NA,TRUE,NA
"decreasing observation effort, matched expected sightings",28,4,1988,"Effort_fixed_alpha","uniform",1.2,0.5,NA,NA,NA,TRUE,NA
"decreasing observation effort, matched expected sightings",28,4,1988,"Effort_fixed_alpha","uniform",1.5,0.5,NA,NA,NA,TRUE,NA
"decreasing observation effort, matched expected sightings",28,4,1988,"Effort_fixed_alpha","uniform",1.8,0.5,NA,NA,NA,TRUE,NA
"decreasing observation effort, matched expected sightings",28,4,1988,"Solow_te_median","uniform",1,-1,1990,-15,15,FALSE,-1
"decreasing observation effort, matched expected sightings",28,4,1988,"Solow_te_median","earlier_beta_1_2",1,-1,1990,-15,15,FALSE,-1
"decreasing observation effort, matched expected sightings",28,4,1988,"Solow_te_median","later_beta_2_1",1,-1,1991,-14,14,FALSE,-1
"decreasing observation effort, matched expected sightings",28,4,1988,"Effort_te_median","uniform",0.6,-1,NA,NA,NA,TRUE,-1
"decreasing observation effort, matched expected sightings",28,4,1988,"Effort_te_median","uniform",1,-1,NA,NA,NA,TRUE,-1
"decreasing observation effort, matched expected sightings",28,4,1988,"Effort_te_median","uniform",1.5,-1,NA,NA,NA,TRUE,-1
"decreasing observation effort, matched expected sightings",28,4,1988,"Effort_te_median","uniform",1.8,-1,NA,NA,NA,TRUE,-1
"decreasing observation effort, matched expected sightings",29,9,2004,"Solow","uniform",1,0.3,2015,10,10,FALSE,0.120233099376469
"decreasing observation effort, matched expected sightings",29,9,2004,"Solow","earlier_beta_1_2",1,0.3,2018,13,13,FALSE,0.175019339888923
"decreasing observation effort, matched expected sightings",29,9,2004,"Solow","later_beta_2_1",1,0.3,2013,8,8,FALSE,0.0915692197244083
"decreasing observation effort, matched expected sightings",29,9,2004,"Solow","uniform",1,0.4,2014,9,9,FALSE,0.120233099376469
"decreasing observation effort, matched expected sightings",29,9,2004,"Solow","earlier_beta_1_2",1,0.4,2016,11,11,FALSE,0.175019339888923
"decreasing observation effort, matched expected sightings",29,9,2004,"Solow","later_beta_2_1",1,0.4,2012,7,7,FALSE,0.0915692197244083
"decreasing observation effort, matched expected sightings",29,9,2004,"Solow","uniform",1,0.5,2012,7,7,FALSE,0.120233099376469
"decreasing observation effort, matched expected sightings",29,9,2004,"Solow","earlier_beta_1_2",1,0.5,2015,10,10,FALSE,0.175019339888923
"decreasing observation effort, matched expected sightings",29,9,2004,"Solow","later_beta_2_1",1,0.5,2010,5,5,FALSE,0.0915692197244083
"decreasing observation effort, matched expected sightings",29,9,2004,"Solow","uniform",1,0.6,2011,6,6,FALSE,0.120233099376469
"decreasing observation effort, matched expected sightings",29,9,2004,"Solow","earlier_beta_1_2",1,0.6,2014,9,9,FALSE,0.175019339888923
"decreasing observation effort, matched expected sightings",29,9,2004,"Solow","later_beta_2_1",1,0.6,2009,4,4,FALSE,0.0915692197244083
"decreasing observation effort, matched expected sightings",29,9,2004,"Effort_fixed_alpha","uniform",0.6,0.5,2016,11,11,FALSE,0.342005172296748
"decreasing observation effort, matched expected sightings",29,9,2004,"Effort_fixed_alpha","uniform",0.8,0.5,2013,8,8,FALSE,0.214243824041151
"decreasing observation effort, matched expected sightings",29,9,2004,"Effort_fixed_alpha","uniform",1,0.5,2012,7,7,FALSE,0.120233099378768
"decreasing observation effort, matched expected sightings",29,9,2004,"Effort_fixed_alpha","uniform",1.2,0.5,2011,6,6,FALSE,0.0619782760436872
"decreasing observation effort, matched expected sightings",29,9,2004,"Effort_fixed_alpha","uniform",1.5,0.5,2010,5,5,FALSE,0.0206756928139889
"decreasing observation effort, matched expected sightings",29,9,2004,"Effort_fixed_alpha","uniform",1.8,0.5,2009,4,4,FALSE,0.00641405147511721
"decreasing observation effort, matched expected sightings",29,9,2004,"Solow_te_median","uniform",1,-1,2006,1,1,FALSE,-1
"decreasing observation effort, matched expected sightings",29,9,2004,"Solow_te_median","earlier_beta_1_2",1,-1,2006,1,1,FALSE,-1
"decreasing observation effort, matched expected sightings",29,9,2004,"Solow_te_median","later_beta_2_1",1,-1,2006,1,1,FALSE,-1
"decreasing observation effort, matched expected sightings",29,9,2004,"Effort_te_median","uniform",0.6,-1,2007,2,2,FALSE,-1
"decreasing observation effort, matched expected sightings",29,9,2004,"Effort_te_median","uniform",1,-1,2006,1,1,FALSE,-1
"decreasing observation effort, matched expected sightings",29,9,2004,"Effort_te_median","uniform",1.5,-1,2005,0,0,FALSE,-1
"decreasing observation effort, matched expected sightings",29,9,2004,"Effort_te_median","uniform",1.8,-1,2005,0,0,FALSE,-1
"decreasing observation effort, matched expected sightings",30,6,2002,"Solow","uniform",1,0.3,2017,12,12,FALSE,0.209472494106858
"decreasing observation effort, matched expected sightings",30,6,2002,"Solow","earlier_beta_1_2",1,0.3,2020,15,15,FALSE,0.279042359492342
"decreasing observation effort, matched expected sightings",30,6,2002,"Solow","later_beta_2_1",1,0.3,2014,9,9,FALSE,0.167669676600722
"decreasing observation effort, matched expected sightings",30,6,2002,"Solow","uniform",1,0.4,2014,9,9,FALSE,0.209472494106858
"decreasing observation effort, matched expected sightings",30,6,2002,"Solow","earlier_beta_1_2",1,0.4,2018,13,13,FALSE,0.279042359492342
"decreasing observation effort, matched expected sightings",30,6,2002,"Solow","later_beta_2_1",1,0.4,2012,7,7,FALSE,0.167669676600722
"decreasing observation effort, matched expected sightings",30,6,2002,"Solow","uniform",1,0.5,2012,7,7,FALSE,0.209472494106858
"decreasing observation effort, matched expected sightings",30,6,2002,"Solow","earlier_beta_1_2",1,0.5,2016,11,11,FALSE,0.279042359492342
"decreasing observation effort, matched expected sightings",30,6,2002,"Solow","later_beta_2_1",1,0.5,2009,4,4,FALSE,0.167669676600722
"decreasing observation effort, matched expected sightings",30,6,2002,"Solow","uniform",1,0.6,2010,5,5,FALSE,0.209472494106858
"decreasing observation effort, matched expected sightings",30,6,2002,"Solow","earlier_beta_1_2",1,0.6,2014,9,9,FALSE,0.279042359492342
"decreasing observation effort, matched expected sightings",30,6,2002,"Solow","later_beta_2_1",1,0.6,2008,3,3,FALSE,0.167669676600722
"decreasing observation effort, matched expected sightings",30,6,2002,"Effort_fixed_alpha","uniform",0.6,0.5,2017,12,12,FALSE,0.410604090132145
"decreasing observation effort, matched expected sightings",30,6,2002,"Effort_fixed_alpha","uniform",0.8,0.5,2014,9,9,FALSE,0.304081461317722
"decreasing observation effort, matched expected sightings",30,6,2002,"Effort_fixed_alpha","uniform",1,0.5,2012,7,7,FALSE,0.209472494175647
"decreasing observation effort, matched expected sightings",30,6,2002,"Effort_fixed_alpha","uniform",1.2,0.5,2011,6,6,FALSE,0.135032983139703
"decreasing observation effort, matched expected sightings",30,6,2002,"Effort_fixed_alpha","uniform",1.5,0.5,2009,4,4,FALSE,0.0632781785610746
"decreasing observation effort, matched expected sightings",30,6,2002,"Effort_fixed_alpha","uniform",1.8,0.5,2009,4,4,FALSE,0.0272901108567525
"decreasing observation effort, matched expected sightings",30,6,2002,"Solow_te_median","uniform",1,-1,2005,0,0,FALSE,-1
"decreasing observation effort, matched expected sightings",30,6,2002,"Solow_te_median","earlier_beta_1_2",1,-1,2004,-1,1,FALSE,-1
"decreasing observation effort, matched expected sightings",30,6,2002,"Solow_te_median","later_beta_2_1",1,-1,2006,1,1,FALSE,-1
"decreasing observation effort, matched expected sightings",30,6,2002,"Effort_te_median","uniform",0.6,-1,2007,2,2,FALSE,-1
"decreasing observation effort, matched expected sightings",30,6,2002,"Effort_te_median","uniform",1,-1,2005,0,0,FALSE,-1
"decreasing observation effort, matched expected sightings",30,6,2002,"Effort_te_median","uniform",1.5,-1,2004,-1,1,FALSE,-1
"decreasing observation effort, matched expected sightings",30,6,2002,"Effort_te_median","uniform",1.8,-1,2004,-1,1,FALSE,-1
"decreasing observation effort, matched expected sightings",31,7,2003,"Solow","uniform",1,0.3,2017,12,12,FALSE,0.183660541017797
"decreasing observation effort, matched expected sightings",31,7,2003,"Solow","earlier_beta_1_2",1,0.3,2019,14,14,FALSE,0.254725594671588
"decreasing observation effort, matched expected sightings",31,7,2003,"Solow","later_beta_2_1",1,0.3,2014,9,9,FALSE,0.143598475797071
"decreasing observation effort, matched expected sightings",31,7,2003,"Solow","uniform",1,0.4,2014,9,9,FALSE,0.183660541017797
"decreasing observation effort, matched expected sightings",31,7,2003,"Solow","earlier_beta_1_2",1,0.4,2017,12,12,FALSE,0.254725594671588
"decreasing observation effort, matched expected sightings",31,7,2003,"Solow","later_beta_2_1",1,0.4,2012,7,7,FALSE,0.143598475797071
"decreasing observation effort, matched expected sightings",31,7,2003,"Solow","uniform",1,0.5,2012,7,7,FALSE,0.183660541017797
"decreasing observation effort, matched expected sightings",31,7,2003,"Solow","earlier_beta_1_2",1,0.5,2016,11,11,FALSE,0.254725594671588
"decreasing observation effort, matched expected sightings",31,7,2003,"Solow","later_beta_2_1",1,0.5,2010,5,5,FALSE,0.143598475797071
"decreasing observation effort, matched expected sightings",31,7,2003,"Solow","uniform",1,0.6,2011,6,6,FALSE,0.183660541017797
"decreasing observation effort, matched expected sightings",31,7,2003,"Solow","earlier_beta_1_2",1,0.6,2014,9,9,FALSE,0.254725594671588
"decreasing observation effort, matched expected sightings",31,7,2003,"Solow","later_beta_2_1",1,0.6,2008,3,3,FALSE,0.143598475797071
"decreasing observation effort, matched expected sightings",31,7,2003,"Effort_fixed_alpha","uniform",0.6,0.5,2017,12,12,FALSE,0.396248300174249
"decreasing observation effort, matched expected sightings",31,7,2003,"Effort_fixed_alpha","uniform",0.8,0.5,2014,9,9,FALSE,0.281336609140935
"decreasing observation effort, matched expected sightings",31,7,2003,"Effort_fixed_alpha","uniform",1,0.5,2012,7,7,FALSE,0.183660541156781
"decreasing observation effort, matched expected sightings",31,7,2003,"Effort_fixed_alpha","uniform",1.2,0.5,2011,6,6,FALSE,0.111374686186101
"decreasing observation effort, matched expected sightings",31,7,2003,"Effort_fixed_alpha","uniform",1.5,0.5,2010,5,5,FALSE,0.0473967760233737
"decreasing observation effort, matched expected sightings",31,7,2003,"Effort_fixed_alpha","uniform",1.8,0.5,2009,4,4,FALSE,0.0185851480422189
"decreasing observation effort, matched expected sightings",31,7,2003,"Solow_te_median","uniform",1,-1,2006,1,1,FALSE,-1
"decreasing observation effort, matched expected sightings",31,7,2003,"Solow_te_median","earlier_beta_1_2",1,-1,2005,0,0,FALSE,-1
"decreasing observation effort, matched expected sightings",31,7,2003,"Solow_te_median","later_beta_2_1",1,-1,2006,1,1,FALSE,-1
"decreasing observation effort, matched expected sightings",31,7,2003,"Effort_te_median","uniform",0.6,-1,2007,2,2,FALSE,-1
"decreasing observation effort, matched expected sightings",31,7,2003,"Effort_te_median","uniform",1,-1,2006,1,1,FALSE,-1
"decreasing observation effort, matched expected sightings",31,7,2003,"Effort_te_median","uniform",1.5,-1,2005,0,0,FALSE,-1
"decreasing observation effort, matched expected sightings",31,7,2003,"Effort_te_median","uniform",1.8,-1,2004,-1,1,FALSE,-1
"decreasing observation effort, matched expected sightings",32,7,2004,"Solow","uniform",1,0.3,2018,13,13,FALSE,0.226984950579949
"decreasing observation effort, matched expected sightings",32,7,2004,"Solow","earlier_beta_1_2",1,0.3,NA,NA,NA,TRUE,0.32603834323064
"decreasing observation effort, matched expected sightings",32,7,2004,"Solow","later_beta_2_1",1,0.3,2016,11,11,FALSE,0.174093709612918
"decreasing observation effort, matched expected sightings",32,7,2004,"Solow","uniform",1,0.4,2016,11,11,FALSE,0.226984950579949
"decreasing observation effort, matched expected sightings",32,7,2004,"Solow","earlier_beta_1_2",1,0.4,2019,14,14,FALSE,0.32603834323064
"decreasing observation effort, matched expected sightings",32,7,2004,"Solow","later_beta_2_1",1,0.4,2013,8,8,FALSE,0.174093709612918
"decreasing observation effort, matched expected sightings",32,7,2004,"Solow","uniform",1,0.5,2014,9,9,FALSE,0.226984950579949
"decreasing observation effort, matched expected sightings",32,7,2004,"Solow","earlier_beta_1_2",1,0.5,2017,12,12,FALSE,0.32603834323064
"decreasing observation effort, matched expected sightings",32,7,2004,"Solow","later_beta_2_1",1,0.5,2011,6,6,FALSE,0.174093709612918
"decreasing observation effort, matched expected sightings",32,7,2004,"Solow","uniform",1,0.6,2012,7,7,FALSE,0.226984950579949
"decreasing observation effort, matched expected sightings",32,7,2004,"Solow","earlier_beta_1_2",1,0.6,2016,11,11,FALSE,0.32603834323064
"decreasing observation effort, matched expected sightings",32,7,2004,"Solow","later_beta_2_1",1,0.6,2010,5,5,FALSE,0.174093709612918
"decreasing observation effort, matched expected sightings",32,7,2004,"Effort_fixed_alpha","uniform",0.6,0.5,2018,13,13,FALSE,0.436703751598268
"decreasing observation effort, matched expected sightings",32,7,2004,"Effort_fixed_alpha","uniform",0.8,0.5,2015,10,10,FALSE,0.326624501953669
"decreasing observation effort, matched expected sightings",32,7,2004,"Effort_fixed_alpha","uniform",1,0.5,2014,9,9,FALSE,0.226984950700571
"decreasing observation effort, matched expected sightings",32,7,2004,"Effort_fixed_alpha","uniform",1.2,0.5,2012,7,7,FALSE,0.147349173634531
"decreasing observation effort, matched expected sightings",32,7,2004,"Effort_fixed_alpha","uniform",1.5,0.5,2011,6,6,FALSE,0.0695440189494214
"decreasing observation effort, matched expected sightings",32,7,2004,"Effort_fixed_alpha","uniform",1.8,0.5,2010,5,5,FALSE,0.0301224729427311
"decreasing observation effort, matched expected sightings",32,7,2004,"Solow_te_median","uniform",1,-1,2007,2,2,FALSE,-1
"decreasing observation effort, matched expected sightings",32,7,2004,"Solow_te_median","earlier_beta_1_2",1,-1,2006,1,1,FALSE,-1
"decreasing observation effort, matched expected sightings",32,7,2004,"Solow_te_median","later_beta_2_1",1,-1,2007,2,2,FALSE,-1
"decreasing observation effort, matched expected sightings",32,7,2004,"Effort_te_median","uniform",0.6,-1,2008,3,3,FALSE,-1
"decreasing observation effort, matched expected sightings",32,7,2004,"Effort_te_median","uniform",1,-1,2007,2,2,FALSE,-1
"decreasing observation effort, matched expected sightings",32,7,2004,"Effort_te_median","uniform",1.5,-1,2006,1,1,FALSE,-1
"decreasing observation effort, matched expected sightings",32,7,2004,"Effort_te_median","uniform",1.8,-1,2005,0,0,FALSE,-1
"decreasing observation effort, matched expected sightings",33,11,2003,"Solow","uniform",1,0.3,2012,7,7,FALSE,0.0381508818502361
"decreasing observation effort, matched expected sightings",33,11,2003,"Solow","earlier_beta_1_2",1,0.3,2014,9,9,FALSE,0.0518056751943147
"decreasing observation effort, matched expected sightings",33,11,2003,"Solow","later_beta_2_1",1,0.3,2011,6,6,FALSE,0.0301927596554064
"decreasing observation effort, matched expected sightings",33,11,2003,"Solow","uniform",1,0.4,2011,6,6,FALSE,0.0381508818502361
"decreasing observation effort, matched expected sightings",33,11,2003,"Solow","earlier_beta_1_2",1,0.4,2013,8,8,FALSE,0.0518056751943147
"decreasing observation effort, matched expected sightings",33,11,2003,"Solow","later_beta_2_1",1,0.4,2009,4,4,FALSE,0.0301927596554064
"decreasing observation effort, matched expected sightings",33,11,2003,"Solow","uniform",1,0.5,2010,5,5,FALSE,0.0381508818502361
"decreasing observation effort, matched expected sightings",33,11,2003,"Solow","earlier_beta_1_2",1,0.5,2012,7,7,FALSE,0.0518056751943147
"decreasing observation effort, matched expected sightings",33,11,2003,"Solow","later_beta_2_1",1,0.5,2008,3,3,FALSE,0.0301927596554064
"decreasing observation effort, matched expected sightings",33,11,2003,"Solow","uniform",1,0.6,2009,4,4,FALSE,0.0381508818502361
"decreasing observation effort, matched expected sightings",33,11,2003,"Solow","earlier_beta_1_2",1,0.6,2011,6,6,FALSE,0.0518056751943147
"decreasing observation effort, matched expected sightings",33,11,2003,"Solow","later_beta_2_1",1,0.6,2007,2,2,FALSE,0.0301927596554064
"decreasing observation effort, matched expected sightings",33,11,2003,"Effort_fixed_alpha","uniform",0.6,0.5,NA,NA,NA,TRUE,NA
"decreasing observation effort, matched expected sightings",33,11,2003,"Effort_fixed_alpha","uniform",0.8,0.5,NA,NA,NA,TRUE,NA
"decreasing observation effort, matched expected sightings",33,11,2003,"Effort_fixed_alpha","uniform",1,0.5,NA,NA,NA,TRUE,NA
"decreasing observation effort, matched expected sightings",33,11,2003,"Effort_fixed_alpha","uniform",1.2,0.5,NA,NA,NA,TRUE,NA
"decreasing observation effort, matched expected sightings",33,11,2003,"Effort_fixed_alpha","uniform",1.5,0.5,NA,NA,NA,TRUE,NA
"decreasing observation effort, matched expected sightings",33,11,2003,"Effort_fixed_alpha","uniform",1.8,0.5,NA,NA,NA,TRUE,NA
"decreasing observation effort, matched expected sightings",33,11,2003,"Solow_te_median","uniform",1,-1,2005,0,0,FALSE,-1
"decreasing observation effort, matched expected sightings",33,11,2003,"Solow_te_median","earlier_beta_1_2",1,-1,2004,-1,1,FALSE,-1
"decreasing observation effort, matched expected sightings",33,11,2003,"Solow_te_median","later_beta_2_1",1,-1,2005,0,0,FALSE,-1
"decreasing observation effort, matched expected sightings",33,11,2003,"Effort_te_median","uniform",0.6,-1,NA,NA,NA,TRUE,-1
"decreasing observation effort, matched expected sightings",33,11,2003,"Effort_te_median","uniform",1,-1,NA,NA,NA,TRUE,-1
"decreasing observation effort, matched expected sightings",33,11,2003,"Effort_te_median","uniform",1.5,-1,NA,NA,NA,TRUE,-1
"decreasing observation effort, matched expected sightings",33,11,2003,"Effort_te_median","uniform",1.8,-1,NA,NA,NA,TRUE,-1
"decreasing observation effort, matched expected sightings",34,7,1993,"Solow","uniform",1,0.3,2001,-4,4,FALSE,0.00702910480108032
"decreasing observation effort, matched expected sightings",34,7,1993,"Solow","earlier_beta_1_2",1,0.3,2002,-3,3,FALSE,0.00575990201104693
"decreasing observation effort, matched expected sightings",34,7,1993,"Solow","later_beta_2_1",1,0.3,2000,-5,5,FALSE,0.0090157351643926
"decreasing observation effort, matched expected sightings",34,7,1993,"Solow","uniform",1,0.4,2000,-5,5,FALSE,0.00702910480108032
"decreasing observation effort, matched expected sightings",34,7,1993,"Solow","earlier_beta_1_2",1,0.4,2001,-4,4,FALSE,0.00575990201104693
"decreasing observation effort, matched expected sightings",34,7,1993,"Solow","later_beta_2_1",1,0.4,1998,-7,7,FALSE,0.0090157351643926
"decreasing observation effort, matched expected sightings",34,7,1993,"Solow","uniform",1,0.5,1998,-7,7,FALSE,0.00702910480108032
"decreasing observation effort, matched expected sightings",34,7,1993,"Solow","earlier_beta_1_2",1,0.5,2000,-5,5,FALSE,0.00575990201104693
"decreasing observation effort, matched expected sightings",34,7,1993,"Solow","later_beta_2_1",1,0.5,1997,-8,8,FALSE,0.0090157351643926
"decreasing observation effort, matched expected sightings",34,7,1993,"Solow","uniform",1,0.6,1997,-8,8,FALSE,0.00702910480108032
"decreasing observation effort, matched expected sightings",34,7,1993,"Solow","earlier_beta_1_2",1,0.6,2000,-5,5,FALSE,0.00575990201104693
"decreasing observation effort, matched expected sightings",34,7,1993,"Solow","later_beta_2_1",1,0.6,1996,-9,9,FALSE,0.0090157351643926
"decreasing observation effort, matched expected sightings",34,7,1993,"Effort_fixed_alpha","uniform",0.6,0.5,NA,NA,NA,TRUE,NA
"decreasing observation effort, matched expected sightings",34,7,1993,"Effort_fixed_alpha","uniform",0.8,0.5,NA,NA,NA,TRUE,NA
"decreasing observation effort, matched expected sightings",34,7,1993,"Effort_fixed_alpha","uniform",1,0.5,NA,NA,NA,TRUE,NA
"decreasing observation effort, matched expected sightings",34,7,1993,"Effort_fixed_alpha","uniform",1.2,0.5,NA,NA,NA,TRUE,NA
"decreasing observation effort, matched expected sightings",34,7,1993,"Effort_fixed_alpha","uniform",1.5,0.5,NA,NA,NA,TRUE,NA
"decreasing observation effort, matched expected sightings",34,7,1993,"Effort_fixed_alpha","uniform",1.8,0.5,NA,NA,NA,TRUE,NA
"decreasing observation effort, matched expected sightings",34,7,1993,"Solow_te_median","uniform",1,-1,1995,-10,10,FALSE,-1
"decreasing observation effort, matched expected sightings",34,7,1993,"Solow_te_median","earlier_beta_1_2",1,-1,1994,-11,11,FALSE,-1
"decreasing observation effort, matched expected sightings",34,7,1993,"Solow_te_median","later_beta_2_1",1,-1,1995,-10,10,FALSE,-1
"decreasing observation effort, matched expected sightings",34,7,1993,"Effort_te_median","uniform",0.6,-1,NA,NA,NA,TRUE,-1
"decreasing observation effort, matched expected sightings",34,7,1993,"Effort_te_median","uniform",1,-1,NA,NA,NA,TRUE,-1
"decreasing observation effort, matched expected sightings",34,7,1993,"Effort_te_median","uniform",1.5,-1,NA,NA,NA,TRUE,-1
"decreasing observation effort, matched expected sightings",34,7,1993,"Effort_te_median","uniform",1.8,-1,NA,NA,NA,TRUE,-1
"decreasing observation effort, matched expected sightings",35,12,2004,"Solow","uniform",1,0.3,2013,8,8,FALSE,0.0385105256249653
"decreasing observation effort, matched expected sightings",35,12,2004,"Solow","earlier_beta_1_2",1,0.3,2015,10,10,FALSE,0.0553786201711259
"decreasing observation effort, matched expected sightings",35,12,2004,"Solow","later_beta_2_1",1,0.3,2011,6,6,FALSE,0.0295191245653289
"decreasing observation effort, matched expected sightings",35,12,2004,"Solow","uniform",1,0.4,2012,7,7,FALSE,0.0385105256249653
"decreasing observation effort, matched expected sightings",35,12,2004,"Solow","earlier_beta_1_2",1,0.4,2014,9,9,FALSE,0.0553786201711259
"decreasing observation effort, matched expected sightings",35,12,2004,"Solow","later_beta_2_1",1,0.4,2010,5,5,FALSE,0.0295191245653289
"decreasing observation effort, matched expected sightings",35,12,2004,"Solow","uniform",1,0.5,2011,6,6,FALSE,0.0385105256249653
"decreasing observation effort, matched expected sightings",35,12,2004,"Solow","earlier_beta_1_2",1,0.5,2013,8,8,FALSE,0.0553786201711259
"decreasing observation effort, matched expected sightings",35,12,2004,"Solow","later_beta_2_1",1,0.5,2009,4,4,FALSE,0.0295191245653289
"decreasing observation effort, matched expected sightings",35,12,2004,"Solow","uniform",1,0.6,2010,5,5,FALSE,0.0385105256249653
"decreasing observation effort, matched expected sightings",35,12,2004,"Solow","earlier_beta_1_2",1,0.6,2012,7,7,FALSE,0.0553786201711259
"decreasing observation effort, matched expected sightings",35,12,2004,"Solow","later_beta_2_1",1,0.6,2008,3,3,FALSE,0.0295191245653289
"decreasing observation effort, matched expected sightings",35,12,2004,"Effort_fixed_alpha","uniform",0.6,0.5,NA,NA,NA,TRUE,NA
"decreasing observation effort, matched expected sightings",35,12,2004,"Effort_fixed_alpha","uniform",0.8,0.5,NA,NA,NA,TRUE,NA
"decreasing observation effort, matched expected sightings",35,12,2004,"Effort_fixed_alpha","uniform",1,0.5,NA,NA,NA,TRUE,NA
"decreasing observation effort, matched expected sightings",35,12,2004,"Effort_fixed_alpha","uniform",1.2,0.5,NA,NA,NA,TRUE,NA
"decreasing observation effort, matched expected sightings",35,12,2004,"Effort_fixed_alpha","uniform",1.5,0.5,NA,NA,NA,TRUE,NA
"decreasing observation effort, matched expected sightings",35,12,2004,"Effort_fixed_alpha","uniform",1.8,0.5,NA,NA,NA,TRUE,NA
"decreasing observation effort, matched expected sightings",35,12,2004,"Solow_te_median","uniform",1,-1,2006,1,1,FALSE,-1
"decreasing observation effort, matched expected sightings",35,12,2004,"Solow_te_median","earlier_beta_1_2",1,-1,2005,0,0,FALSE,-1
"decreasing observation effort, matched expected sightings",35,12,2004,"Solow_te_median","later_beta_2_1",1,-1,2006,1,1,FALSE,-1
"decreasing observation effort, matched expected sightings",35,12,2004,"Effort_te_median","uniform",0.6,-1,NA,NA,NA,TRUE,-1
"decreasing observation effort, matched expected sightings",35,12,2004,"Effort_te_median","uniform",1,-1,NA,NA,NA,TRUE,-1
"decreasing observation effort, matched expected sightings",35,12,2004,"Effort_te_median","uniform",1.5,-1,NA,NA,NA,TRUE,-1
"decreasing observation effort, matched expected sightings",35,12,2004,"Effort_te_median","uniform",1.8,-1,NA,NA,NA,TRUE,-1
"decreasing observation effort, matched expected sightings",36,10,2002,"Solow","uniform",1,0.3,2012,7,7,FALSE,0.0399754851479493
"decreasing observation effort, matched expected sightings",36,10,2002,"Solow","earlier_beta_1_2",1,0.3,2014,9,9,FALSE,0.0514821981657603
"decreasing observation effort, matched expected sightings",36,10,2002,"Solow","later_beta_2_1",1,0.3,2010,5,5,FALSE,0.0326728277960123
"decreasing observation effort, matched expected sightings",36,10,2002,"Solow","uniform",1,0.4,2010,5,5,FALSE,0.0399754851479493
"decreasing observation effort, matched expected sightings",36,10,2002,"Solow","earlier_beta_1_2",1,0.4,2013,8,8,FALSE,0.0514821981657603
"decreasing observation effort, matched expected sightings",36,10,2002,"Solow","later_beta_2_1",1,0.4,2009,4,4,FALSE,0.0326728277960123
"decreasing observation effort, matched expected sightings",36,10,2002,"Solow","uniform",1,0.5,2009,4,4,FALSE,0.0399754851479493
"decreasing observation effort, matched expected sightings",36,10,2002,"Solow","earlier_beta_1_2",1,0.5,2011,6,6,FALSE,0.0514821981657603
"decreasing observation effort, matched expected sightings",36,10,2002,"Solow","later_beta_2_1",1,0.5,2007,2,2,FALSE,0.0326728277960123
"decreasing observation effort, matched expected sightings",36,10,2002,"Solow","uniform",1,0.6,2008,3,3,FALSE,0.0399754851479493
"decreasing observation effort, matched expected sightings",36,10,2002,"Solow","earlier_beta_1_2",1,0.6,2011,6,6,FALSE,0.0514821981657603
"decreasing observation effort, matched expected sightings",36,10,2002,"Solow","later_beta_2_1",1,0.6,2006,1,1,FALSE,0.0326728277960123
"decreasing observation effort, matched expected sightings",36,10,2002,"Effort_fixed_alpha","uniform",0.6,0.5,NA,NA,NA,TRUE,NA
"decreasing observation effort, matched expected sightings",36,10,2002,"Effort_fixed_alpha","uniform",0.8,0.5,NA,NA,NA,TRUE,NA
"decreasing observation effort, matched expected sightings",36,10,2002,"Effort_fixed_alpha","uniform",1,0.5,NA,NA,NA,TRUE,NA
"decreasing observation effort, matched expected sightings",36,10,2002,"Effort_fixed_alpha","uniform",1.2,0.5,NA,NA,NA,TRUE,NA
"decreasing observation effort, matched expected sightings",36,10,2002,"Effort_fixed_alpha","uniform",1.5,0.5,NA,NA,NA,TRUE,NA
"decreasing observation effort, matched expected sightings",36,10,2002,"Effort_fixed_alpha","uniform",1.8,0.5,NA,NA,NA,TRUE,NA
"decreasing observation effort, matched expected sightings",36,10,2002,"Solow_te_median","uniform",1,-1,2004,-1,1,FALSE,-1
"decreasing observation effort, matched expected sightings",36,10,2002,"Solow_te_median","earlier_beta_1_2",1,-1,2003,-2,2,FALSE,-1
"decreasing observation effort, matched expected sightings",36,10,2002,"Solow_te_median","later_beta_2_1",1,-1,2004,-1,1,FALSE,-1
"decreasing observation effort, matched expected sightings",36,10,2002,"Effort_te_median","uniform",0.6,-1,NA,NA,NA,TRUE,-1
"decreasing observation effort, matched expected sightings",36,10,2002,"Effort_te_median","uniform",1,-1,NA,NA,NA,TRUE,-1
"decreasing observation effort, matched expected sightings",36,10,2002,"Effort_te_median","uniform",1.5,-1,NA,NA,NA,TRUE,-1
"decreasing observation effort, matched expected sightings",36,10,2002,"Effort_te_median","uniform",1.8,-1,NA,NA,NA,TRUE,-1
"decreasing observation effort, matched expected sightings",37,10,2000,"Solow","uniform",1,0.3,2009,4,4,FALSE,0.0173076923078262
"decreasing observation effort, matched expected sightings",37,10,2000,"Solow","earlier_beta_1_2",1,0.3,2011,6,6,FALSE,0.0196828868236567
"decreasing observation effort, matched expected sightings",37,10,2000,"Solow","later_beta_2_1",1,0.3,2007,2,2,FALSE,0.0154440154440711
"decreasing observation effort, matched expected sightings",37,10,2000,"Solow","uniform",1,0.4,2007,2,2,FALSE,0.0173076923078262
"decreasing observation effort, matched expected sightings",37,10,2000,"Solow","earlier_beta_1_2",1,0.4,2010,5,5,FALSE,0.0196828868236567
"decreasing observation effort, matched expected sightings",37,10,2000,"Solow","later_beta_2_1",1,0.4,2006,1,1,FALSE,0.0154440154440711
"decreasing observation effort, matched expected sightings",37,10,2000,"Solow","uniform",1,0.5,2006,1,1,FALSE,0.0173076923078262
"decreasing observation effort, matched expected sightings",37,10,2000,"Solow","earlier_beta_1_2",1,0.5,2009,4,4,FALSE,0.0196828868236567
"decreasing observation effort, matched expected sightings",37,10,2000,"Solow","later_beta_2_1",1,0.5,2005,0,0,FALSE,0.0154440154440711
"decreasing observation effort, matched expected sightings",37,10,2000,"Solow","uniform",1,0.6,2005,0,0,FALSE,0.0173076923078262
"decreasing observation effort, matched expected sightings",37,10,2000,"Solow","earlier_beta_1_2",1,0.6,2008,3,3,FALSE,0.0196828868236567
"decreasing observation effort, matched expected sightings",37,10,2000,"Solow","later_beta_2_1",1,0.6,2004,-1,1,FALSE,0.0154440154440711
"decreasing observation effort, matched expected sightings",37,10,2000,"Effort_fixed_alpha","uniform",0.6,0.5,NA,NA,NA,TRUE,NA
"decreasing observation effort, matched expected sightings",37,10,2000,"Effort_fixed_alpha","uniform",0.8,0.5,NA,NA,NA,TRUE,NA
"decreasing observation effort, matched expected sightings",37,10,2000,"Effort_fixed_alpha","uniform",1,0.5,NA,NA,NA,TRUE,NA
"decreasing observation effort, matched expected sightings",37,10,2000,"Effort_fixed_alpha","uniform",1.2,0.5,NA,NA,NA,TRUE,NA
"decreasing observation effort, matched expected sightings",37,10,2000,"Effort_fixed_alpha","uniform",1.5,0.5,NA,NA,NA,TRUE,NA
"decreasing observation effort, matched expected sightings",37,10,2000,"Effort_fixed_alpha","uniform",1.8,0.5,NA,NA,NA,TRUE,NA
"decreasing observation effort, matched expected sightings",37,10,2000,"Solow_te_median","uniform",1,-1,2002,-3,3,FALSE,-1
"decreasing observation effort, matched expected sightings",37,10,2000,"Solow_te_median","earlier_beta_1_2",1,-1,2001,-4,4,FALSE,-1
"decreasing observation effort, matched expected sightings",37,10,2000,"Solow_te_median","later_beta_2_1",1,-1,2002,-3,3,FALSE,-1
"decreasing observation effort, matched expected sightings",37,10,2000,"Effort_te_median","uniform",0.6,-1,NA,NA,NA,TRUE,-1
"decreasing observation effort, matched expected sightings",37,10,2000,"Effort_te_median","uniform",1,-1,NA,NA,NA,TRUE,-1
"decreasing observation effort, matched expected sightings",37,10,2000,"Effort_te_median","uniform",1.5,-1,NA,NA,NA,TRUE,-1
"decreasing observation effort, matched expected sightings",37,10,2000,"Effort_te_median","uniform",1.8,-1,NA,NA,NA,TRUE,-1
"decreasing observation effort, matched expected sightings",38,7,2001,"Solow","uniform",1,0.3,2013,8,8,FALSE,0.113727290695148
"decreasing observation effort, matched expected sightings",38,7,2001,"Solow","earlier_beta_1_2",1,0.3,2016,11,11,FALSE,0.143744383776925
"decreasing observation effort, matched expected sightings",38,7,2001,"Solow","later_beta_2_1",1,0.3,2011,6,6,FALSE,0.0940810334668524
"decreasing observation effort, matched expected sightings",38,7,2001,"Solow","uniform",1,0.4,2011,6,6,FALSE,0.113727290695148
"decreasing observation effort, matched expected sightings",38,7,2001,"Solow","earlier_beta_1_2",1,0.4,2014,9,9,FALSE,0.143744383776925
"decreasing observation effort, matched expected sightings",38,7,2001,"Solow","later_beta_2_1",1,0.4,2009,4,4,FALSE,0.0940810334668524
"decreasing observation effort, matched expected sightings",38,7,2001,"Solow","uniform",1,0.5,2010,5,5,FALSE,0.113727290695148
"decreasing observation effort, matched expected sightings",38,7,2001,"Solow","earlier_beta_1_2",1,0.5,2013,8,8,FALSE,0.143744383776925
"decreasing observation effort, matched expected sightings",38,7,2001,"Solow","later_beta_2_1",1,0.5,2007,2,2,FALSE,0.0940810334668524
"decreasing observation effort, matched expected sightings",38,7,2001,"Solow","uniform",1,0.6,2008,3,3,FALSE,0.113727290695148
"decreasing observation effort, matched expected sightings",38,7,2001,"Solow","earlier_beta_1_2",1,0.6,2011,6,6,FALSE,0.143744383776925
"decreasing observation effort, matched expected sightings",38,7,2001,"Solow","later_beta_2_1",1,0.6,2006,1,1,FALSE,0.0940810334668524
"decreasing observation effort, matched expected sightings",38,7,2001,"Effort_fixed_alpha","uniform",0.6,0.5,NA,NA,NA,TRUE,NA
"decreasing observation effort, matched expected sightings",38,7,2001,"Effort_fixed_alpha","uniform",0.8,0.5,NA,NA,NA,TRUE,NA
"decreasing observation effort, matched expected sightings",38,7,2001,"Effort_fixed_alpha","uniform",1,0.5,NA,NA,NA,TRUE,NA
"decreasing observation effort, matched expected sightings",38,7,2001,"Effort_fixed_alpha","uniform",1.2,0.5,NA,NA,NA,TRUE,NA
"decreasing observation effort, matched expected sightings",38,7,2001,"Effort_fixed_alpha","uniform",1.5,0.5,NA,NA,NA,TRUE,NA
"decreasing observation effort, matched expected sightings",38,7,2001,"Effort_fixed_alpha","uniform",1.8,0.5,NA,NA,NA,TRUE,NA
"decreasing observation effort, matched expected sightings",38,7,2001,"Solow_te_median","uniform",1,-1,2003,-2,2,FALSE,-1
"decreasing observation effort, matched expected sightings",38,7,2001,"Solow_te_median","earlier_beta_1_2",1,-1,2003,-2,2,FALSE,-1
"decreasing observation effort, matched expected sightings",38,7,2001,"Solow_te_median","later_beta_2_1",1,-1,2004,-1,1,FALSE,-1
"decreasing observation effort, matched expected sightings",38,7,2001,"Effort_te_median","uniform",0.6,-1,NA,NA,NA,TRUE,-1
"decreasing observation effort, matched expected sightings",38,7,2001,"Effort_te_median","uniform",1,-1,NA,NA,NA,TRUE,-1
"decreasing observation effort, matched expected sightings",38,7,2001,"Effort_te_median","uniform",1.5,-1,NA,NA,NA,TRUE,-1
"decreasing observation effort, matched expected sightings",38,7,2001,"Effort_te_median","uniform",1.8,-1,NA,NA,NA,TRUE,-1
"decreasing observation effort, matched expected sightings",39,7,2004,"Solow","uniform",1,0.3,2018,13,13,FALSE,0.226984950579949
"decreasing observation effort, matched expected sightings",39,7,2004,"Solow","earlier_beta_1_2",1,0.3,NA,NA,NA,TRUE,0.32603834323064
"decreasing observation effort, matched expected sightings",39,7,2004,"Solow","later_beta_2_1",1,0.3,2016,11,11,FALSE,0.174093709612918
"decreasing observation effort, matched expected sightings",39,7,2004,"Solow","uniform",1,0.4,2016,11,11,FALSE,0.226984950579949
"decreasing observation effort, matched expected sightings",39,7,2004,"Solow","earlier_beta_1_2",1,0.4,2019,14,14,FALSE,0.32603834323064
"decreasing observation effort, matched expected sightings",39,7,2004,"Solow","later_beta_2_1",1,0.4,2013,8,8,FALSE,0.174093709612918
"decreasing observation effort, matched expected sightings",39,7,2004,"Solow","uniform",1,0.5,2014,9,9,FALSE,0.226984950579949
"decreasing observation effort, matched expected sightings",39,7,2004,"Solow","earlier_beta_1_2",1,0.5,2017,12,12,FALSE,0.32603834323064
"decreasing observation effort, matched expected sightings",39,7,2004,"Solow","later_beta_2_1",1,0.5,2011,6,6,FALSE,0.174093709612918
"decreasing observation effort, matched expected sightings",39,7,2004,"Solow","uniform",1,0.6,2012,7,7,FALSE,0.226984950579949
"decreasing observation effort, matched expected sightings",39,7,2004,"Solow","earlier_beta_1_2",1,0.6,2016,11,11,FALSE,0.32603834323064
"decreasing observation effort, matched expected sightings",39,7,2004,"Solow","later_beta_2_1",1,0.6,2010,5,5,FALSE,0.174093709612918
"decreasing observation effort, matched expected sightings",39,7,2004,"Effort_fixed_alpha","uniform",0.6,0.5,NA,NA,NA,TRUE,NA
"decreasing observation effort, matched expected sightings",39,7,2004,"Effort_fixed_alpha","uniform",0.8,0.5,NA,NA,NA,TRUE,NA
"decreasing observation effort, matched expected sightings",39,7,2004,"Effort_fixed_alpha","uniform",1,0.5,NA,NA,NA,TRUE,NA
"decreasing observation effort, matched expected sightings",39,7,2004,"Effort_fixed_alpha","uniform",1.2,0.5,NA,NA,NA,TRUE,NA
"decreasing observation effort, matched expected sightings",39,7,2004,"Effort_fixed_alpha","uniform",1.5,0.5,NA,NA,NA,TRUE,NA
"decreasing observation effort, matched expected sightings",39,7,2004,"Effort_fixed_alpha","uniform",1.8,0.5,NA,NA,NA,TRUE,NA
"decreasing observation effort, matched expected sightings",39,7,2004,"Solow_te_median","uniform",1,-1,2007,2,2,FALSE,-1
"decreasing observation effort, matched expected sightings",39,7,2004,"Solow_te_median","earlier_beta_1_2",1,-1,2006,1,1,FALSE,-1
"decreasing observation effort, matched expected sightings",39,7,2004,"Solow_te_median","later_beta_2_1",1,-1,2007,2,2,FALSE,-1
"decreasing observation effort, matched expected sightings",39,7,2004,"Effort_te_median","uniform",0.6,-1,NA,NA,NA,TRUE,-1
"decreasing observation effort, matched expected sightings",39,7,2004,"Effort_te_median","uniform",1,-1,NA,NA,NA,TRUE,-1
"decreasing observation effort, matched expected sightings",39,7,2004,"Effort_te_median","uniform",1.5,-1,NA,NA,NA,TRUE,-1
"decreasing observation effort, matched expected sightings",39,7,2004,"Effort_te_median","uniform",1.8,-1,NA,NA,NA,TRUE,-1
"decreasing observation effort, matched expected sightings",40,7,1999,"Solow","uniform",1,0.3,2010,5,5,FALSE,0.0651720930940992
"decreasing observation effort, matched expected sightings",40,7,1999,"Solow","earlier_beta_1_2",1,0.3,2013,8,8,FALSE,0.0738234455028653
"decreasing observation effort, matched expected sightings",40,7,1999,"Solow","later_beta_2_1",1,0.3,2008,3,3,FALSE,0.0583357411556794
"decreasing observation effort, matched expected sightings",40,7,1999,"Solow","uniform",1,0.4,2008,3,3,FALSE,0.0651720930940992
"decreasing observation effort, matched expected sightings",40,7,1999,"Solow","earlier_beta_1_2",1,0.4,2011,6,6,FALSE,0.0738234455028653
"decreasing observation effort, matched expected sightings",40,7,1999,"Solow","later_beta_2_1",1,0.4,2006,1,1,FALSE,0.0583357411556794
"decreasing observation effort, matched expected sightings",40,7,1999,"Solow","uniform",1,0.5,2007,2,2,FALSE,0.0651720930940992
"decreasing observation effort, matched expected sightings",40,7,1999,"Solow","earlier_beta_1_2",1,0.5,2010,5,5,FALSE,0.0738234455028653
"decreasing observation effort, matched expected sightings",40,7,1999,"Solow","later_beta_2_1",1,0.5,2005,0,0,FALSE,0.0583357411556794
"decreasing observation effort, matched expected sightings",40,7,1999,"Solow","uniform",1,0.6,2005,0,0,FALSE,0.0651720930940992
"decreasing observation effort, matched expected sightings",40,7,1999,"Solow","earlier_beta_1_2",1,0.6,2008,3,3,FALSE,0.0738234455028653
"decreasing observation effort, matched expected sightings",40,7,1999,"Solow","later_beta_2_1",1,0.6,2004,-1,1,FALSE,0.0583357411556794
"decreasing observation effort, matched expected sightings",40,7,1999,"Effort_fixed_alpha","uniform",0.6,0.5,2010,5,5,FALSE,0.245609671378842
"decreasing observation effort, matched expected sightings",40,7,1999,"Effort_fixed_alpha","uniform",0.8,0.5,2008,3,3,FALSE,0.134091159093489
"decreasing observation effort, matched expected sightings",40,7,1999,"Effort_fixed_alpha","uniform",1,0.5,2007,2,2,FALSE,0.0651720930953552
"decreasing observation effort, matched expected sightings",40,7,1999,"Effort_fixed_alpha","uniform",1.2,0.5,2006,1,1,FALSE,0.0292178982037651
"decreasing observation effort, matched expected sightings",40,7,1999,"Effort_fixed_alpha","uniform",1.5,0.5,2005,0,0,FALSE,0.00800188573528493
"decreasing observation effort, matched expected sightings",40,7,1999,"Effort_fixed_alpha","uniform",1.8,0.5,2004,-1,1,FALSE,0.00205724806593312
"decreasing observation effort, matched expected sightings",40,7,1999,"Solow_te_median","uniform",1,-1,2001,-4,4,FALSE,-1
"decreasing observation effort, matched expected sightings",40,7,1999,"Solow_te_median","earlier_beta_1_2",1,-1,2001,-4,4,FALSE,-1
"decreasing observation effort, matched expected sightings",40,7,1999,"Solow_te_median","later_beta_2_1",1,-1,2002,-3,3,FALSE,-1
"decreasing observation effort, matched expected sightings",40,7,1999,"Effort_te_median","uniform",0.6,-1,2003,-2,2,FALSE,-1
"decreasing observation effort, matched expected sightings",40,7,1999,"Effort_te_median","uniform",1,-1,2001,-4,4,FALSE,-1
"decreasing observation effort, matched expected sightings",40,7,1999,"Effort_te_median","uniform",1.5,-1,2000,-5,5,FALSE,-1
"decreasing observation effort, matched expected sightings",40,7,1999,"Effort_te_median","uniform",1.8,-1,2000,-5,5,FALSE,-1
